year,champion,presence,net,class,pres_pct
2016,Aatrox,0.0018281535648994515,0.0,untouched,0.1975806451612903
2016,Ahri,0.010359536867763558,0.0,untouched,0.3951612903225806
2016,Akali,0.0006093845216331506,0.0,untouched,0.08064516129032258
2016,Alistar,0.25594149908592323,0.0,untouched,0.8145161290322581
2016,Amumu,0.0030469226081657527,0.0,untouched,0.25
2016,Anivia,0.07495429616087751,0.0,untouched,0.6370967741935484
2016,Annie,0.0006093845216331506,0.0,untouched,0.08064516129032258
2016,Ashe,0.41316270566727603,-3.0,nerfed,0.9112903225806451
2016,Aurelion Sol,0.056063375990249846,0.0,untouched,0.5967741935483871
2016,Azir,0.3656307129798903,-2.0,nerfed,0.8548387096774194
2016,Bard,0.37416209628275443,0.0,untouched,0.8790322580645161
2016,Blitzcrank,0.004875076173065204,-2.0,nerfed,0.3024193548387097
2016,Brand,0.014625228519195612,0.0,untouched,0.45161290322580644
2016,Braum,0.6063375990249847,-2.0,nerfed,0.9516129032258065
2016,Caitlyn,0.09689213893967093,0.0,untouched,0.6774193548387096
2016,Cassiopeia,0.23461304082876294,0.0,untouched,0.782258064516129
2016,Cho'Gath,0.0006093845216331506,0.0,untouched,0.08064516129032258
2016,Corki,0.005484460694698354,2.0,buffed,0.32661290322580644
2016,Darius,0.0006093845216331506,0.0,untouched,0.08064516129032258
2016,Diana,0.005484460694698354,1.0,buffed,0.32661290322580644
2016,Draven,0.010968921389396709,1.0,buffed,0.40725806451612906
2016,Ekko,0.21633150517976843,-1.0,nerfed,0.7741935483870968
2016,Elise,0.3857404021937843,0.0,untouched,0.9032258064516129
2016,Evelynn,0.004875076173065204,1.0,buffed,0.3024193548387097
2016,Ezreal,0.2352224253503961,1.0,buffed,0.7943548387096774
2016,Fiddlesticks,0.0006093845216331506,0.0,untouched,0.08064516129032258
2016,Fiora,0.08957952468007313,2.0,buffed,0.6612903225806451
2016,Fizz,0.018281535648994516,0.0,untouched,0.5120967741935484
2016,Galio,0.0006093845216331506,0.0,untouched,0.08064516129032258
2016,Gangplank,0.3662400975015235,-3.0,nerfed,0.8629032258064516
2016,Gnar,0.43753808653260207,0.0,untouched,0.9193548387096774
2016,Gragas,0.5886654478976234,-3.0,nerfed,0.9435483870967742
2016,Graves,0.20597196831200487,0.0,untouched,0.7661290322580645
2016,Hecarim,0.3705057891529555,-2.0,nerfed,0.8709677419354839
2016,Heimerdinger,0.0006093845216331506,0.0,untouched,0.08064516129032258
2016,Illaoi,0.029250457038391225,-2.0,nerfed,0.5483870967741935
2016,Irelia,0.3449116392443632,0.0,untouched,0.8387096774193549
2016,Janna,0.02681291895185862,0.0,untouched,0.5362903225806451
2016,Jarvan IV,0.010968921389396709,2.0,buffed,0.40725806451612906
2016,Jax,0.06825106642291286,0.0,untouched,0.6129032258064516
2016,Jayce,0.001218769043266301,2.0,buffed,0.17338709677419356
2016,Jhin,0.514320536258379,-2.0,nerfed,0.9354838709677419
2016,Jinx,0.01157830591102986,1.0,buffed,0.42338709677419356
2016,Kalista,0.043266301035953685,0.0,untouched,0.5725806451612904
2016,Karma,0.6727605118829981,-2.0,nerfed,0.9758064516129032
2016,Karthus,0.002437538086532602,0.0,untouched,0.2217741935483871
2016,Kassadin,0.14990859232175502,2.0,buffed,0.7338709677419355
2016,Katarina,0.0006093845216331506,0.0,untouched,0.08064516129032258
2016,Kayle,0.0006093845216331506,0.0,untouched,0.08064516129032258
2016,Kennen,0.017062766605728214,0.0,untouched,0.4879032258064516
2016,Kha'Zix,0.017062766605728214,0.0,untouched,0.4879032258064516
2016,Kindred,0.08409506398537477,-2.0,nerfed,0.6532258064516129
2016,Kog'Maw,0.05850091407678245,0.0,untouched,0.6048387096774194
2016,LeBlanc,0.24314442413162707,0.0,untouched,0.8064516129032258
2016,Lee Sin,0.05362583790371724,2.0,buffed,0.5887096774193549
2016,Leona,0.015843997562461912,2.0,buffed,0.46774193548387094
2016,Lissandra,0.17428397318708105,-1.0,nerfed,0.7580645161290323
2016,Lucian,0.32602071907373553,0.0,untouched,0.8306451612903226
2016,Lulu,0.015234613040828763,5.0,buffed,0.4596774193548387
2016,Lux,0.001218769043266301,0.0,untouched,0.17338709677419356
2016,Malphite,0.0042656916514320535,2.0,buffed,0.27419354838709675
2016,Malzahar,0.3583180987202925,-4.0,nerfed,0.8467741935483871
2016,Maokai,0.1425959780621572,0.0,untouched,0.7258064516129032
2016,Master Yi,0.002437538086532602,0.0,untouched,0.2217741935483871
2016,Miss Fortune,0.0018281535648994515,1.0,buffed,0.1975806451612903
2016,Mordekaiser,0.007312614259597806,1.0,buffed,0.36693548387096775
2016,Morgana,0.03595368677635588,1.0,buffed,0.5564516129032258
2016,Nami,0.10420475319926874,0.0,untouched,0.6854838709677419
2016,Nautilus,0.016453382084095063,2.0,buffed,0.47580645161290325
2016,Nidalee,0.48141377209018893,1.0,buffed,0.9274193548387096
2016,Nocturne,0.0006093845216331506,1.0,buffed,0.08064516129032258
2016,Nunu & Willump,0.001218769043266301,0.0,untouched,0.17338709677419356
2016,Olaf,0.10968921389396709,0.0,untouched,0.6935483870967742
2016,Orianna,0.0042656916514320535,1.0,buffed,0.27419354838709675
2016,Pantheon,0.0030469226081657527,0.0,untouched,0.25
2016,Poppy,0.039609993906154786,2.0,buffed,0.5645161290322581
2016,Rammus,0.0006093845216331506,0.0,untouched,0.08064516129032258
2016,Rek'Sai,0.7659963436928702,-6.0,nerfed,0.9919354838709677
2016,Renekton,0.012797074954296161,2.0,buffed,0.43548387096774194
2016,Rengar,0.0030469226081657527,0.0,untouched,0.25
2016,Riven,0.006093845216331505,2.0,buffed,0.34274193548387094
2016,Rumble,0.1182205971968312,0.0,untouched,0.7096774193548387
2016,Ryze,0.376599634369287,2.0,buffed,0.8870967741935484
2016,Sejuani,0.004875076173065204,0.0,untouched,0.3024193548387097
2016,Shaco,0.0006093845216331506,0.0,untouched,0.08064516129032258
2016,Shen,0.635588056063376,-3.0,nerfed,0.967741935483871
2016,Shyvana,0.0006093845216331506,-1.0,nerfed,0.08064516129032258
2016,Singed,0.0006093845216331506,0.0,untouched,0.08064516129032258
2016,Sion,0.006093845216331505,0.0,untouched,0.34274193548387094
2016,Sivir,0.7014015843997562,-2.0,nerfed,0.9838709677419355
2016,Skarner,0.004875076173065204,0.0,untouched,0.3024193548387097
2016,Sona,0.01157830591102986,-1.0,nerfed,0.42338709677419356
2016,Soraka,0.04753199268738574,0.0,untouched,0.5806451612903226
2016,Swain,0.12736136502132847,-2.0,nerfed,0.717741935483871
2016,Syndra,0.07007921998781232,1.0,buffed,0.6290322580645161
2016,Tahm Kench,0.2352224253503961,3.0,buffed,0.7943548387096774
2016,Taliyah,0.26142595978062155,-5.0,nerfed,0.8225806451612904
2016,Talon,0.0006093845216331506,0.0,untouched,0.08064516129032258
2016,Taric,0.09384521633150518,0.0,untouched,0.6693548387096774
2016,Teemo,0.002437538086532602,0.0,untouched,0.2217741935483871
2016,Thresh,0.170018281535649,2.0,buffed,0.75
2016,Tristana,0.024984765386959172,0.0,untouched,0.5241935483870968
2016,Trundle,0.6130408287629494,-3.0,nerfed,0.9596774193548387
2016,Twisted Fate,0.1505179768433882,1.0,buffed,0.7419354838709677
2016,Twitch,0.06946983546617916,0.0,untouched,0.6209677419354839
2016,Udyr,0.0006093845216331506,0.0,untouched,0.08064516129032258
2016,Urgot,0.002437538086532602,0.0,untouched,0.2217741935483871
2016,Varus,0.11151736745886655,0.0,untouched,0.7016129032258065
2016,Vayne,0.007312614259597806,3.0,buffed,0.36693548387096775
2016,Veigar,0.017672151127361365,1.0,buffed,0.5
2016,Vel'Koz,0.009750152346130409,0.0,untouched,0.3870967741935484
2016,Viktor,0.3772090188909202,-3.0,nerfed,0.8951612903225806
2016,Vladimir,0.8598415600243754,-6.0,nerfed,1.0
2016,Volibear,0.0006093845216331506,-2.0,nerfed,0.08064516129032258
2016,Wukong,0.0006093845216331506,0.0,untouched,0.08064516129032258
2016,Xerath,0.007312614259597806,0.0,untouched,0.36693548387096775
2016,Xin Zhao,0.0006093845216331506,0.0,untouched,0.08064516129032258
2016,Yasuo,0.01340645947592931,-2.0,nerfed,0.4435483870967742
2016,Yorick,0.001218769043266301,0.0,untouched,0.17338709677419356
2016,Zac,0.007312614259597806,0.0,untouched,0.36693548387096775
2016,Zed,0.018281535648994516,0.0,untouched,0.5120967741935484
2016,Ziggs,0.0042656916514320535,-1.0,nerfed,0.27419354838709675
2016,Zilean,0.08348567946374162,0.0,untouched,0.6451612903225806
2016,Zyra,0.02681291895185862,-1.0,nerfed,0.5362903225806451
2017,Aatrox,0.002201673271686482,-1.0,nerfed,0.16541353383458646
2017,Ahri,0.03786878027300748,0.0,untouched,0.5451127819548872
2017,Akali,0.005284015852047556,0.0,untouched,0.2932330827067669
2017,Alistar,0.2677234698370762,0.0,untouched,0.7593984962406015
2017,Amumu,0.00044033465433729633,0.0,untouched,0.03383458646616541
2017,Anivia,0.019374724790841038,0.0,untouched,0.44360902255639095
2017,Annie,0.00044033465433729633,0.0,untouched,0.03383458646616541
2017,Ashe,0.22016732716864817,0.0,untouched,0.7218045112781954
2017,Aurelion Sol,0.04447380008806693,0.0,untouched,0.5639097744360902
2017,Azir,0.014090708938793483,1.0,buffed,0.40601503759398494
2017,Bard,0.09291061206516953,0.0,untouched,0.6240601503759399
2017,Blitzcrank,0.16248348745046234,0.0,untouched,0.6766917293233082
2017,Brand,0.019815059445178335,0.0,untouched,0.45112781954887216
2017,Braum,0.5495376486129459,0.0,untouched,0.9323308270676691
2017,Caitlyn,0.7701453104359313,-2.0,nerfed,0.9774436090225563
2017,Camille,0.26992514310876264,0.0,untouched,0.7669172932330827
2017,Cassiopeia,0.41743725231175693,-2.0,nerfed,0.8872180451127819
2017,Cho'Gath,0.3271686481726112,0.0,untouched,0.8120300751879699
2017,Corki,0.37296345222369,-1.0,nerfed,0.8571428571428571
2017,Darius,0.002201673271686482,0.0,untouched,0.16541353383458646
2017,Diana,0.001321003963011889,0.0,untouched,0.10150375939849623
2017,Dr. Mundo,0.005724350506384853,0.0,untouched,0.30451127819548873
2017,Draven,0.015852047556142668,-2.0,nerfed,0.41729323308270677
2017,Ekko,0.046235138705416116,0.0,untouched,0.5714285714285714
2017,Elise,0.8221047996477323,-2.0,nerfed,0.9924812030075187
2017,Evelynn,0.0017613386173491853,0.0,untouched,0.12406015037593984
2017,Ezreal,0.0035226772346983706,1.0,buffed,0.24812030075187969
2017,Fiddlesticks,0.0008806693086745927,0.0,untouched,0.07894736842105263
2017,Fiora,0.2562747688243065,3.0,buffed,0.7368421052631579
2017,Fizz,0.015852047556142668,1.0,buffed,0.41729323308270677
2017,Galio,0.6367239101717305,-2.0,nerfed,0.9548872180451128
2017,Gangplank,0.007045354469396741,0.0,untouched,0.33458646616541354
2017,Garen,0.0008806693086745927,0.0,untouched,0.07894736842105263
2017,Gnar,0.3575517393218846,-1.0,nerfed,0.8345864661654135
2017,Gragas,0.6935270805812418,-2.0,nerfed,0.9699248120300752
2017,Graves,0.03478643769264641,0.0,untouched,0.5263157894736842
2017,Hecarim,0.0035226772346983706,1.0,buffed,0.24812030075187969
2017,Heimerdinger,0.005724350506384853,0.0,untouched,0.30451127819548873
2017,Illaoi,0.010127697049757816,0.0,untouched,0.38345864661654133
2017,Irelia,0.009687362395420519,0.0,untouched,0.37218045112781956
2017,Ivern,0.029942756494936152,1.0,buffed,0.49624060150375937
2017,Janna,0.14046675473359754,0.0,untouched,0.6466165413533834
2017,Jarvan IV,0.5671510347864377,-1.0,nerfed,0.9398496240601504
2017,Jax,0.1668868339938353,1.0,buffed,0.6842105263157895
2017,Jayce,0.32056362835755176,1.0,buffed,0.8045112781954887
2017,Jhin,0.18185821224130339,0.0,untouched,0.6992481203007519
2017,Jinx,0.02025539409951563,0.0,untouched,0.45864661654135336
2017,Kalista,0.6675473359753412,-2.0,nerfed,0.9624060150375939
2017,Karma,0.1787758696609423,0.0,untouched,0.6917293233082706
2017,Karthus,0.0035226772346983706,0.0,untouched,0.24812030075187969
2017,Kassadin,0.2760898282694848,0.0,untouched,0.7744360902255639
2017,Katarina,0.01673271686481726,0.0,untouched,0.4323308270676692
2017,Kayle,0.002201673271686482,0.0,untouched,0.16541353383458646
2017,Kayn,0.03786878027300748,0.0,untouched,0.5451127819548872
2017,Kennen,0.26023778071334214,0.0,untouched,0.7443609022556391
2017,Kha'Zix,0.18538088947600176,0.0,untouched,0.706766917293233
2017,Kindred,0.001321003963011889,0.0,untouched,0.10150375939849623
2017,Kled,0.1576398062527521,0.0,untouched,0.6691729323308271
2017,Kog'Maw,0.29678555702333775,0.0,untouched,0.7969924812030075
2017,LeBlanc,0.47732276530162926,-1.0,nerfed,0.9022556390977443
2017,Lee Sin,0.2399823866138265,1.0,buffed,0.7293233082706767
2017,Leona,0.002201673271686482,2.0,buffed,0.16541353383458646
2017,Lissandra,0.002201673271686482,0.0,untouched,0.16541353383458646
2017,Lucian,0.2769704975781594,-1.0,nerfed,0.7819548872180451
2017,Lulu,0.20167327168648172,0.0,untouched,0.7142857142857143
2017,Lux,0.003963011889035667,0.0,untouched,0.2744360902255639
2017,Malphite,0.0030823425803610744,0.0,untouched,0.22556390977443608
2017,Malzahar,0.0361074416556583,0.0,untouched,0.5338345864661654
2017,Maokai,0.3712021136063408,-1.0,nerfed,0.849624060150376
2017,Master Yi,0.00044033465433729633,0.0,untouched,0.03383458646616541
2017,Miss Fortune,0.003963011889035667,0.0,untouched,0.2744360902255639
2017,Mordekaiser,0.00836635843240863,0.0,untouched,0.3533834586466165
2017,Morgana,0.10259797446059005,0.0,untouched,0.6390977443609023
2017,Nami,0.009247027741083224,0.0,untouched,0.3609022556390977
2017,Nasus,0.002642007926023778,0.0,untouched,0.20676691729323307
2017,Nautilus,0.007485689123734038,1.0,buffed,0.3458646616541353
2017,Nidalee,0.05416116248348745,1.0,buffed,0.5789473684210527
2017,Nocturne,0.002201673271686482,0.0,untouched,0.16541353383458646
2017,Nunu & Willump,0.029502421840598855,0.0,untouched,0.48872180451127817
2017,Olaf,0.05900484368119771,0.0,untouched,0.5939849624060151
2017,Orianna,0.5843240863055923,-2.0,nerfed,0.9473684210526315
2017,Pantheon,0.002642007926023778,0.0,untouched,0.20676691729323307
2017,Poppy,0.04007045354469397,0.0,untouched,0.556390977443609
2017,Quinn,0.0017613386173491853,0.0,untouched,0.12406015037593984
2017,Rakan,0.48392778511668866,-2.0,nerfed,0.9097744360902256
2017,Rammus,0.0017613386173491853,0.0,untouched,0.12406015037593984
2017,Rek'Sai,0.4103918978423602,0.0,untouched,0.8796992481203008
2017,Renekton,0.45442536327608984,0.0,untouched,0.8947368421052632
2017,Rengar,0.03038309114927345,1.0,buffed,0.5037593984962406
2017,Riven,0.004403346543372964,1.0,buffed,0.2857142857142857
2017,Rumble,0.3280493174812858,0.0,untouched,0.8195488721804511
2017,Ryze,0.002201673271686482,1.0,buffed,0.16541353383458646
2017,Sejuani,0.2915015411712902,0.0,untouched,0.7894736842105263
2017,Shaco,0.00044033465433729633,0.0,untouched,0.03383458646616541
2017,Shen,0.36900044033465434,0.0,untouched,0.8421052631578947
2017,Shyvana,0.00044033465433729633,0.0,untouched,0.03383458646616541
2017,Singed,0.00044033465433729633,0.0,untouched,0.03383458646616541
2017,Sion,0.0066050198150594455,2.0,buffed,0.3233082706766917
2017,Sivir,0.05636283575517393,0.0,untouched,0.5864661654135338
2017,Skarner,0.002642007926023778,0.0,untouched,0.20676691729323307
2017,Sona,0.0035226772346983706,0.0,untouched,0.24812030075187969
2017,Soraka,0.006164685160722149,0.0,untouched,0.3157894736842105
2017,Swain,0.007045354469396741,0.0,untouched,0.33458646616541354
2017,Syndra,0.5112285336856011,-1.0,nerfed,0.9172932330827067
2017,Tahm Kench,0.261558784676354,0.0,untouched,0.7518796992481203
2017,Taliyah,0.5341259357111404,-1.0,nerfed,0.924812030075188
2017,Talon,0.01673271686481726,0.0,untouched,0.4323308270676692
2017,Taric,0.07617789520035227,0.0,untouched,0.6015037593984962
2017,Thresh,0.8238661382650815,0.0,untouched,1.0
2017,Tristana,0.3910171730515192,-1.0,nerfed,0.8646616541353384
2017,Trundle,0.09247027741083223,0.0,untouched,0.6165413533834586
2017,Twisted Fate,0.022457067371202115,0.0,untouched,0.4699248120300752
2017,Twitch,0.15147512109202993,0.0,untouched,0.6616541353383458
2017,Urgot,0.0017613386173491853,2.0,buffed,0.12406015037593984
2017,Varus,0.34478203434610305,0.0,untouched,0.8270676691729323
2017,Vayne,0.011889035667107,0.0,untouched,0.39849624060150374
2017,Veigar,0.0008806693086745927,0.0,untouched,0.07894736842105263
2017,Vel'Koz,0.009687362395420519,0.0,untouched,0.37218045112781956
2017,Viktor,0.08850726552179657,0.0,untouched,0.6090225563909775
2017,Vladimir,0.09555261999119331,0.0,untouched,0.631578947368421
2017,Volibear,0.00044033465433729633,0.0,untouched,0.03383458646616541
2017,Warwick,0.025979744605900485,0.0,untouched,0.48120300751879697
2017,Wukong,0.00044033465433729633,0.0,untouched,0.03383458646616541
2017,Xayah,0.39762219286657857,0.0,untouched,0.8721804511278195
2017,Xerath,0.002642007926023778,1.0,buffed,0.20676691729323307
2017,Xin Zhao,0.0008806693086745927,0.0,untouched,0.07894736842105263
2017,Yasuo,0.022457067371202115,0.0,untouched,0.4699248120300752
2017,Yorick,0.0035226772346983706,0.0,untouched,0.24812030075187969
2017,Zac,0.821664464993395,0.0,untouched,0.9849624060150376
2017,Zed,0.031704095112285335,1.0,buffed,0.5150375939849624
2017,Ziggs,0.011008366358432409,0.0,untouched,0.39097744360902253
2017,Zilean,0.031704095112285335,0.0,untouched,0.5150375939849624
2017,Zyra,0.1457507705856451,0.0,untouched,0.6541353383458647
2018,Aatrox,0.8841607565011821,0.0,untouched,1.0
2018,Ahri,0.017223910840932118,0.0,untouched,0.3088235294117647
2018,Akali,0.25430597771023306,-2.0,nerfed,0.7573529411764706
2018,Alistar,0.47146234380276936,0.0,untouched,0.9044117647058824
2018,Amumu,0.00033772374197906115,1.0,buffed,0.014705882352941176
2018,Anivia,0.037149611617696726,0.0,untouched,0.4411764705882353
2018,Ashe,0.18574805808848363,0.0,untouched,0.7205882352941176
2018,Aurelion Sol,0.05639986491050321,0.0,untouched,0.5147058823529411
2018,Azir,0.10199257007767647,0.0,untouched,0.6102941176470589
2018,Bard,0.004390408645727794,1.0,buffed,0.14705882352941177
2018,Blitzcrank,0.010131712259371834,0.0,untouched,0.23529411764705882
2018,Brand,0.019925700776764605,0.0,untouched,0.3492647058823529
2018,Braum,0.44208037825059104,-1.0,nerfed,0.8897058823529411
2018,Caitlyn,0.03681188787571766,0.0,untouched,0.4338235294117647
2018,Camille,0.6399864910503208,0.0,untouched,0.9705882352941176
2018,Cassiopeia,0.11448834853090173,0.0,untouched,0.6397058823529411
2018,Cho'Gath,0.20803782505910165,0.0,untouched,0.7352941176470589
2018,Corki,0.019250253292806486,0.0,untouched,0.33088235294117646
2018,Darius,0.2637622424856467,2.0,buffed,0.7720588235294118
2018,Diana,0.00033772374197906115,0.0,untouched,0.014705882352941176
2018,Dr. Mundo,0.38635596082404594,0.0,untouched,0.8676470588235294
2018,Draven,0.0591016548463357,0.0,untouched,0.5294117647058824
2018,Ekko,0.02465383316447146,0.0,untouched,0.40441176470588236
2018,Elise,0.0070921985815602835,-2.0,nerfed,0.19117647058823528
2018,Evelynn,0.013508949679162444,0.0,untouched,0.2647058823529412
2018,Ezreal,0.36710570753123944,0.0,untouched,0.8529411764705882
2018,Fiddlesticks,0.11077338736913205,0.0,untouched,0.6323529411764706
2018,Fiora,0.0894967916244512,3.0,buffed,0.5955882352941176
2018,Fizz,0.019587977034785545,-2.0,nerfed,0.3382352941176471
2018,Galio,0.28807835190813913,0.0,untouched,0.8088235294117647
2018,Gangplank,0.2684903748733536,0.0,untouched,0.7794117647058824
2018,Garen,0.0006754474839581223,-1.0,nerfed,0.03308823529411765
2018,Gnar,0.29652144545761566,0.0,untouched,0.8235294117647058
2018,Gragas,0.4542384329618372,0.0,untouched,0.8970588235294118
2018,Graves,0.21310368118878756,0.0,untouched,0.7426470588235294
2018,Hecarim,0.0060790273556231,2.0,buffed,0.1801470588235294
2018,Heimerdinger,0.08172914555893279,0.0,untouched,0.5882352941176471
2018,Illaoi,0.003377237419790611,0.0,untouched,0.11764705882352941
2018,Irelia,0.3154339750084431,1.0,buffed,0.8382352941176471
2018,Ivern,0.0013508949679162446,0.0,untouched,0.0661764705882353
2018,Janna,0.02127659574468085,1.0,buffed,0.3602941176470588
2018,Jarvan IV,0.08071597433299561,2.0,buffed,0.5808823529411765
2018,Jax,0.07531239446133063,0.0,untouched,0.5735294117647058
2018,Jayce,0.2526173590003377,0.0,untouched,0.75
2018,Jhin,0.12293144208037825,0.0,untouched,0.6691176470588235
2018,Jinx,0.0037149611617696724,0.0,untouched,0.12867647058823528
2018,Kai'Sa,0.40155352921310367,-1.0,nerfed,0.875
2018,Kalista,0.019925700776764605,0.0,untouched,0.3492647058823529
2018,Karma,0.04187774400540358,0.0,untouched,0.4632352941176471
2018,Karthus,0.021614319486659914,0.0,untouched,0.3713235294117647
2018,Kassadin,0.021614319486659914,1.0,buffed,0.3713235294117647
2018,Katarina,0.0016886187098953055,0.0,untouched,0.09191176470588236
2018,Kayle,0.00303951367781155,0.0,untouched,0.11029411764705882
2018,Kayn,0.0037149611617696724,2.0,buffed,0.12867647058823528
2018,Kennen,0.19959473150962512,0.0,untouched,0.7279411764705882
2018,Kha'Zix,0.007767646065518406,2.0,buffed,0.20588235294117646
2018,Kindred,0.4940898345153664,0.0,untouched,0.9117647058823529
2018,Kled,0.12090509962850389,0.0,untouched,0.6544117647058824
2018,Kog'Maw,0.014184397163120567,2.0,buffed,0.2757352941176471
2018,LeBlanc,0.2806484295845998,0.0,untouched,0.7867647058823529
2018,Lee Sin,0.04998311381290105,0.0,untouched,0.49264705882352944
2018,Leona,0.025667004390408647,2.0,buffed,0.4117647058823529
2018,Lissandra,0.061127997298210064,0.0,untouched,0.5514705882352942
2018,Lucian,0.2877406281661601,1.0,buffed,0.8014705882352942
2018,Lulu,0.1286727456940223,0.0,untouched,0.6985294117647058
2018,Lux,0.0013508949679162446,0.0,untouched,0.0661764705882353
2018,Malphite,0.022965214454576156,0.0,untouched,0.3897058823529412
2018,Malzahar,0.05707531239446133,0.0,untouched,0.5220588235294118
2018,Maokai,0.022289766970618033,0.0,untouched,0.38235294117647056
2018,Master Yi,0.007767646065518406,2.0,buffed,0.20588235294117646
2018,Miss Fortune,0.03275920297196893,0.0,untouched,0.4264705882352941
2018,Mordekaiser,0.04289091523134076,0.0,untouched,0.47058823529411764
2018,Morgana,0.5997973657548126,0.0,untouched,0.9632352941176471
2018,Nami,0.00911854103343465,0.0,untouched,0.22058823529411764
2018,Nasus,0.0013508949679162446,0.0,untouched,0.0661764705882353
2018,Nautilus,0.009793988517392773,2.0,buffed,0.22794117647058823
2018,Nidalee,0.07261060452549814,0.0,untouched,0.5661764705882353
2018,Nocturne,0.5727794663964877,0.0,untouched,0.9485294117647058
2018,Nunu & Willump,0.007767646065518406,2.0,buffed,0.20588235294117646
2018,Olaf,0.18034447821681865,0.0,untouched,0.7058823529411765
2018,Orianna,0.28199932455251603,-1.0,nerfed,0.7941176470588235
2018,Ornn,0.3130699088145897,0.0,untouched,0.8308823529411765
2018,Pantheon,0.004390408645727794,0.0,untouched,0.14705882352941177
2018,Poppy,0.12799729821006417,0.0,untouched,0.6911764705882353
2018,Pyke,0.18541033434650456,2.0,buffed,0.7132352941176471
2018,Quinn,0.0182370820668693,-1.0,nerfed,0.3161764705882353
2018,Rakan,0.6872678149273894,-2.0,nerfed,0.9852941176470589
2018,Rek'Sai,0.014184397163120567,0.0,untouched,0.2757352941176471
2018,Renekton,0.04322863897331983,2.0,buffed,0.47794117647058826
2018,Rengar,0.012833502195204323,1.0,buffed,0.2536764705882353
2018,Riven,0.012833502195204323,0.0,untouched,0.2536764705882353
2018,Rumble,0.10469436001350894,0.0,untouched,0.6176470588235294
2018,Ryze,0.5106382978723404,-2.0,nerfed,0.9264705882352942
2018,Sejuani,0.33772374197906113,-2.0,nerfed,0.8455882352941176
2018,Shen,0.4272205336035123,0.0,untouched,0.8823529411764706
2018,Shyvana,0.0013508949679162446,0.0,untouched,0.0661764705882353
2018,Singed,0.05234718000675447,0.0,untouched,0.5
2018,Sion,0.06011482607227288,2.0,buffed,0.5367647058823529
2018,Sivir,0.016548463356973995,0.0,untouched,0.3014705882352941
2018,Skarner,0.12225599459642013,0.0,untouched,0.6617647058823529
2018,Sona,0.0006754474839581223,0.0,untouched,0.03308823529411765
2018,Soraka,0.0547112462006079,0.0,untouched,0.5073529411764706
2018,Swain,0.5160418777440055,0.0,untouched,0.9338235294117647
2018,Syndra,0.12326916582235731,0.0,untouched,0.6764705882352942
2018,Tahm Kench,0.591354272205336,-2.0,nerfed,0.9558823529411765
2018,Taliyah,0.7136102668017562,-2.0,nerfed,0.9926470588235294
2018,Talon,0.11482607227288079,0.0,untouched,0.6470588235294118
2018,Taric,0.040864572779466396,0.0,untouched,0.4522058823529412
2018,Teemo,0.0016886187098953055,0.0,untouched,0.09191176470588236
2018,Thresh,0.0486322188449848,2.0,buffed,0.4852941176470588
2018,Tristana,0.0911854103343465,0.0,untouched,0.6029411764705882
2018,Trundle,0.5221209050996285,-4.0,nerfed,0.9411764705882353
2018,Tryndamere,0.0013508949679162446,-2.0,nerfed,0.0661764705882353
2018,Twisted Fate,0.018574805808848363,0.0,untouched,0.3235294117647059
2018,Twitch,0.002364066193853428,0.0,untouched,0.10294117647058823
2018,Udyr,0.0010131712259371835,0.0,untouched,0.04411764705882353
2018,Urgot,0.10536980749746708,0.0,untouched,0.625
2018,Varus,0.5048969942586964,-1.0,nerfed,0.9191176470588235
2018,Vayne,0.01485984464707869,2.0,buffed,0.29411764705882354
2018,Veigar,0.0060790273556231,0.0,untouched,0.1801470588235294
2018,Vel'Koz,0.06551840594393786,0.0,untouched,0.5588235294117647
2018,Viktor,0.02397838568051334,1.0,buffed,0.39705882352941174
2018,Vladimir,0.2887537993920973,0.0,untouched,0.8161764705882353
2018,Warwick,0.00033772374197906115,0.0,untouched,0.014705882352941176
2018,Wukong,0.005403579871664978,-1.0,nerfed,0.16544117647058823
2018,Xayah,0.26106045254981425,0.0,untouched,0.7647058823529411
2018,Xerath,0.011144883485309016,0.0,untouched,0.2426470588235294
2018,Xin Zhao,0.12360688956433637,0.0,untouched,0.6838235294117647
2018,Yasuo,0.3829787234042553,0.0,untouched,0.8602941176470589
2018,Yorick,0.004390408645727794,-2.0,nerfed,0.14705882352941177
2018,Zac,0.040864572779466396,0.0,untouched,0.4522058823529412
2018,Zed,0.014522120905099628,0.0,untouched,0.2867647058823529
2018,Ziggs,0.031070584262073625,0.0,untouched,0.41911764705882354
2018,Zilean,0.060452549814251945,0.0,untouched,0.5441176470588235
2018,Zoe,0.6538331644714623,-2.0,nerfed,0.9779411764705882
2018,Zyra,0.005403579871664978,0.0,untouched,0.16544117647058823
2019,Aatrox,0.8033485540334856,-1.0,nerfed,1.0
2019,Ahri,0.0197869101978691,0.0,untouched,0.3620689655172414
2019,Akali,0.5083713850837138,-2.0,nerfed,0.9448275862068966
2019,Alistar,0.13150684931506848,0.0,untouched,0.6827586206896552
2019,Amumu,0.0060882800608828,0.0,untouched,0.1793103448275862
2019,Anivia,0.015525114155251141,0.0,untouched,0.32068965517241377
2019,Annie,0.0039573820395738205,1.0,buffed,0.11379310344827587
2019,Ashe,0.09315068493150686,2.0,buffed,0.6137931034482759
2019,Aurelion Sol,0.00426179604261796,1.0,buffed,0.12758620689655173
2019,Azir,0.40213089802130897,-2.0,nerfed,0.8758620689655172
2019,Bard,0.017656012176560123,0.0,untouched,0.3310344827586207
2019,Blitzcrank,0.01856925418569254,2.0,buffed,0.3448275862068966
2019,Brand,0.00213089802130898,0.0,untouched,0.07586206896551724
2019,Braum,0.2380517503805175,0.0,untouched,0.7862068965517242
2019,Caitlyn,0.14885844748858448,1.0,buffed,0.7034482758620689
2019,Camille,0.27732115677321156,0.0,untouched,0.8206896551724138
2019,Cassiopeia,0.08949771689497717,0.0,untouched,0.6068965517241379
2019,Cho'Gath,0.020700152207001523,0.0,untouched,0.38275862068965516
2019,Corki,0.4968036529680365,-2.0,nerfed,0.9310344827586207
2019,Darius,0.021004566210045664,0.0,untouched,0.3931034482758621
2019,Diana,0.006392694063926941,0.0,untouched,0.18620689655172415
2019,Dr. Mundo,0.0045662100456621,2.0,buffed,0.13793103448275862
2019,Draven,0.1248097412480974,0.0,untouched,0.6758620689655173
2019,Ekko,0.020700152207001523,4.0,buffed,0.38275862068965516
2019,Elise,0.260882800608828,0.0,untouched,0.8137931034482758
2019,Evelynn,0.01796042617960426,2.0,buffed,0.33793103448275863
2019,Ezreal,0.4700152207001522,-2.0,nerfed,0.9172413793103448
2019,Fiddlesticks,0.02009132420091324,0.0,untouched,0.3724137931034483
2019,Fiora,0.07245053272450533,4.0,buffed,0.593103448275862
2019,Fizz,0.01156773211567732,0.0,untouched,0.2689655172413793
2019,Galio,0.02313546423135464,2.0,buffed,0.41379310344827586
2019,Gangplank,0.22404870624048706,0.0,untouched,0.7793103448275862
2019,Garen,0.013089802130898021,0.0,untouched,0.296551724137931
2019,Gnar,0.11354642313546423,0.0,untouched,0.6413793103448275
2019,Gragas,0.4748858447488584,-2.0,nerfed,0.9241379310344827
2019,Graves,0.00426179604261796,1.0,buffed,0.12758620689655173
2019,Hecarim,0.015525114155251141,0.0,untouched,0.32068965517241377
2019,Heimerdinger,0.024961948249619482,2.0,buffed,0.4413793103448276
2019,Illaoi,0.010958904109589041,0.0,untouched,0.2620689655172414
2019,Irelia,0.6414003044140031,0.0,untouched,0.9724137931034482
2019,Ivern,0.0076103500761035,0.0,untouched,0.21379310344827587
2019,Janna,0.005175038051750381,0.0,untouched,0.16206896551724137
2019,Jarvan IV,0.5305936073059361,0.0,untouched,0.9517241379310345
2019,Jax,0.06575342465753424,1.0,buffed,0.5655172413793104
2019,Jayce,0.34337899543378997,0.0,untouched,0.8413793103448276
2019,Jhin,0.00821917808219178,1.0,buffed,0.22413793103448276
2019,Jinx,0.0426179604261796,0.0,untouched,0.5310344827586206
2019,Kai'Sa,0.40882800608828007,-2.0,nerfed,0.8827586206896552
2019,Kalista,0.0989345509893455,2.0,buffed,0.6206896551724138
2019,Karma,0.7549467275494672,-2.0,nerfed,0.9862068965517241
2019,Karthus,0.1969558599695586,0.0,untouched,0.7517241379310344
2019,Kassadin,0.025570776255707764,2.0,buffed,0.4517241379310345
2019,Katarina,0.0030441400304414,0.0,untouched,0.0896551724137931
2019,Kayle,0.0018264840182648401,1.0,buffed,0.06896551724137931
2019,Kayn,0.0091324200913242,0.0,untouched,0.2413793103448276
2019,Kennen,0.25662100456621006,0.0,untouched,0.8068965517241379
2019,Kha'Zix,0.024657534246575342,0.0,untouched,0.43103448275862066
2019,Kindred,0.07031963470319634,0.0,untouched,0.5793103448275863
2019,Kled,0.11141552511415526,0.0,untouched,0.6344827586206897
2019,Kog'Maw,0.006697108066971081,0.0,untouched,0.19655172413793104
2019,LeBlanc,0.2389649923896499,2.0,buffed,0.7931034482758621
2019,Lee Sin,0.17929984779299848,2.0,buffed,0.7379310344827587
2019,Leona,0.03713850837138508,1.0,buffed,0.5103448275862069
2019,Lissandra,0.029528158295281583,0.0,untouched,0.47586206896551725
2019,Lucian,0.3263318112633181,1.0,buffed,0.8344827586206897
2019,Lulu,0.011872146118721462,0.0,untouched,0.2827586206896552
2019,Lux,0.3698630136986301,2.0,buffed,0.8620689655172413
2019,Malphite,0.0073059360730593605,0.0,untouched,0.20689655172413793
2019,Malzahar,0.00821917808219178,0.0,untouched,0.22413793103448276
2019,Maokai,0.0024353120243531205,0.0,untouched,0.08275862068965517
2019,Master Yi,0.0009132420091324201,0.0,untouched,0.017241379310344827
2019,Miss Fortune,0.009436834094368341,1.0,buffed,0.2482758620689655
2019,Mordekaiser,0.169558599695586,1.0,buffed,0.7241379310344828
2019,Morgana,0.2015220700152207,0.0,untouched,0.7586206896551724
2019,Nami,0.006697108066971081,0.0,untouched,0.19655172413793104
2019,Nasus,0.0015220700152207,0.0,untouched,0.05517241379310345
2019,Nautilus,0.45388127853881277,0.0,untouched,0.9103448275862069
2019,Neeko,0.3893455098934551,1.0,buffed,0.8689655172413793
2019,Nidalee,0.046879756468797565,0.0,untouched,0.5413793103448276
2019,Nocturne,0.046879756468797565,2.0,buffed,0.5413793103448276
2019,Nunu & Willump,0.0197869101978691,-2.0,nerfed,0.3620689655172414
2019,Olaf,0.5007610350076104,0.0,untouched,0.9379310344827586
2019,Orianna,0.024048706240487064,2.0,buffed,0.4206896551724138
2019,Ornn,0.0258751902587519,1.0,buffed,0.46206896551724136
2019,Pantheon,0.04961948249619483,5.0,buffed,0.5517241379310345
2019,Poppy,0.0745814307458143,0.0,untouched,0.6
2019,Pyke,0.14581430745814308,0.0,untouched,0.696551724137931
2019,Qiyana,0.36468797564687977,-2.0,nerfed,0.8551724137931035
2019,Quinn,0.0015220700152207,0.0,untouched,0.05517241379310345
2019,Rakan,0.3573820395738204,0.0,untouched,0.8482758620689655
2019,Rammus,0.0012176560121765602,0.0,untouched,0.034482758620689655
2019,Rek'Sai,0.19452054794520549,2.0,buffed,0.7448275862068966
2019,Renekton,0.44170471841704717,0.0,untouched,0.903448275862069
2019,Rengar,0.00578386605783866,0.0,untouched,0.1724137931034483
2019,Riven,0.03439878234398782,-2.0,nerfed,0.496551724137931
2019,Rumble,0.1232876712328767,0.0,untouched,0.6620689655172414
2019,Ryze,0.12359208523592086,1.0,buffed,0.6689655172413793
2019,Sejuani,0.6362252663622526,-5.0,nerfed,0.9655172413793104
2019,Shaco,0.0033485540334855404,0.0,untouched,0.09655172413793103
2019,Shen,0.03287671232876712,2.0,buffed,0.4862068965517241
2019,Shyvana,0.005175038051750381,0.0,untouched,0.16206896551724137
2019,Singed,0.0012176560121765602,2.0,buffed,0.034482758620689655
2019,Sion,0.024657534246575342,4.0,buffed,0.43103448275862066
2019,Sivir,0.41735159817351597,-2.0,nerfed,0.896551724137931
2019,Skarner,0.17686453576864536,0.0,untouched,0.7310344827586207
2019,Sona,0.1101978691019787,0.0,untouched,0.6275862068965518
2019,Soraka,0.0039573820395738205,0.0,untouched,0.11379310344827587
2019,Swain,0.014611872146118721,0.0,untouched,0.30689655172413793
2019,Sylas,0.6718417047184171,-2.0,nerfed,0.9793103448275862
2019,Syndra,0.13272450532724506,2.0,buffed,0.6896551724137931
2019,Tahm Kench,0.41430745814307457,-4.0,nerfed,0.8896551724137931
2019,Taliyah,0.16073059360730593,0.0,untouched,0.7172413793103448
2019,Talon,0.03287671232876712,0.0,untouched,0.4862068965517241
2019,Taric,0.021917808219178082,0.0,untouched,0.4
2019,Teemo,0.0015220700152207,2.0,buffed,0.05517241379310345
2019,Thresh,0.21948249619482496,0.0,untouched,0.7724137931034483
2019,Tristana,0.121765601217656,0.0,untouched,0.6551724137931034
2019,Trundle,0.07214611872146119,0.0,untouched,0.5862068965517241
2019,Tryndamere,0.0036529680365296802,0.0,untouched,0.10344827586206896
2019,Twisted Fate,0.06757990867579909,2.0,buffed,0.5724137931034483
2019,Twitch,0.004870624048706241,0.0,untouched,0.1482758620689655
2019,Udyr,0.0009132420091324201,0.0,untouched,0.017241379310344827
2019,Urgot,0.014611872146118721,0.0,untouched,0.30689655172413793
2019,Varus,0.1582952815829528,0.0,untouched,0.7103448275862069
2019,Vayne,0.03592085235920852,2.0,buffed,0.503448275862069
2019,Veigar,0.025570776255707764,1.0,buffed,0.4517241379310345
2019,Vel'Koz,0.028006088280060883,0.0,untouched,0.4689655172413793
2019,Vi,0.010350076103500762,0.0,untouched,0.25517241379310346
2019,Viktor,0.04048706240487063,0.0,untouched,0.5172413793103449
2019,Vladimir,0.27823439878234396,0.0,untouched,0.8275862068965517
2019,Volibear,0.06301369863013699,0.0,untouched,0.5586206896551724
2019,Warwick,0.0012176560121765602,2.0,buffed,0.034482758620689655
2019,Wukong,0.0006088280060882801,0.0,untouched,0.006896551724137931
2019,Xayah,0.5616438356164384,-2.0,nerfed,0.9586206896551724
2019,Xerath,0.011872146118721462,0.0,untouched,0.2827586206896552
2019,Xin Zhao,0.1171993911719939,2.0,buffed,0.6482758620689655
2019,Yasuo,0.2511415525114155,0.0,untouched,0.8
2019,Yorick,0.022526636225266364,0.0,untouched,0.4068965517241379
2019,Yuumi,0.7948249619482496,-4.0,nerfed,0.993103448275862
2019,Zac,0.011872146118721462,1.0,buffed,0.2827586206896552
2019,Zed,0.04200913242009133,0.0,untouched,0.5241379310344828
2019,Ziggs,0.008828006088280061,2.0,buffed,0.23448275862068965
2019,Zilean,0.019482496194824964,0.0,untouched,0.35172413793103446
2019,Zoe,0.21278538812785389,2.0,buffed,0.7655172413793103
2019,Zyra,0.004870624048706241,2.0,buffed,0.1482758620689655
2020,Aatrox,0.14120151371807002,1.0,buffed,0.72
2020,Ahri,0.009933774834437087,2.0,buffed,0.20333333333333334
2020,Akali,0.16177861873226113,-1.0,nerfed,0.7333333333333333
2020,Alistar,0.03902554399243141,0.0,untouched,0.44
2020,Amumu,0.009933774834437087,0.0,untouched,0.20333333333333334
2020,Anivia,0.006622516556291391,0.0,untouched,0.15333333333333332
2020,Annie,0.00804162724692526,0.0,untouched,0.17333333333333334
2020,Aphelios,0.5070955534531694,1.0,buffed,0.9466666666666667
2020,Ashe,0.5444654683065279,-1.0,nerfed,0.9533333333333334
2020,Aurelion Sol,0.010170293282876065,0.0,untouched,0.22
2020,Azir,0.37440870387890257,-1.0,nerfed,0.86
2020,Bard,0.34508041627246927,0.0,untouched,0.8466666666666667
2020,Blitzcrank,0.0825449385052034,0.0,untouched,0.5933333333333334
2020,Brand,0.000946073793755913,0.0,untouched,0.03666666666666667
2020,Braum,0.19110690633869443,0.0,untouched,0.78
2020,Caitlyn,0.3280510879848628,-3.0,nerfed,0.84
2020,Camille,0.3025070955534532,0.0,untouched,0.8266666666666667
2020,Cassiopeia,0.10170293282876064,0.0,untouched,0.6333333333333333
2020,Cho'Gath,0.025780510879848628,0.0,untouched,0.36666666666666664
2020,Corki,0.13079470198675497,0.0,untouched,0.7133333333333334
2020,Darius,0.021996215704824976,0.0,untouched,0.34
2020,Diana,0.01750236518448439,0.0,untouched,0.28
2020,Dr. Mundo,0.00402081362346263,0.0,untouched,0.11
2020,Draven,0.04754020813623463,0.0,untouched,0.4866666666666667
2020,Ekko,0.18661305581835383,0.0,untouched,0.7733333333333333
2020,Elise,0.07521286660359508,0.0,untouched,0.58
2020,Evelynn,0.016556291390728478,-1.0,nerfed,0.26666666666666666
2020,Ezreal,0.6052507095553453,0.0,untouched,0.98
2020,Fiddlesticks,0.04470198675496689,0.0,untouched,0.47333333333333333
2020,Fiora,0.03949858088930937,0.0,untouched,0.44666666666666666
2020,Fizz,0.009933774834437087,0.0,untouched,0.20333333333333334
2020,Galio,0.3110217596972564,-1.0,nerfed,0.8333333333333334
2020,Gangplank,0.2518921475875118,0.0,untouched,0.8133333333333334
2020,Garen,0.0011825922421948912,0.0,untouched,0.05
2020,Gnar,0.05250709555345317,0.0,untouched,0.5033333333333333
2020,Gragas,0.05842005676442762,1.0,buffed,0.5466666666666666
2020,Graves,0.5771050141911069,0.0,untouched,0.9666666666666667
2020,Hecarim,0.0695364238410596,-1.0,nerfed,0.5666666666666667
2020,Heimerdinger,0.028145695364238412,0.0,untouched,0.38
2020,Illaoi,0.011352885525070956,0.0,untouched,0.23333333333333334
2020,Irelia,0.08396404919583728,2.0,buffed,0.6066666666666667
2020,Ivern,0.00804162724692526,1.0,buffed,0.17333333333333334
2020,Janna,0.00804162724692526,0.0,untouched,0.17333333333333334
2020,Jarvan IV,0.10525070955534532,1.0,buffed,0.6533333333333333
2020,Jax,0.08301797540208136,0.0,untouched,0.6
2020,Jayce,0.19914853358561968,0.0,untouched,0.7866666666666666
2020,Jhin,0.11045411542100284,0.0,untouched,0.6866666666666666
2020,Jinx,0.013954588457899717,0.0,untouched,0.24
2020,Kai'Sa,0.10241248817407758,2.0,buffed,0.64
2020,Kalista,0.4815515610217597,0.0,untouched,0.9266666666666666
2020,Karma,0.5856196783349101,0.0,untouched,0.9733333333333334
2020,Karthus,0.16556291390728478,0.0,untouched,0.7466666666666667
2020,Kassadin,0.0879848628192999,0.0,untouched,0.6133333333333333
2020,Katarina,0.003784295175023652,0.0,untouched,0.1
2020,Kayle,0.03571428571428571,2.0,buffed,0.41333333333333333
2020,Kayn,0.01608325449385052,0.0,untouched,0.26
2020,Kennen,0.11778618732261116,0.0,untouched,0.7
2020,Kha'Zix,0.10927152317880795,0.0,untouched,0.6733333333333333
2020,Kindred,0.10737937559129612,0.0,untouched,0.6666666666666666
2020,Kled,0.01868495742667928,0.0,untouched,0.31333333333333335
2020,Kog'Maw,0.0380794701986755,-1.0,nerfed,0.43333333333333335
2020,LeBlanc,0.36991485335856195,0.0,untouched,0.8533333333333334
2020,Lee Sin,0.38859981078524125,0.0,untouched,0.8733333333333333
2020,Leona,0.2164143803216651,0.0,untouched,0.7933333333333333
2020,Lillia,0.09697256385998108,0.0,untouched,0.6266666666666667
2020,Lissandra,0.02956480605487228,0.0,untouched,0.38666666666666666
2020,Lucian,0.17904446546830652,-1.0,nerfed,0.7666666666666667
2020,Lulu,0.10619678334910122,0.0,untouched,0.66
2020,Lux,0.09011352885525072,-2.0,nerfed,0.62
2020,Malphite,0.11565752128666036,0.0,untouched,0.6933333333333334
2020,Malzahar,0.004257332071901609,0.0,untouched,0.12
2020,Maokai,0.04304635761589404,0.0,untouched,0.4666666666666667
2020,Master Yi,0.000946073793755913,0.0,untouched,0.03666666666666667
2020,Miss Fortune,0.05250709555345317,2.0,buffed,0.5033333333333333
2020,Mordekaiser,0.24432355723746452,0.0,untouched,0.8
2020,Morgana,0.10406811731315042,0.0,untouched,0.6466666666666666
2020,Nami,0.0021286660359508044,0.0,untouched,0.06333333333333334
2020,Nasus,0.0007095553453169347,0.0,untouched,0.023333333333333334
2020,Nautilus,0.489120151371807,0.0,untouched,0.9333333333333333
2020,Neeko,0.02270577105014191,0.0,untouched,0.3466666666666667
2020,Nidalee,0.47019867549668876,0.0,untouched,0.9066666666666666
2020,Nocturne,0.07686849574266792,0.0,untouched,0.5866666666666667
2020,Nunu & Willump,0.016792809839167457,0.0,untouched,0.2733333333333333
2020,Olaf,0.24763481551561023,0.0,untouched,0.8066666666666666
2020,Orianna,0.41367076631977295,0.0,untouched,0.8866666666666667
2020,Ornn,0.47445600756859035,0.0,untouched,0.9133333333333333
2020,Pantheon,0.14640491958372753,0.0,untouched,0.7266666666666667
2020,Poppy,0.03736991485335856,0.0,untouched,0.4266666666666667
2020,Pyke,0.02010406811731315,0.0,untouched,0.33
2020,Qiyana,0.04541154210028382,-2.0,nerfed,0.48
2020,Quinn,0.018211920529801324,0.0,untouched,0.29
2020,Rakan,0.06882686849574267,0.0,untouched,0.56
2020,Rammus,0.0011825922421948912,0.0,untouched,0.05
2020,Rek'Sai,0.11021759697256386,0.0,untouched,0.68
2020,Renekton,0.489356669820246,0.0,untouched,0.94
2020,Rengar,0.002601702932828761,0.0,untouched,0.08666666666666667
2020,Riven,0.010879848628192999,0.0,untouched,0.22666666666666666
2020,Rumble,0.056291390728476824,1.0,buffed,0.5366666666666666
2020,Ryze,0.04091769157994324,0.0,untouched,0.4533333333333333
2020,Sejuani,0.0510879848628193,0.0,untouched,0.49333333333333335
2020,Senna,0.2847682119205298,-2.0,nerfed,0.82
2020,Sett,0.6478240302743614,-3.0,nerfed,0.9933333333333333
2020,Shaco,0.00402081362346263,0.0,untouched,0.11
2020,Shen,0.12464522232734153,-1.0,nerfed,0.7066666666666667
2020,Shyvana,0.032639545884579,0.0,untouched,0.4066666666666667
2020,Singed,0.00023651844843897824,0.0,untouched,0.01
2020,Sion,0.056291390728476824,0.0,untouched,0.5366666666666666
2020,Sivir,0.03216650898770104,1.0,buffed,0.39666666666666667
2020,Skarner,0.027672658467360455,0.0,untouched,0.37333333333333335
2020,Sona,0.05345316934720908,-2.0,nerfed,0.5133333333333333
2020,Soraka,0.018211920529801324,0.0,untouched,0.29
2020,Swain,0.004493850520340586,0.0,untouched,0.12666666666666668
2020,Sylas,0.16674550614947967,2.0,buffed,0.7533333333333333
2020,Syndra,0.5517975402081362,0.0,untouched,0.96
2020,Tahm Kench,0.16343424787133395,0.0,untouched,0.74
2020,Taliyah,0.03642384105960265,0.0,untouched,0.42
2020,Talon,0.02010406811731315,0.0,untouched,0.33
2020,Taric,0.06220435193945128,0.0,untouched,0.5533333333333333
2020,Teemo,0.0021286660359508044,0.0,untouched,0.06333333333333334
2020,Thresh,0.6376537369914853,0.0,untouched,0.9866666666666667
2020,Tristana,0.025070955534531692,0.0,untouched,0.35333333333333333
2020,Trundle,0.42691579943235575,0.0,untouched,0.9
2020,Tryndamere,0.005912961210974456,0.0,untouched,0.14666666666666667
2020,Twisted Fate,0.41887417218543044,-1.0,nerfed,0.8933333333333333
2020,Twitch,0.007568590350047304,2.0,buffed,0.16
2020,Udyr,0.00023651844843897824,2.0,buffed,0.01
2020,Urgot,0.0423368022705771,0.0,untouched,0.46
2020,Varus,0.37961210974456006,1.0,buffed,0.8666666666666667
2020,Vayne,0.018448438978240302,1.0,buffed,0.30333333333333334
2020,Veigar,0.009933774834437087,0.0,untouched,0.20333333333333334
2020,Vel'Koz,0.018448438978240302,0.0,untouched,0.30333333333333334
2020,Vi,0.0023651844843897824,0.0,untouched,0.07666666666666666
2020,Viktor,0.02554399243140965,0.0,untouched,0.36
2020,Vladimir,0.07473982970671712,0.0,untouched,0.5733333333333334
2020,Volibear,0.6596499526963103,0.0,untouched,1.0
2020,Warwick,0.0007095553453169347,0.0,untouched,0.023333333333333334
2020,Wukong,0.39829706717123936,0.0,untouched,0.88
2020,Xayah,0.03216650898770104,1.0,buffed,0.39666666666666667
2020,Xerath,0.004966887417218543,0.0,untouched,0.14
2020,Xin Zhao,0.0023651844843897824,2.0,buffed,0.07666666666666666
2020,Yasuo,0.05368968779564806,0.0,untouched,0.52
2020,Yone,0.003547776726584674,-2.0,nerfed,0.09333333333333334
2020,Yorick,0.008514664143803218,0.0,untouched,0.18666666666666668
2020,Yuumi,0.17455061494796595,0.0,untouched,0.76
2020,Zac,0.015373699148533586,0.0,untouched,0.25333333333333335
2020,Zed,0.015137180700094607,0.0,untouched,0.24666666666666667
2020,Ziggs,0.054399243140964997,0.0,untouched,0.5266666666666666
2020,Zilean,0.019157994323557238,0.0,untouched,0.32
2020,Zoe,0.48013245033112584,0.0,untouched,0.92
2020,Zyra,0.004730368968779565,0.0,untouched,0.13333333333333333
2021,Aatrox,0.07531806615776081,2.0,buffed,0.643312101910828
2021,Ahri,0.015776081424936386,0.0,untouched,0.3503184713375796
2021,Akali,0.3567430025445293,1.0,buffed,0.8662420382165605
2021,Akshan,0.0058524173027989825,-1.0,nerfed,0.1910828025477707
2021,Alistar,0.18473282442748093,0.0,untouched,0.7707006369426752
2021,Amumu,0.02188295165394402,3.0,buffed,0.445859872611465
2021,Anivia,0.012213740458015267,0.0,untouched,0.2802547770700637
2021,Annie,0.009669211195928753,0.0,untouched,0.24522292993630573
2021,Aphelios,0.4498727735368957,-1.0,nerfed,0.9299363057324841
2021,Ashe,0.14045801526717558,-2.0,nerfed,0.732484076433121
2021,Aurelion Sol,0.013231552162849873,0.0,untouched,0.3057324840764331
2021,Azir,0.09491094147582697,0.0,untouched,0.6560509554140127
2021,Bard,0.039440203562340966,0.0,untouched,0.5414012738853503
2021,Blitzcrank,0.026208651399491092,0.0,untouched,0.46496815286624205
2021,Brand,0.004580152671755725,0.0,untouched,0.1624203821656051
2021,Braum,0.4010178117048346,0.0,untouched,0.8980891719745223
2021,Caitlyn,0.01984732824427481,0.0,untouched,0.42356687898089174
2021,Camille,0.4033078880407125,-2.0,nerfed,0.9044585987261147
2021,Cassiopeia,0.042239185750636135,0.0,untouched,0.554140127388535
2021,Cho'Gath,0.01094147582697201,2.0,buffed,0.27388535031847133
2021,Corki,0.030025445292620866,0.0,untouched,0.49363057324840764
2021,Darius,0.017048346055979643,0.0,untouched,0.37261146496815284
2021,Diana,0.5223918575063613,-1.0,nerfed,0.9363057324840764
2021,Dr. Mundo,0.15114503816793892,2.0,buffed,0.7388535031847133
2021,Draven,0.09083969465648854,2.0,buffed,0.6496815286624203
2021,Ekko,0.018066157760814248,2.0,buffed,0.39171974522292996
2021,Elise,0.010432569974554707,0.0,untouched,0.2611464968152866
2021,Evelynn,0.013486005089058525,1.0,buffed,0.31210191082802546
2021,Ezreal,0.4307888040712468,0.0,untouched,0.910828025477707
2021,Fiddlesticks,0.031297709923664124,0.0,untouched,0.5095541401273885
2021,Fiora,0.062340966921119595,-2.0,nerfed,0.5987261146496815
2021,Fizz,0.0005089058524173028,2.0,buffed,0.006369426751592357
2021,Galio,0.18676844783715013,1.0,buffed,0.7770700636942676
2021,Gangplank,0.12468193384223919,2.0,buffed,0.7261146496815286
2021,Garen,0.0017811704834605599,0.0,untouched,0.07643312101910828
2021,Gnar,0.23180661577608141,0.0,untouched,0.7961783439490446
2021,Gragas,0.06615776081424936,1.0,buffed,0.6178343949044586
2021,Graves,0.07506361323155217,-1.0,nerfed,0.6369426751592356
2021,Gwen,0.5816793893129771,1.0,buffed,0.9554140127388535
2021,Hecarim,0.030279898218829517,0.0,untouched,0.5031847133757962
2021,Heimerdinger,0.012977099236641221,0.0,untouched,0.2961783439490446
2021,Illaoi,0.004071246819338422,0.0,untouched,0.14968152866242038
2021,Irelia,0.3750636132315522,-1.0,nerfed,0.8789808917197452
2021,Ivern,0.0055979643765903305,0.0,untouched,0.18152866242038215
2021,Janna,0.0022900763358778627,0.0,untouched,0.10509554140127389
2021,Jarvan IV,0.03994910941475827,2.0,buffed,0.5477707006369427
2021,Jax,0.0648854961832061,0.0,untouched,0.6114649681528662
2021,Jayce,0.3653944020356234,-2.0,nerfed,0.8726114649681529
2021,Jhin,0.05267175572519084,2.0,buffed,0.5796178343949044
2021,Jinx,0.0984732824427481,1.0,buffed,0.6751592356687898
2021,Kai'Sa,0.1717557251908397,1.0,buffed,0.7579617834394905
2021,Kalista,0.3414758269720102,-1.0,nerfed,0.8535031847133758
2021,Karma,0.29491094147582697,1.0,buffed,0.8407643312101911
2021,Karthus,0.03918575063613232,0.0,untouched,0.535031847133758
2021,Kassadin,0.0183206106870229,0.0,untouched,0.40445859872611467
2021,Katarina,0.0055979643765903305,0.0,untouched,0.18152866242038215
2021,Kayle,0.010687022900763359,0.0,untouched,0.267515923566879
2021,Kayn,0.01628498727735369,-2.0,nerfed,0.35668789808917195
2021,Kennen,0.11653944020356234,-2.0,nerfed,0.7133757961783439
2021,Kha'Zix,0.02391857506361323,0.0,untouched,0.45222929936305734
2021,Kindred,0.05674300254452926,0.0,untouched,0.5859872611464968
2021,Kled,0.010178117048346057,0.0,untouched,0.25477707006369427
2021,Kog'Maw,0.06997455470737914,1.0,buffed,0.6305732484076433
2021,LeBlanc,0.6175572519083969,0.0,untouched,0.9745222929936306
2021,Lee Sin,0.7506361323155216,-3.0,nerfed,0.9808917197452229
2021,Leona,0.5508905852417303,-1.0,nerfed,0.9490445859872612
2021,Lillia,0.03816793893129771,0.0,untouched,0.5286624203821656
2021,Lissandra,0.0638676844783715,1.0,buffed,0.6050955414012739
2021,Lucian,0.38346055979643767,0.0,untouched,0.8853503184713376
2021,Lulu,0.24249363867684479,-2.0,nerfed,0.802547770700637
2021,Lux,0.0027989821882951653,0.0,untouched,0.12101910828025478
2021,Malphite,0.04351145038167939,0.0,untouched,0.5605095541401274
2021,Malzahar,0.01272264631043257,0.0,untouched,0.28662420382165604
2021,Maokai,0.0071246819338422395,0.0,untouched,0.20382165605095542
2021,Master Yi,0.0007633587786259542,0.0,untouched,0.022292993630573247
2021,Miss Fortune,0.015521628498727735,2.0,buffed,0.34394904458598724
2021,Mordekaiser,0.017557251908396947,2.0,buffed,0.3821656050955414
2021,Morgana,0.015267175572519083,1.0,buffed,0.3375796178343949
2021,Nami,0.004580152671755725,1.0,buffed,0.1624203821656051
2021,Nasus,0.0071246819338422395,0.0,untouched,0.20382165605095542
2021,Nautilus,0.43689567430025444,0.0,untouched,0.9203821656050956
2021,Neeko,0.0071246819338422395,0.0,untouched,0.20382165605095542
2021,Nidalee,0.1203562340966921,0.0,untouched,0.7197452229299363
2021,Nocturne,0.3987277353689567,0.0,untouched,0.89171974522293
2021,Nunu & Willump,0.003816793893129771,2.0,buffed,0.14012738853503184
2021,Olaf,0.16997455470737913,0.0,untouched,0.7515923566878981
2021,Orianna,0.19745547073791347,0.0,untouched,0.7834394904458599
2021,Ornn,0.09643765903307888,0.0,untouched,0.6624203821656051
2021,Pantheon,0.012977099236641221,0.0,untouched,0.2961783439490446
2021,Poppy,0.015012722646310433,2.0,buffed,0.32802547770700635
2021,Pyke,0.018066157760814248,0.0,untouched,0.39171974522292996
2021,Qiyana,0.016793893129770993,1.0,buffed,0.3630573248407643
2021,Quinn,0.001272264631043257,0.0,untouched,0.054140127388535034
2021,Rakan,0.25521628498727733,0.0,untouched,0.8152866242038217
2021,Rammus,0.0010178117048346056,0.0,untouched,0.041401273885350316
2021,Rek'Sai,0.025954198473282442,0.0,untouched,0.4585987261146497
2021,Rell,0.10432569974554708,0.0,untouched,0.6878980891719745
2021,Renekton,0.5898218829516539,0.0,untouched,0.9617834394904459
2021,Rengar,0.0030534351145038168,0.0,untouched,0.12738853503184713
2021,Riven,0.0183206106870229,0.0,untouched,0.40445859872611467
2021,Rumble,0.15674300254452928,1.0,buffed,0.7452229299363057
2021,Ryze,0.3440203562340967,-2.0,nerfed,0.8598726114649682
2021,Samira,0.03358778625954199,0.0,untouched,0.5159235668789809
2021,Sejuani,0.05114503816793893,2.0,buffed,0.5732484076433121
2021,Senna,0.0994910941475827,2.0,buffed,0.6815286624203821
2021,Seraphine,0.10737913486005089,2.0,buffed,0.7006369426751592
2021,Sett,0.43689567430025444,0.0,untouched,0.9203821656050956
2021,Shaco,0.008905852417302799,1.0,buffed,0.22611464968152867
2021,Shen,0.017048346055979643,0.0,untouched,0.37261146496815284
2021,Shyvana,0.0007633587786259542,0.0,untouched,0.022292993630573247
2021,Singed,0.002035623409669211,1.0,buffed,0.08917197452229299
2021,Sion,0.01450381679389313,1.0,buffed,0.3184713375796178
2021,Sivir,0.029770992366412213,2.0,buffed,0.4840764331210191
2021,Skarner,0.002544529262086514,0.0,untouched,0.11464968152866242
2021,Sona,0.002035623409669211,0.0,untouched,0.08917197452229299
2021,Soraka,0.0033078880407124683,-1.0,nerfed,0.1337579617834395
2021,Swain,0.004071246819338422,0.0,untouched,0.14968152866242038
2021,Sylas,0.2964376590330789,1.0,buffed,0.8471337579617835
2021,Syndra,0.2819338422391858,0.0,untouched,0.8343949044585988
2021,Tahm Kench,0.1994910941475827,-2.0,nerfed,0.7898089171974523
2021,Taliyah,0.02010178117048346,-2.0,nerfed,0.43312101910828027
2021,Talon,0.0053435114503816794,-1.0,nerfed,0.17197452229299362
2021,Taric,0.030025445292620866,0.0,untouched,0.49363057324840764
2021,Teemo,0.002035623409669211,1.0,buffed,0.08917197452229299
2021,Thresh,0.7610687022900763,-3.0,nerfed,0.9872611464968153
2021,Tristana,0.2544529262086514,0.0,untouched,0.8089171974522293
2021,Trundle,0.2692111959287532,-2.0,nerfed,0.821656050955414
2021,Tryndamere,0.019083969465648856,0.0,untouched,0.4140127388535032
2021,Twisted Fate,0.17251908396946564,0.0,untouched,0.7643312101910829
2021,Twitch,0.009414758269720101,1.0,buffed,0.2356687898089172
2021,Udyr,0.008905852417302799,0.0,untouched,0.22611464968152867
2021,Urgot,0.01984732824427481,1.0,buffed,0.42356687898089174
2021,Varus,0.6142493638676845,-4.0,nerfed,0.9681528662420382
2021,Vayne,0.03435114503816794,0.0,untouched,0.5222929936305732
2021,Veigar,0.0022900763358778627,0.0,untouched,0.10509554140127389
2021,Vel'Koz,0.001272264631043257,0.0,untouched,0.054140127388535034
2021,Vex,0.0007633587786259542,-2.0,nerfed,0.022292993630573247
2021,Vi,0.0010178117048346056,0.0,untouched,0.041401273885350316
2021,Viego,0.8249363867684478,-3.0,nerfed,0.9936305732484076
2021,Viktor,0.09821882951653944,0.0,untouched,0.6687898089171974
2021,Vladimir,0.007888040712468193,2.0,buffed,0.21656050955414013
2021,Volibear,0.27099236641221375,0.0,untouched,0.8280254777070064
2021,Warwick,0.0007633587786259542,0.0,untouched,0.022292993630573247
2021,Wukong,0.1099236641221374,0.0,untouched,0.7070063694267515
2021,Xayah,0.05725190839694656,2.0,buffed,0.5923566878980892
2021,Xerath,0.015012722646310433,0.0,untouched,0.32802547770700635
2021,Xin Zhao,0.8725190839694656,-1.0,nerfed,1.0
2021,Yasuo,0.06921119592875317,0.0,untouched,0.6242038216560509
2021,Yone,0.04580152671755725,1.0,buffed,0.5668789808917197
2021,Yorick,0.0015267175572519084,0.0,untouched,0.06687898089171974
2021,Yuumi,0.02748091603053435,1.0,buffed,0.4713375796178344
2021,Zac,0.028244274809160305,0.0,untouched,0.47770700636942676
2021,Zed,0.021628498727735368,0.0,untouched,0.4394904458598726
2021,Ziggs,0.5279898218829516,0.0,untouched,0.9426751592356688
2021,Zilean,0.009669211195928753,0.0,untouched,0.24522292993630573
2021,Zoe,0.10661577608142493,2.0,buffed,0.6942675159235668
2021,Zyra,0.0015267175572519084,0.0,untouched,0.06687898089171974
2022,Aatrox,0.1974873264271545,0.0,untouched,0.782608695652174
2022,Ahri,0.5177430019836896,-1.0,nerfed,0.9565217391304348
2022,Akali,0.1977077363896848,2.0,buffed,0.7888198757763976
2022,Akshan,0.014767467489530527,0.0,untouched,0.30745341614906835
2022,Alistar,0.09653956358827419,0.0,untouched,0.6583850931677019
2022,Amumu,0.12364998897950187,0.0,untouched,0.6894409937888198
2022,Anivia,0.005069429138197046,0.0,untouched,0.15527950310559005
2022,Annie,0.004187789288075821,0.0,untouched,0.11801242236024845
2022,Aphelios,0.37601939607670265,0.0,untouched,0.9006211180124224
2022,Ashe,0.05333921093233414,2.0,buffed,0.5279503105590062
2022,Aurelion Sol,0.003526559400484902,0.0,untouched,0.10559006211180125
2022,Azir,0.5818823010800088,-2.0,nerfed,0.9813664596273292
2022,Bard,0.023583865990742782,0.0,untouched,0.37577639751552794
2022,Bel'Veth,0.0901476746748953,0.0,untouched,0.639751552795031
2022,Blitzcrank,0.019836896627727574,0.0,untouched,0.34782608695652173
2022,Brand,0.001102049812651532,0.0,untouched,0.037267080745341616
2022,Braum,0.1384174564690324,0.0,untouched,0.7111801242236024
2022,Caitlyn,0.034383954154727794,2.0,buffed,0.4658385093167702
2022,Camille,0.16729116156050253,2.0,buffed,0.7453416149068323
2022,Cassiopeia,0.027551245316288296,0.0,untouched,0.40993788819875776
2022,Cho'Gath,0.0057306590257879654,0.0,untouched,0.16149068322981366
2022,Corki,0.3206964954815958,0.0,untouched,0.8633540372670807
2022,Darius,0.04562486224377342,0.0,untouched,0.5031055900621118
2022,Diana,0.06656380868415253,1.0,buffed,0.5962732919254659
2022,Dr. Mundo,0.006832708838439497,0.0,untouched,0.1956521739130435
2022,Draven,0.28609213136433764,-1.0,nerfed,0.8509316770186336
2022,Ekko,0.009918448313863787,0.0,untouched,0.21739130434782608
2022,Elise,0.0037469693630152083,0.0,untouched,0.11180124223602485
2022,Evelynn,0.0019836896627727575,0.0,untouched,0.06832298136645963
2022,Ezreal,0.20277716552788186,1.0,buffed,0.7950310559006211
2022,Fiddlesticks,0.00484901917566674,0.0,untouched,0.14906832298136646
2022,Fiora,0.23649988979501874,0.0,untouched,0.8385093167701864
2022,Fizz,0.00022040996253030638,0.0,untouched,0.009316770186335404
2022,Galio,0.09213136433766807,0.0,untouched,0.6521739130434783
2022,Gangplank,0.3720520167511572,0.0,untouched,0.8944099378881988
2022,Garen,0.00242450958783337,0.0,untouched,0.07453416149068323
2022,Gnar,0.5298655499228565,0.0,untouched,0.9627329192546584
2022,Gragas,0.10513555212695613,0.0,untouched,0.6770186335403726
2022,Graves,0.050694291381970465,2.0,buffed,0.5217391304347826
2022,Gwen,0.5007714348688561,-2.0,nerfed,0.9503105590062112
2022,Hecarim,0.025126735728454926,-2.0,nerfed,0.39751552795031053
2022,Heimerdinger,0.006391888913378885,0.0,untouched,0.17391304347826086
2022,Illaoi,0.0026449195503636764,0.0,untouched,0.08074534161490683
2022,Irelia,0.07207405774741019,1.0,buffed,0.6024844720496895
2022,Ivern,0.004408199250606128,0.0,untouched,0.12422360248447205
2022,Janna,0.012342957901697156,0.0,untouched,0.2732919254658385
2022,Jarvan IV,0.10800088163985012,0.0,untouched,0.6832298136645962
2022,Jax,0.14833590478289618,0.0,untouched,0.7267080745341615
2022,Jayce,0.045845272206303724,2.0,buffed,0.5093167701863354
2022,Jhin,0.013885827639409301,0.0,untouched,0.2981366459627329
2022,Jinx,0.1765483799867754,1.0,buffed,0.7577639751552795
2022,Kai'Sa,0.059069869958122107,2.0,buffed,0.562111801242236
2022,Kalista,0.6662993167291161,-2.0,nerfed,0.9875776397515528
2022,Karma,0.1591359929468812,0.0,untouched,0.7329192546583851
2022,Karthus,0.049371831606788624,0.0,untouched,0.515527950310559
2022,Kassadin,0.010579678201454706,2.0,buffed,0.2267080745341615
2022,Katarina,0.0015428697377121445,0.0,untouched,0.055900621118012424
2022,Kayle,0.10249063257659247,0.0,untouched,0.6708074534161491
2022,Kayn,0.01278377782675777,-1.0,nerfed,0.2795031055900621
2022,Kennen,0.05973109984571302,2.0,buffed,0.5714285714285714
2022,Kha'Zix,0.011902137976636544,0.0,untouched,0.2639751552795031
2022,Kindred,0.04430240246859158,0.0,untouched,0.4968944099378882
2022,Kled,0.006832708838439497,0.0,untouched,0.1956521739130435
2022,Kog'Maw,0.02314304606568217,0.0,untouched,0.36645962732919257
2022,LeBlanc,0.2085078245536698,0.0,untouched,0.8043478260869565
2022,Lee Sin,0.22239365219307913,4.0,buffed,0.8260869565217391
2022,Leona,0.1278377782675777,2.0,buffed,0.6956521739130435
2022,Lillia,0.10138858276394093,1.0,buffed,0.6645962732919255
2022,Lissandra,0.2085078245536698,0.0,untouched,0.8043478260869565
2022,Lucian,0.4745426493277496,0.0,untouched,0.937888198757764
2022,Lulu,0.2638307251487767,-2.0,nerfed,0.84472049689441
2022,Lux,0.01102049812651532,0.0,untouched,0.2453416149068323
2022,Malphite,0.013224597751818383,2.0,buffed,0.2888198757763975
2022,Malzahar,0.00022040996253030638,0.0,untouched,0.009316770186335404
2022,Maokai,0.0028653295128939827,3.0,buffed,0.08695652173913043
2022,Master Yi,0.0008816398501212255,-2.0,nerfed,0.027950310559006212
2022,Miss Fortune,0.06149437954595548,-3.0,nerfed,0.577639751552795
2022,Mordekaiser,0.03217985452942473,0.0,untouched,0.4472049689440994
2022,Morgana,0.013224597751818383,0.0,untouched,0.2888198757763975
2022,Nami,0.1384174564690324,-1.0,nerfed,0.7111801242236024
2022,Nasus,0.0066122988759091915,0.0,untouched,0.18012422360248448
2022,Nautilus,0.45228124311218865,0.0,untouched,0.9254658385093167
2022,Neeko,0.003085739475424289,0.0,untouched,0.09627329192546584
2022,Nidalee,0.02380427595327309,0.0,untouched,0.38509316770186336
2022,Nilah,0.023583865990742782,0.0,untouched,0.37577639751552794
2022,Nocturne,0.042539122768349126,0.0,untouched,0.4906832298136646
2022,Nunu & Willump,0.0046286092131364335,0.0,untouched,0.13664596273291926
2022,Olaf,0.08882521489971347,0.0,untouched,0.6335403726708074
2022,Orianna,0.07383733744765264,0.0,untouched,0.6180124223602484
2022,Ornn,0.32951289398280803,0.0,untouched,0.8757763975155279
2022,Pantheon,0.02490632576592462,0.0,untouched,0.391304347826087
2022,Poppy,0.4423627947983249,-1.0,nerfed,0.9192546583850931
2022,Pyke,0.07383733744765264,0.0,untouched,0.6180124223602484
2022,Qiyana,0.010579678201454706,-2.0,nerfed,0.2267080745341615
2022,Quinn,0.0008816398501212255,0.0,untouched,0.027950310559006212
2022,Rakan,0.22790390125633678,0.0,untouched,0.8322981366459627
2022,Rammus,0.0013224597751818382,2.0,buffed,0.046583850931677016
2022,Rek'Sai,0.02182058629050033,0.0,untouched,0.36024844720496896
2022,Rell,0.03173903460436412,-1.0,nerfed,0.4409937888198758
2022,Renata Glasc,0.5347145690985232,0.0,untouched,0.968944099378882
2022,Renekton,0.1653074718977298,-2.0,nerfed,0.7391304347826086
2022,Rengar,0.017191977077363897,0.0,untouched,0.33540372670807456
2022,Riven,0.017412387039894204,0.0,untouched,0.3416149068322981
2022,Rumble,0.02799206524134891,0.0,untouched,0.4161490683229814
2022,Ryze,0.06458011902137976,0.0,untouched,0.5900621118012422
2022,Samira,0.05598413048269782,0.0,untouched,0.5403726708074534
2022,Sejuani,0.3467048710601719,0.0,untouched,0.8819875776397516
2022,Senna,0.32466387480714126,0.0,untouched,0.8695652173913043
2022,Seraphine,0.365439717875248,0.0,untouched,0.8881987577639752
2022,Sett,0.03592682389243994,2.0,buffed,0.4720496894409938
2022,Shaco,0.0046286092131364335,0.0,untouched,0.13664596273291926
2022,Shen,0.008155168613621335,1.0,buffed,0.2111801242236025
2022,Shyvana,0.05355962089486445,0.0,untouched,0.5341614906832298
2022,Singed,0.006171478950848578,2.0,buffed,0.16770186335403728
2022,Sion,0.03350231430460657,0.0,untouched,0.453416149068323
2022,Sivir,0.3103372272426714,-4.0,nerfed,0.8571428571428571
2022,Skarner,0.021600176327970025,0.0,untouched,0.35403726708074534
2022,Sona,0.01102049812651532,0.0,untouched,0.2453416149068323
2022,Soraka,0.028432885166409523,0.0,untouched,0.42857142857142855
2022,Swain,0.21049151421644258,0.0,untouched,0.8136645962732919
2022,Sylas,0.5536698258761296,-2.0,nerfed,0.9751552795031055
2022,Syndra,0.029534934979061053,0.0,untouched,0.43478260869565216
2022,Tahm Kench,0.2142384835794578,0.0,untouched,0.8198757763975155
2022,Taliyah,0.4701344500771435,-2.0,nerfed,0.9316770186335404
2022,Talon,0.003085739475424289,0.0,untouched,0.09627329192546584
2022,Taric,0.016530747189772977,-2.0,nerfed,0.32608695652173914
2022,Teemo,0.0013224597751818382,0.0,untouched,0.046583850931677016
2022,Thresh,0.028212475203879216,4.0,buffed,0.422360248447205
2022,Tristana,0.059069869958122107,2.0,buffed,0.562111801242236
2022,Trundle,0.4317831165968702,-2.0,nerfed,0.906832298136646
2022,Tryndamere,0.03945338329292484,0.0,untouched,0.484472049689441
2022,Twisted Fate,0.036808463742561165,2.0,buffed,0.4782608695652174
2022,Twitch,0.1348908970685475,0.0,untouched,0.7018633540372671
2022,Udyr,0.07229446770994048,0.0,untouched,0.6086956521739131
2022,Urgot,0.006832708838439497,0.0,untouched,0.1956521739130435
2022,Varus,0.016530747189772977,0.0,untouched,0.32608695652173914
2022,Vayne,0.01102049812651532,0.0,untouched,0.2453416149068323
2022,Veigar,0.05620454044522812,0.0,untouched,0.546583850931677
2022,Vel'Koz,0.006832708838439497,0.0,untouched,0.1956521739130435
2022,Vex,0.05642495040775843,0.0,untouched,0.5527950310559007
2022,Vi,0.19263830725148776,0.0,untouched,0.7763975155279503
2022,Viego,0.4324443464844611,0.0,untouched,0.9130434782608695
2022,Viktor,0.18249944897509368,0.0,untouched,0.7639751552795031
2022,Vladimir,0.027110425391227683,0.0,untouched,0.40372670807453415
2022,Volibear,0.18823010800088164,0.0,untouched,0.7701863354037267
2022,Warwick,0.0006612298875909191,0.0,untouched,0.018633540372670808
2022,Wukong,0.7959003746969363,-2.0,nerfed,1.0
2022,Xayah,0.06171478950848578,0.0,untouched,0.5838509316770186
2022,Xerath,0.011902137976636544,0.0,untouched,0.2639751552795031
2022,Xin Zhao,0.17566674013665418,0.0,untouched,0.7515527950310559
2022,Yasuo,0.07493938726030416,0.0,untouched,0.6273291925465838
2022,Yone,0.14613180515759314,0.0,untouched,0.7204968944099379
2022,Yorick,0.001763279700242451,0.0,untouched,0.062111801242236024
2022,Yuumi,0.4943795459554772,0.0,untouched,0.9440993788819876
2022,Zac,0.016089927264712364,0.0,untouched,0.3167701863354037
2022,Zed,0.01102049812651532,2.0,buffed,0.2453416149068323
2022,Zeri,0.6874586731320256,-2.0,nerfed,0.9937888198757764
2022,Ziggs,0.014767467489530527,0.0,untouched,0.30745341614906835
2022,Zilean,0.03394313422966718,0.0,untouched,0.45962732919254656
2022,Zoe,0.09102931452501653,2.0,buffed,0.6459627329192547
2022,Zyra,0.0046286092131364335,1.0,buffed,0.13664596273291926
2023,Aatrox,0.15927051671732523,1.0,buffed,0.8012422360248447
2023,Ahri,0.3006079027355623,0.0,untouched,0.8757763975155279
2023,Akali,0.0662613981762918,2.0,buffed,0.6459627329192547
2023,Akshan,0.010638297872340425,0.0,untouched,0.36024844720496896
2023,Alistar,0.4851063829787234,0.0,untouched,0.9130434782608695
2023,Amumu,0.045288753799392095,0.0,untouched,0.6055900621118012
2023,Anivia,0.0012158054711246201,0.0,untouched,0.062111801242236024
2023,Annie,0.1729483282674772,0.0,untouched,0.8074534161490683
2023,Aphelios,0.28085106382978725,0.0,untouched,0.8633540372670807
2023,Ashe,0.20547112462006079,0.0,untouched,0.8260869565217391
2023,Aurelion Sol,0.006686930091185411,0.0,untouched,0.2329192546583851
2023,Azir,0.5206686930091186,-1.0,nerfed,0.9254658385093167
2023,Bard,0.0060790273556231,2.0,buffed,0.21428571428571427
2023,Bel'Veth,0.03829787234042553,0.0,untouched,0.5527950310559007
2023,Blitzcrank,0.09574468085106383,0.0,untouched,0.6956521739130435
2023,Brand,0.00030395136778115504,2.0,buffed,0.015527950310559006
2023,Braum,0.2662613981762918,0.0,untouched,0.8571428571428571
2023,Caitlyn,0.008814589665653495,4.0,buffed,0.3136645962732919
2023,Camille,0.02796352583586626,2.0,buffed,0.4937888198757764
2023,Cassiopeia,0.052583586626139815,0.0,untouched,0.6211180124223602
2023,Cho'Gath,0.007902735562310031,0.0,untouched,0.2670807453416149
2023,Corki,0.009422492401215805,0.0,untouched,0.33540372670807456
2023,Darius,0.04133738601823708,0.0,untouched,0.5807453416149069
2023,Diana,0.006382978723404255,2.0,buffed,0.2236024844720497
2023,Dr. Mundo,0.001519756838905775,0.0,untouched,0.08695652173913043
2023,Draven,0.12249240121580547,0.0,untouched,0.7267080745341615
2023,Ekko,0.003951367781155016,2.0,buffed,0.16459627329192547
2023,Elise,0.015805471124620062,2.0,buffed,0.40993788819875776
2023,Evelynn,0.000911854103343465,0.0,untouched,0.040372670807453416
2023,Ezreal,0.14042553191489363,0.0,untouched,0.782608695652174
2023,Fiddlesticks,0.008206686930091186,0.0,untouched,0.2857142857142857
2023,Fiora,0.07750759878419453,0.0,untouched,0.6708074534161491
2023,Galio,0.01762917933130699,1.0,buffed,0.43478260869565216
2023,Gangplank,0.039209726443768994,2.0,buffed,0.5652173913043478
2023,Garen,0.01033434650455927,0.0,untouched,0.35403726708074534
2023,Gnar,0.1474164133738602,2.0,buffed,0.7888198757763976
2023,Gragas,0.11398176291793313,0.0,untouched,0.7204968944099379
2023,Graves,0.019756838905775075,0.0,untouched,0.45962732919254656
2023,Gwen,0.1398176291793313,4.0,buffed,0.7763975155279503
2023,Hecarim,0.00303951367781155,-2.0,nerfed,0.13354037267080746
2023,Heimerdinger,0.04133738601823708,0.0,untouched,0.5807453416149069
2023,Illaoi,0.0060790273556231,0.0,untouched,0.21428571428571427
2023,Irelia,0.02735562310030395,1.0,buffed,0.484472049689441
2023,Ivern,0.3559270516717325,-2.0,nerfed,0.8881987577639752
2023,Janna,0.007598784194528876,0.0,untouched,0.2515527950310559
2023,Jarvan IV,0.09635258358662614,-2.0,nerfed,0.7018633540372671
2023,Jax,0.4890577507598784,-2.0,nerfed,0.9192546583850931
2023,Jayce,0.5583586626139818,0.0,untouched,0.9316770186335404
2023,Jhin,0.0024316109422492403,2.0,buffed,0.11490683229813664
2023,Jinx,0.07355623100303951,0.0,untouched,0.6521739130434783
2023,K'Sante,0.4206686930091185,0.0,untouched,0.8944099378881988
2023,Kai'Sa,0.8227963525835866,-2.0,nerfed,0.9937888198757764
2023,Kalista,0.0574468085106383,0.0,untouched,0.6273291925465838
2023,Karma,0.022492401215805473,2.0,buffed,0.4720496894409938
2023,Karthus,0.04164133738601824,-1.0,nerfed,0.5900621118012422
2023,Kassadin,0.0024316109422492403,2.0,buffed,0.11490683229813664
2023,Katarina,0.0012158054711246201,0.0,untouched,0.062111801242236024
2023,Kayle,0.001519756838905775,0.0,untouched,0.08695652173913043
2023,Kayn,0.00425531914893617,-4.0,nerfed,0.18322981366459629
2023,Kennen,0.08875379939209727,2.0,buffed,0.6894409937888198
2023,Kha'Zix,0.059878419452887535,-1.0,nerfed,0.6335403726708074
2023,Kindred,0.12857142857142856,-4.0,nerfed,0.7577639751552795
2023,Kled,0.015197568389057751,0.0,untouched,0.39751552795031053
2023,Kog'Maw,0.03343465045592705,0.0,untouched,0.5279503105590062
2023,LeBlanc,0.735258358662614,0.0,untouched,0.9751552795031055
2023,Lee Sin,0.12674772036474163,2.0,buffed,0.7391304347826086
2023,Leona,0.13556231003039515,0.0,untouched,0.7701863354037267
2023,Lillia,0.06048632218844985,0.0,untouched,0.639751552795031
2023,Lissandra,0.03768996960486322,3.0,buffed,0.546583850931677
2023,Lucian,0.045288753799392095,1.0,buffed,0.6055900621118012
2023,Lulu,0.034954407294832825,2.0,buffed,0.5341614906832298
2023,Lux,0.005775075987841946,1.0,buffed,0.20496894409937888
2023,Malphite,0.11124620060790273,0.0,untouched,0.7080745341614907
2023,Malzahar,0.00030395136778115504,-1.0,nerfed,0.015527950310559006
2023,Maokai,0.6996960486322188,-1.0,nerfed,0.9565217391304348
2023,Master Yi,0.0006079027355623101,0.0,untouched,0.031055900621118012
2023,Milio,0.19817629179331306,0.0,untouched,0.8198757763975155
2023,Miss Fortune,0.01702127659574468,0.0,untouched,0.422360248447205
2023,Mordekaiser,0.007902735562310031,0.0,untouched,0.2670807453416149
2023,Morgana,0.0012158054711246201,0.0,untouched,0.062111801242236024
2023,Naafiri,0.00303951367781155,-8.0,nerfed,0.13354037267080746
2023,Nami,0.002127659574468085,2.0,buffed,0.09937888198757763
2023,Nasus,0.003951367781155016,0.0,untouched,0.16459627329192547
2023,Nautilus,0.578419452887538,0.0,untouched,0.937888198757764
2023,Neeko,0.45501519756838904,0.0,untouched,0.906832298136646
2023,Nidalee,0.019148936170212766,1.0,buffed,0.453416149068323
2023,Nilah,0.036778115501519756,0.0,untouched,0.5403726708074534
2023,Nocturne,0.22127659574468084,0.0,untouched,0.8322981366459627
2023,Nunu & Willump,0.007598784194528876,1.0,buffed,0.2515527950310559
2023,Olaf,0.1270516717325228,0.0,untouched,0.7484472049689441
2023,Orianna,0.07477203647416414,2.0,buffed,0.6583850931677019
2023,Ornn,0.22401215805471125,0.0,untouched,0.8385093167701864
2023,Pantheon,0.015501519756838906,0.0,untouched,0.40372670807453415
2023,Poppy,0.5896656534954408,0.0,untouched,0.9440993788819876
2023,Pyke,0.020364741641337385,2.0,buffed,0.4658385093167702
2023,Qiyana,0.0033434650455927053,0.0,untouched,0.14285714285714285
2023,Quinn,0.011854103343465046,0.0,untouched,0.36645962732919257
2023,Rakan,0.6449848024316109,0.0,untouched,0.9503105590062112
2023,Rek'Sai,0.030091185410334346,-6.0,nerfed,0.5093167701863354
2023,Rell,0.8623100303951368,-3.0,nerfed,1.0
2023,Renata Glasc,0.03252279635258359,0.0,untouched,0.5217391304347826
2023,Renekton,0.7006079027355623,-1.0,nerfed,0.9627329192546584
2023,Rengar,0.01398176291793313,-2.0,nerfed,0.37888198757763975
2023,Riven,0.00547112462006079,0.0,untouched,0.1956521739130435
2023,Rumble,0.43647416413373863,0.0,untouched,0.9006211180124224
2023,Ryze,0.01762917933130699,0.0,untouched,0.43478260869565216
2023,Samira,0.046504559270516714,1.0,buffed,0.6149068322981367
2023,Sejuani,0.7124620060790273,-2.0,nerfed,0.968944099378882
2023,Senna,0.01458966565349544,2.0,buffed,0.38509316770186336
2023,Seraphine,0.041033434650455926,0.0,untouched,0.5714285714285714
2023,Sett,0.014893617021276596,0.0,untouched,0.391304347826087
2023,Shaco,0.003951367781155016,0.0,untouched,0.16459627329192547
2023,Shen,0.00425531914893617,0.0,untouched,0.18322981366459629
2023,Shyvana,0.0024316109422492403,-2.0,nerfed,0.11490683229813664
2023,Singed,0.00030395136778115504,0.0,untouched,0.015527950310559006
2023,Sion,0.0790273556231003,0.0,untouched,0.6770186335403726
2023,Sivir,0.08480243161094225,0.0,untouched,0.6832298136645962
2023,Skarner,0.008206686930091186,0.0,untouched,0.2857142857142857
2023,Sona,0.001519756838905775,0.0,untouched,0.08695652173913043
2023,Soraka,0.006990881458966565,0.0,untouched,0.2422360248447205
2023,Swain,0.0182370820668693,0.0,untouched,0.4472049689440994
2023,Sylas,0.11367781155015197,2.0,buffed,0.7142857142857143
2023,Syndra,0.18936170212765957,1.0,buffed,0.8136645962732919
2023,Tahm Kench,0.008814589665653495,0.0,untouched,0.3136645962732919
2023,Taliyah,0.15319148936170213,2.0,buffed,0.7950310559006211
2023,Talon,0.0012158054711246201,0.0,untouched,0.062111801242236024
2023,Taric,0.008814589665653495,0.0,untouched,0.3136645962732919
2023,Thresh,0.025227963525835867,1.0,buffed,0.4782608695652174
2023,Tristana,0.8009118541033434,0.0,untouched,0.9875776397515528
2023,Trundle,0.07537993920972644,0.0,untouched,0.6645962732919255
2023,Tryndamere,0.008206686930091186,0.0,untouched,0.2857142857142857
2023,Twisted Fate,0.00364741641337386,1.0,buffed,0.14906832298136646
2023,Twitch,0.00851063829787234,1.0,buffed,0.2981366459627329
2023,Udyr,0.013677811550151976,0.0,untouched,0.37267080745341613
2023,Urgot,0.009726443768996961,0.0,untouched,0.3447204968944099
2023,Varus,0.251063829787234,0.0,untouched,0.8509316770186336
2023,Vayne,0.028875379939209727,0.0,untouched,0.5031055900621118
2023,Veigar,0.00911854103343465,0.0,untouched,0.32919254658385094
2023,Vel'Koz,0.000911854103343465,0.0,untouched,0.040372670807453416
2023,Vex,0.006686930091185411,2.0,buffed,0.2329192546583851
2023,Vi,0.3069908814589666,0.0,untouched,0.8819875776397516
2023,Viego,0.2896656534954407,0.0,untouched,0.8695652173913043
2023,Viktor,0.04437689969604863,0.0,untouched,0.5962732919254659
2023,Vladimir,0.003951367781155016,0.0,untouched,0.16459627329192547
2023,Volibear,0.008814589665653495,2.0,buffed,0.3136645962732919
2023,Warwick,0.0012158054711246201,0.0,untouched,0.062111801242236024
2023,Wukong,0.12279635258358662,2.0,buffed,0.7329192546583851
2023,Xayah,0.7376899696048632,-2.0,nerfed,0.9813664596273292
2023,Xerath,0.031610942249240125,-1.0,nerfed,0.515527950310559
2023,Xin Zhao,0.02796352583586626,1.0,buffed,0.4937888198757764
2023,Yasuo,0.038905775075987845,2.0,buffed,0.5590062111801242
2023,Yone,0.1316109422492401,1.0,buffed,0.7639751552795031
2023,Yorick,0.00030395136778115504,-1.0,nerfed,0.015527950310559006
2023,Yuumi,0.009726443768996961,0.0,untouched,0.3447204968944099
2023,Zac,0.01762917933130699,0.0,untouched,0.43478260869565216
2023,Zed,0.007902735562310031,0.0,untouched,0.2670807453416149
2023,Zeri,0.225531914893617,-1.0,nerfed,0.84472049689441
2023,Ziggs,0.1270516717325228,0.0,untouched,0.7484472049689441
2023,Zilean,0.00547112462006079,0.0,untouched,0.1956521739130435
2023,Zoe,0.01641337386018237,1.0,buffed,0.4161490683229814
2023,Zyra,0.0024316109422492403,1.0,buffed,0.11490683229813664
2024,Aatrox,0.1038667795653401,0.0,untouched,0.6927710843373494
2024,Ahri,0.062376517075924356,2.0,buffed,0.6265060240963856
2024,Akali,0.03132938187976291,0.0,untouched,0.4879518072289157
2024,Akshan,0.005362686988427886,0.0,untouched,0.21686746987951808
2024,Alistar,0.349421394298617,0.0,untouched,0.891566265060241
2024,Amumu,0.05786057013830088,0.0,untouched,0.608433734939759
2024,Anivia,0.003386960203217612,0.0,untouched,0.16566265060240964
2024,Annie,0.008185153824442563,0.0,untouched,0.27710843373493976
2024,Aphelios,0.05447360993508326,0.0,untouched,0.5783132530120482
2024,Ashe,0.6900931414055885,-1.0,nerfed,0.9879518072289156
2024,Aurelion Sol,0.04261924922382162,0.0,untouched,0.5421686746987951
2024,Aurora,0.12531752751905165,-5.0,nerfed,0.7048192771084337
2024,Azir,0.23031329381879762,0.0,untouched,0.8012048192771084
2024,Bard,0.030200395145357044,0.0,untouched,0.47289156626506024
2024,Bel'Veth,0.01213660739486311,0.0,untouched,0.3313253012048193
2024,Blitzcrank,0.03640982218458933,0.0,untouched,0.5240963855421686
2024,Brand,0.34772791419700816,-2.0,nerfed,0.8855421686746988
2024,Braum,0.3587355348574654,0.0,untouched,0.9096385542168675
2024,Briar,0.0014112334180073384,0.0,untouched,0.07228915662650602
2024,Caitlyn,0.056731583403895,2.0,buffed,0.5963855421686747
2024,Camille,0.16398532317245273,0.0,untouched,0.7590361445783133
2024,Cassiopeia,0.027095681625740897,0.0,untouched,0.45180722891566266
2024,Cho'Gath,0.004515946937623483,0.0,untouched,0.20481927710843373
2024,Corki,0.663279706463449,-4.0,nerfed,0.9698795180722891
2024,Darius,0.057578323454699404,0.0,untouched,0.6024096385542169
2024,Diana,0.027377928309342364,0.0,untouched,0.4578313253012048
2024,Dr. Mundo,0.03302286198137172,0.0,untouched,0.5
2024,Draven,0.09031893875246966,0.0,untouched,0.6807228915662651
2024,Ekko,0.000846740050804403,0.0,untouched,0.03614457831325301
2024,Elise,0.003951453570420547,0.0,untouched,0.18674698795180722
2024,Evelynn,0.0019757267852102737,0.0,untouched,0.10843373493975904
2024,Ezreal,0.6796500141123342,-1.0,nerfed,0.9819277108433735
2024,Fiddlesticks,0.002822466836014677,0.0,untouched,0.14457831325301204
2024,Fiora,0.033587355348574655,0.0,untouched,0.5120481927710844
2024,Galio,0.03048264182895851,0.0,untouched,0.4819277108433735
2024,Gangplank,0.0183460344340954,0.0,untouched,0.4126506024096386
2024,Garen,0.01467682754727632,0.0,untouched,0.3644578313253012
2024,Gnar,0.29635901778154106,1.0,buffed,0.8554216867469879
2024,Gragas,0.06040079029071409,0.0,untouched,0.6204819277108434
2024,Graves,0.008749647191645497,2.0,buffed,0.29518072289156627
2024,Gwen,0.07733559130680215,0.0,untouched,0.6566265060240963
2024,Hecarim,0.006491673722833756,0.0,untouched,0.24397590361445784
2024,Heimerdinger,0.00366920688681908,0.0,untouched,0.1746987951807229
2024,Hwei,0.19700818515382446,1.0,buffed,0.7710843373493976
2024,Illaoi,0.00846740050804403,0.0,untouched,0.28313253012048195
2024,Irelia,0.014959074230877787,0.0,untouched,0.37349397590361444
2024,Ivern,0.2782952300310471,-2.0,nerfed,0.8433734939759037
2024,Janna,0.003386960203217612,0.0,untouched,0.16566265060240964
2024,Jarvan IV,0.056449336720293536,1.0,buffed,0.5903614457831325
2024,Jax,0.24047417442845045,2.0,buffed,0.8072289156626506
2024,Jayce,0.13491391476150155,2.0,buffed,0.7228915662650602
2024,Jhin,0.21704769968952864,0.0,untouched,0.7831325301204819
2024,Jinx,0.14987298899237933,1.0,buffed,0.7349397590361446
2024,K'Sante,0.4877222692633362,0.0,untouched,0.9397590361445783
2024,Kai'Sa,0.41716059836296926,0.0,untouched,0.9156626506024096
2024,Kalista,0.26390064916737227,0.0,untouched,0.8253012048192772
2024,Karma,0.04403048264182896,0.0,untouched,0.5542168674698795
2024,Karthus,0.13068021450747955,0.0,untouched,0.7168674698795181
2024,Kassadin,0.0014112334180073384,0.0,untouched,0.07228915662650602
2024,Katarina,0.0002822466836014677,-1.0,nerfed,0.012048192771084338
2024,Kayle,0.0022579734688117415,0.0,untouched,0.12650602409638553
2024,Kayn,0.0031047135196161446,0.0,untouched,0.1566265060240964
2024,Kennen,0.22128139994355067,-1.0,nerfed,0.7891566265060241
2024,Kha'Zix,0.012418854078464579,0.0,untouched,0.34036144578313254
2024,Kindred,0.047981936212249506,2.0,buffed,0.572289156626506
2024,Kled,0.003951453570420547,0.0,untouched,0.18674698795180722
2024,Kog'Maw,0.009596387242449902,0.0,untouched,0.3072289156626506
2024,LeBlanc,0.2972057578323455,-2.0,nerfed,0.8614457831325302
2024,Lee Sin,0.09793959920970928,0.0,untouched,0.6867469879518072
2024,Leona,0.6979960485464296,-1.0,nerfed,0.9939759036144579
2024,Lillia,0.2647473892181767,-3.0,nerfed,0.8313253012048193
2024,Lissandra,0.006491673722833756,1.0,buffed,0.24397590361445784
2024,Lucian,0.33784928027095684,0.0,untouched,0.8734939759036144
2024,Lulu,0.03217612193056731,1.0,buffed,0.4939759036144578
2024,Lux,0.010160880609652836,0.0,untouched,0.3192771084337349
2024,Malphite,0.06519898391193904,1.0,buffed,0.6385542168674698
2024,Malzahar,0.0019757267852102737,0.0,untouched,0.10843373493975904
2024,Maokai,0.5134067174710697,-2.0,nerfed,0.9457831325301205
2024,Milio,0.016652554332486594,0.0,untouched,0.3885542168674699
2024,Miss Fortune,0.35167936776742875,-1.0,nerfed,0.8975903614457831
2024,Mordekaiser,0.033587355348574655,0.0,untouched,0.5120481927710844
2024,Morgana,0.012983347445667513,0.0,untouched,0.35542168674698793
2024,Naafiri,0.005080440304826418,0.0,untouched,0.21084337349397592
2024,Nami,0.021450747953711543,0.0,untouched,0.4307228915662651
2024,Nasus,0.05927180355630821,-2.0,nerfed,0.6144578313253012
2024,Nautilus,0.46175557437200115,0.0,untouched,0.9337349397590361
2024,Neeko,0.029635901778154106,0.0,untouched,0.463855421686747
2024,Nidalee,0.2884561106407,0.0,untouched,0.8493975903614458
2024,Nilah,0.017781541066892465,0.0,untouched,0.4006024096385542
2024,Nocturne,0.044594976009031895,0.0,untouched,0.5602409638554217
2024,Nunu & Willump,0.00733841377363816,0.0,untouched,0.2680722891566265
2024,Olaf,0.0838272650296359,0.0,untouched,0.6686746987951807
2024,Orianna,0.11741462037821056,1.0,buffed,0.6987951807228916
2024,Ornn,0.16003386960203217,0.0,untouched,0.7530120481927711
2024,Pantheon,0.021450747953711543,0.0,untouched,0.4307228915662651
2024,Poppy,0.14705052215636466,0.0,untouched,0.7289156626506024
2024,Pyke,0.030200395145357044,-1.0,nerfed,0.47289156626506024
2024,Qiyana,0.0011289867344058708,0.0,untouched,0.05421686746987952
2024,Quinn,0.002822466836014677,0.0,untouched,0.14457831325301204
2024,Rakan,0.23003104713519615,0.0,untouched,0.7951807228915663
2024,Rammus,0.0002822466836014677,0.0,untouched,0.012048192771084338
2024,Rek'Sai,0.016088060965283656,0.0,untouched,0.3795180722891566
2024,Rell,0.5791701947502117,-1.0,nerfed,0.963855421686747
2024,Renata Glasc,0.08806096528365792,0.0,untouched,0.6746987951807228
2024,Renekton,0.5351397121083827,0.0,untouched,0.9518072289156626
2024,Rengar,0.017781541066892465,0.0,untouched,0.4006024096385542
2024,Riven,0.008749647191645497,0.0,untouched,0.29518072289156627
2024,Rumble,0.8267005362686989,-3.0,nerfed,1.0
2024,Ryze,0.010160880609652836,2.0,buffed,0.3192771084337349
2024,Samira,0.004233700254022015,1.0,buffed,0.19879518072289157
2024,Sejuani,0.5602596669489134,0.0,untouched,0.9578313253012049
2024,Senna,0.21507197290431837,-2.0,nerfed,0.7771084337349398
2024,Seraphine,0.0558848433530906,-2.0,nerfed,0.5843373493975904
2024,Sett,0.005644933672029354,0.0,untouched,0.2289156626506024
2024,Shaco,0.000846740050804403,0.0,untouched,0.03614457831325301
2024,Shen,0.007056167090036692,1.0,buffed,0.25903614457831325
2024,Shyvana,0.0375388089189952,0.0,untouched,0.5301204819277109
2024,Singed,0.0002822466836014677,0.0,untouched,0.012048192771084338
2024,Sion,0.033587355348574655,0.0,untouched,0.5120481927710844
2024,Sivir,0.0183460344340954,0.0,untouched,0.4126506024096386
2024,Skarner,0.32006773920406434,2.0,buffed,0.8674698795180723
2024,Smolder,0.15241320914479256,-2.0,nerfed,0.7469879518072289
2024,Sona,0.000846740050804403,0.0,untouched,0.03614457831325301
2024,Soraka,0.002540220152413209,0.0,untouched,0.13253012048192772
2024,Swain,0.0019757267852102737,0.0,untouched,0.10843373493975904
2024,Sylas,0.026531188258537963,1.0,buffed,0.4457831325301205
2024,Syndra,0.07056167090036693,1.0,buffed,0.6445783132530121
2024,Tahm Kench,0.012701100762066046,0.0,untouched,0.3493975903614458
2024,Taliyah,0.24668360146768276,0.0,untouched,0.8132530120481928
2024,Talon,0.0019757267852102737,0.0,untouched,0.10843373493975904
2024,Taric,0.008749647191645497,0.0,untouched,0.29518072289156627
2024,Teemo,0.0005644933672029354,0.0,untouched,0.024096385542168676
2024,Thresh,0.012418854078464579,0.0,untouched,0.34036144578313254
2024,Tristana,0.6658199266158623,0.0,untouched,0.9759036144578314
2024,Trundle,0.003951453570420547,0.0,untouched,0.18674698795180722
2024,Tryndamere,0.018910527801298333,0.0,untouched,0.42168674698795183
2024,Twisted Fate,0.15156646909398813,1.0,buffed,0.7409638554216867
2024,Twitch,0.005644933672029354,0.0,untouched,0.2289156626506024
2024,Udyr,0.07112616426756986,0.0,untouched,0.6506024096385542
2024,Urgot,0.016652554332486594,0.0,untouched,0.3885542168674699
2024,Varus,0.2672876093705899,0.0,untouched,0.8373493975903614
2024,Vayne,0.043748235958227494,0.0,untouched,0.5481927710843374
2024,Veigar,0.0014112334180073384,0.0,untouched,0.07228915662650602
2024,Vel'Koz,0.002822466836014677,0.0,untouched,0.14457831325301204
2024,Vex,0.005644933672029354,0.0,untouched,0.2289156626506024
2024,Vi,0.3468811741462038,0.0,untouched,0.8795180722891566
2024,Viego,0.1789443974033305,1.0,buffed,0.7650602409638554
2024,Viktor,0.01467682754727632,0.0,untouched,0.3644578313253012
2024,Vladimir,0.010160880609652836,0.0,untouched,0.3192771084337349
2024,Volibear,0.047135196161445105,0.0,untouched,0.5662650602409639
2024,Warwick,0.001693480101608806,0.0,untouched,0.08734939759036145
2024,Wukong,0.022579734688117414,2.0,buffed,0.4397590361445783
2024,Xayah,0.08044030482641829,0.0,untouched,0.6626506024096386
2024,Xerath,0.0019757267852102737,0.0,untouched,0.10843373493975904
2024,Xin Zhao,0.12898673440587072,2.0,buffed,0.7108433734939759
2024,Yasuo,0.06406999717753316,0.0,untouched,0.6325301204819277
2024,Yone,0.3553485746542478,0.0,untouched,0.9036144578313253
2024,Yorick,0.001693480101608806,0.0,untouched,0.08734939759036145
2024,Yuumi,0.0011289867344058708,0.0,untouched,0.05421686746987952
2024,Zac,0.03895004233700254,0.0,untouched,0.536144578313253
2024,Zed,0.00733841377363816,0.0,untouched,0.2680722891566265
2024,Zeri,0.4307084391758397,-2.0,nerfed,0.9216867469879518
2024,Ziggs,0.24696584815128422,-1.0,nerfed,0.8192771084337349
2024,Zilean,0.0011289867344058708,0.0,untouched,0.05421686746987952
2024,Zoe,0.006773920406435224,0.0,untouched,0.25301204819277107
2024,Zyra,0.44086931978549254,0.0,untouched,0.927710843373494
2025,Aatrox,0.17519976324356318,0.0,untouched,0.757396449704142
2025,Ahri,0.17638354542764131,2.0,buffed,0.7633136094674556
2025,Akali,0.15122817401598107,0.0,untouched,0.7337278106508875
2025,Akshan,0.0038472920982539215,0.0,untouched,0.15680473372781065
2025,Alistar,0.46078721515241194,0.0,untouched,0.9526627218934911
2025,Ambessa,0.4510210121337674,0.0,untouched,0.9349112426035503
2025,Amumu,0.005918910920390648,2.0,buffed,0.23964497041420119
2025,Anivia,0.003551346552234389,2.0,buffed,0.13609467455621302
2025,Annie,0.27759692216632137,-2.0,nerfed,0.8402366863905325
2025,Aphelios,0.06954720331459012,0.0,untouched,0.6035502958579881
2025,Ashe,0.025155371411660254,1.0,buffed,0.4437869822485207
2025,Aurelion Sol,0.007990529742527374,0.0,untouched,0.26627218934911245
2025,Aurora,0.4436223734832791,-2.0,nerfed,0.9289940828402367
2025,Azir,0.6404261615862681,-4.0,nerfed,0.9940828402366864
2025,Bard,0.22935779816513763,0.0,untouched,0.7928994082840237
2025,Bel'Veth,0.016277005031074283,0.0,untouched,0.39349112426035504
2025,Blitzcrank,0.03995264871263687,0.0,untouched,0.5325443786982249
2025,Brand,0.010062148564664102,2.0,buffed,0.30177514792899407
2025,Braum,0.30896715004439185,0.0,untouched,0.8520710059171598
2025,Briar,0.0005918910920390648,-1.0,nerfed,0.026627218934911243
2025,Caitlyn,0.047647232909144716,1.0,buffed,0.5680473372781065
2025,Camille,0.03551346552234389,0.0,untouched,0.5029585798816568
2025,Cassiopeia,0.04735128736312518,2.0,buffed,0.5621301775147929
2025,Cho'Gath,0.04409588635691033,0.0,untouched,0.5443786982248521
2025,Corki,0.35424681858538026,-1.0,nerfed,0.8757396449704142
2025,Darius,0.015389168393015686,0.0,untouched,0.38461538461538464
2025,Diana,0.0023675643681562593,1.0,buffed,0.08284023668639054
2025,Dr. Mundo,0.028706717963894644,0.0,untouched,0.47041420118343197
2025,Draven,0.01479727730097662,2.0,buffed,0.378698224852071
2025,Ekko,0.004143237644273453,0.0,untouched,0.16863905325443787
2025,Elise,0.012725658478839894,0.0,untouched,0.35798816568047337
2025,Evelynn,0.0008878366380585972,0.0,untouched,0.047337278106508875
2025,Ezreal,0.24415507546611423,0.0,untouched,0.8165680473372781
2025,Fiddlesticks,0.0008878366380585972,0.0,untouched,0.047337278106508875
2025,Fiora,0.04853506954720332,0.0,untouched,0.5739644970414202
2025,Galio,0.24001183782184077,-2.0,nerfed,0.8106508875739645
2025,Gangplank,0.011541876294761763,0.0,untouched,0.3224852071005917
2025,Garen,0.005918910920390648,1.0,buffed,0.23964497041420119
2025,Gnar,0.09470257472625036,0.0,untouched,0.6479289940828402
2025,Gragas,0.05534181710565256,0.0,untouched,0.5798816568047337
2025,Graves,0.0002959455460195324,1.0,buffed,0.008875739644970414
2025,Gwen,0.5448357502219592,0.0,untouched,0.9822485207100592
2025,Hecarim,0.002959455460195324,0.0,untouched,0.10355029585798817
2025,Heimerdinger,0.004439183190292986,1.0,buffed,0.1804733727810651
2025,Hwei,0.10802012429712933,2.0,buffed,0.6686390532544378
2025,Illaoi,0.0026635099141757916,0.0,untouched,0.09171597633136094
2025,Irelia,0.020716188221367268,0.0,untouched,0.4230769230769231
2025,Ivern,0.044983722994968924,0.0,untouched,0.5502958579881657
2025,Janna,0.0056229653743711154,0.0,untouched,0.22189349112426035
2025,Jarvan IV,0.3178455164249778,0.0,untouched,0.8579881656804734
2025,Jax,0.210121337673868,0.0,untouched,0.7692307692307693
2025,Jayce,0.14323764427345367,1.0,buffed,0.727810650887574
2025,Jhin,0.25540100621485645,0.0,untouched,0.8224852071005917
2025,Jinx,0.09825392127848476,2.0,buffed,0.6568047337278107
2025,K'Sante,0.2678307191476768,0.0,untouched,0.834319526627219
2025,Kai'Sa,0.3486238532110092,0.0,untouched,0.8698224852071006
2025,Kalista,0.03906481207457828,0.0,untouched,0.5266272189349113
2025,Karma,0.12044983722994969,0.0,untouched,0.6923076923076923
2025,Karthus,0.0038472920982539215,0.0,untouched,0.15680473372781065
2025,Kassadin,0.0026635099141757916,0.0,untouched,0.09171597633136094
2025,Katarina,0.0011837821840781297,1.0,buffed,0.0621301775147929
2025,Kayle,0.0032554010062148565,0.0,untouched,0.11538461538461539
2025,Kayn,0.005918910920390648,0.0,untouched,0.23964497041420119
2025,Kennen,0.011837821840781295,0.0,untouched,0.3343195266272189
2025,Kha'Zix,0.004735128736312519,0.0,untouched,0.1952662721893491
2025,Kindred,0.03344184670020716,0.0,untouched,0.4911242603550296
2025,Kled,0.00976620301864457,0.0,untouched,0.2958579881656805
2025,Kog'Maw,0.012429712932820362,0.0,untouched,0.34911242603550297
2025,LeBlanc,0.05622965374371116,2.0,buffed,0.5857988165680473
2025,Lee Sin,0.07842556969517608,0.0,untouched,0.621301775147929
2025,Leona,0.2163361941402782,0.0,untouched,0.7869822485207101
2025,Lillia,0.03699319325244155,2.0,buffed,0.514792899408284
2025,Lissandra,0.012725658478839894,0.0,untouched,0.35798816568047337
2025,Lucian,0.3060076945841965,0.0,untouched,0.8461538461538461
2025,Lulu,0.10654039656703167,0.0,untouched,0.6627218934911243
2025,Lux,0.008286475288546907,0.0,untouched,0.27218934911242604
2025,Malphite,0.008878366380585973,2.0,buffed,0.28402366863905326
2025,Malzahar,0.004735128736312519,0.0,untouched,0.1952662721893491
2025,Maokai,0.17283219887540693,0.0,untouched,0.7514792899408284
2025,Master Yi,0.0005918910920390648,0.0,untouched,0.026627218934911243
2025,Mel,0.026635099141757917,2.0,buffed,0.4556213017751479
2025,Milio,0.01746078721515241,0.0,untouched,0.40828402366863903
2025,Miss Fortune,0.11038768866528559,0.0,untouched,0.6745562130177515
2025,Mordekaiser,0.016868896123113347,0.0,untouched,0.40236686390532544
2025,Morgana,0.02456348031962119,0.0,untouched,0.4319526627218935
2025,Naafiri,0.07694584196507842,0.0,untouched,0.6153846153846154
2025,Nami,0.03432968333826576,0.0,untouched,0.4970414201183432
2025,Nasus,0.0005918910920390648,0.0,untouched,0.026627218934911243
2025,Nautilus,0.36460491269606393,0.0,untouched,0.8816568047337278
2025,Neeko,0.44036697247706424,0.0,untouched,0.9230769230769231
2025,Nidalee,0.02841077241787511,0.0,untouched,0.46153846153846156
2025,Nilah,0.0032554010062148565,0.0,untouched,0.11538461538461539
2025,Nocturne,0.2136726842261024,0.0,untouched,0.7751479289940828
2025,Nunu & Willump,0.00858242083456644,0.0,untouched,0.2781065088757396
2025,Olaf,0.037585084344480615,0.0,untouched,0.5207100591715976
2025,Orianna,0.48327907664989644,-1.0,nerfed,0.9644970414201184
2025,Ornn,0.13939035217519977,0.0,untouched,0.7218934911242604
2025,Pantheon,0.6643977508138502,-2.0,nerfed,1.0
2025,Poppy,0.4525007398638651,-2.0,nerfed,0.9408284023668639
2025,Pyke,0.047055341817105655,0.0,untouched,0.5562130177514792
2025,Qiyana,0.08907960935187925,-2.0,nerfed,0.6390532544378699
2025,Rakan,0.4276413139982243,0.0,untouched,0.9112426035502958
2025,Rammus,0.0005918910920390648,0.0,untouched,0.026627218934911243
2025,Rek'Sai,0.01361349511689849,0.0,untouched,0.3698224852071006
2025,Rell,0.3900562296537437,0.0,untouched,0.8994082840236687
2025,Renata Glasc,0.08020124297129329,0.0,untouched,0.6272189349112426
2025,Renekton,0.23261319917135248,0.0,untouched,0.8047337278106509
2025,Rengar,0.003551346552234389,0.0,untouched,0.13609467455621302
2025,Riven,0.009470257472625037,0.0,untouched,0.28994082840236685
2025,Rumble,0.47647232909144716,0.0,untouched,0.9585798816568047
2025,Ryze,0.26191180822728616,0.0,untouched,0.8284023668639053
2025,Samira,0.003551346552234389,0.0,untouched,0.13609467455621302
2025,Sejuani,0.13110387688665284,0.0,untouched,0.7159763313609467
2025,Senna,0.12015389168393016,0.0,untouched,0.6863905325443787
2025,Seraphine,0.016277005031074283,2.0,buffed,0.39349112426035504
2025,Sett,0.010654039656703166,0.0,untouched,0.3076923076923077
2025,Shaco,0.005918910920390648,0.0,untouched,0.23964497041420119
2025,Shen,0.04172832198875407,0.0,untouched,0.5384615384615384
2025,Shyvana,0.0020716188221367266,0.0,untouched,0.07692307692307693
2025,Singed,0.0011837821840781297,0.0,untouched,0.0621301775147929
2025,Sion,0.3799940810890796,0.0,untouched,0.893491124260355
2025,Sivir,0.34033737792246227,-1.0,nerfed,0.863905325443787
2025,Skarner,0.1151228174015981,0.0,untouched,0.6804733727810651
2025,Smolder,0.08700799052974252,0.0,untouched,0.6331360946745562
2025,Sona,0.0017756732761171944,0.0,untouched,0.07100591715976332
2025,Soraka,0.006214856466410181,0.0,untouched,0.25443786982248523
2025,Swain,0.01213376738680083,0.0,untouched,0.3431952662721893
2025,Sylas,0.13021604024859426,-1.0,nerfed,0.7100591715976331
2025,Syndra,0.12903225806451613,0.0,untouched,0.7041420118343196
2025,Tahm Kench,0.01834862385321101,0.0,untouched,0.41420118343195267
2025,Taliyah,0.5128736312518497,0.0,untouched,0.9704142011834319
2025,Talon,0.0056229653743711154,0.0,untouched,0.22189349112426035
2025,Taric,0.011245930748742231,0.0,untouched,0.3136094674556213
2025,Teemo,0.004735128736312519,0.0,untouched,0.1952662721893491
2025,Thresh,0.0319621189701095,0.0,untouched,0.48520710059171596
2025,Tristana,0.07191476768274638,0.0,untouched,0.6094674556213018
2025,Trundle,0.45546019532406035,0.0,untouched,0.9467455621301775
2025,Tryndamere,0.002959455460195324,0.0,untouched,0.10355029585798817
2025,Twisted Fate,0.031074282332050902,0.0,untouched,0.47928994082840237
2025,Twitch,0.005327019828351583,0.0,untouched,0.21301775147928995
2025,Udyr,0.01361349511689849,0.0,untouched,0.3698224852071006
2025,Urgot,0.007102693104468778,0.0,untouched,0.2603550295857988
2025,Varus,0.553122225510506,0.0,untouched,0.9881656804733728
2025,Vayne,0.011837821840781295,0.0,untouched,0.3343195266272189
2025,Veigar,0.003551346552234389,1.0,buffed,0.13609467455621302
2025,Vel'Koz,0.003551346552234389,2.0,buffed,0.13609467455621302
2025,Vex,0.004439183190292986,0.0,untouched,0.1804733727810651
2025,Vi,0.42882509618230247,0.0,untouched,0.9171597633136095
2025,Viego,0.09470257472625036,0.0,untouched,0.6479289940828402
2025,Viktor,0.168984906777153,0.0,untouched,0.7455621301775148
2025,Vladimir,0.024859425865640723,0.0,untouched,0.4378698224852071
2025,Volibear,0.03610535661438295,-3.0,nerfed,0.5088757396449705
2025,Warwick,0.0008878366380585972,-2.0,nerfed,0.047337278106508875
2025,Wukong,0.5146493045279669,0.0,untouched,0.9763313609467456
2025,Xayah,0.22994968925717668,0.0,untouched,0.7988165680473372
2025,Xerath,0.005031074282332051,0.0,untouched,0.20710059171597633
2025,Xin Zhao,0.3708197691624741,0.0,untouched,0.8875739644970414
2025,Yasuo,0.020716188221367268,0.0,untouched,0.4230769230769231
2025,Yone,0.21604024859425866,0.0,untouched,0.7810650887573964
2025,Yorick,0.1541876294761764,0.0,untouched,0.7396449704142012
2025,Yunara,0.3939035217519976,-2.0,nerfed,0.9053254437869822
2025,Yuumi,0.0002959455460195324,0.0,untouched,0.008875739644970414
2025,Zac,0.011541876294761763,1.0,buffed,0.3224852071005917
2025,Zed,0.06599585676235573,0.0,untouched,0.591715976331361
2025,Zeri,0.0665877478543948,0.0,untouched,0.5976331360946746
2025,Ziggs,0.12252145605208642,0.0,untouched,0.6982248520710059
2025,Zilean,0.004143237644273453,0.0,untouched,0.16863905325443787
2025,Zoe,0.028706717963894644,0.0,untouched,0.47041420118343197
2025,Zyra,0.02574726250369932,0.0,untouched,0.44970414201183434
