champion,net,pres_pre,pres_w,d_presence,year
Aatrox,0.0,0.0,0.0,0.0,2016
Ahri,0.0,0.0,0.0,0.0,2016
Annie,0.0,0.0,0.0,0.0,2016
Ashe,-3.0,0.532258064516129,0.19480519480519481,-0.3374528697109342,2016
Azir,-2.0,0.0,0.0,0.0,2016
Bard,0.0,0.28225806451612906,0.22077922077922077,-0.06147884373690829,2016
Blitzcrank,-2.0,0.0,0.0,0.0,2016
Braum,-2.0,0.5806451612903226,0.2077922077922078,-0.3728529534981148,2016
Caitlyn,0.0,0.12096774193548387,0.6363636363636364,0.5153958944281525,2016
Corki,2.0,0.016129032258064516,0.0,-0.016129032258064516,2016
Darius,0.0,0.0,0.0,0.0,2016
Diana,1.0,0.0,0.0,0.0,2016
Draven,1.0,0.0,0.0,0.0,2016
Ekko,-1.0,0.7096774193548387,0.14285714285714285,-0.566820276497696,2016
Elise,0.0,0.4274193548387097,0.6493506493506493,0.22193129451193966,2016
Evelynn,1.0,0.0,0.0,0.0,2016
Ezreal,1.0,0.14516129032258066,0.5064935064935064,0.3613322161709258,2016
Fiora,2.0,0.008064516129032258,0.012987012987012988,0.00492249685798073,2016
Fizz,0.0,0.0,0.0,0.0,2016
Gangplank,-3.0,0.6854838709677419,0.0,-0.6854838709677419,2016
Gnar,0.0,0.7016129032258065,0.38961038961038963,-0.31200251361541687,2016
Gragas,-3.0,0.717741935483871,0.0,-0.717741935483871,2016
Graves,0.0,0.08064516129032258,0.09090909090909091,0.010263929618768333,2016
Hecarim,-2.0,0.0967741935483871,0.03896103896103896,-0.057813154587348134,2016
Illaoi,-2.0,0.0,0.0,0.0,2016
Irelia,0.0,0.08064516129032258,0.07792207792207792,-0.002723083368244658,2016
Jarvan IV,2.0,0.0,0.0,0.0,2016
Jayce,2.0,0.0,0.6103896103896104,0.6103896103896104,2016
Jhin,-2.0,0.6451612903225806,0.6623376623376623,0.01717637201508171,2016
Jinx,1.0,0.008064516129032258,0.06493506493506493,0.05687054880603267,2016
Kalista,0.0,0.024193548387096774,0.0,-0.024193548387096774,2016
Karma,-2.0,0.5483870967741935,0.7532467532467533,0.20485965647255977,2016
Kassadin,2.0,0.1935483870967742,0.05194805194805195,-0.14160033514872222,2016
Katarina,0.0,0.0,0.0,0.0,2016
Kayle,0.0,0.0,0.0,0.0,2016
Kennen,0.0,0.056451612903225805,0.4805194805194805,0.4240678676162547,2016
Kha'Zix,0.0,0.0,0.012987012987012988,0.012987012987012988,2016
Kindred,-2.0,0.04838709677419355,0.012987012987012988,-0.035400083787180556,2016
Kled,0.0,0.0,0.012987012987012988,0.012987012987012988,2016
Lee Sin,2.0,0.06451612903225806,0.5844155844155844,0.5198994553833263,2016
Leona,2.0,0.0,0.0,0.0,2016
Lissandra,-1.0,0.3790322580645161,0.03896103896103896,-0.34007121910347715,2016
Lulu,5.0,0.0,0.0,0.0,2016
Lux,0.0,0.0,0.0,0.0,2016
Malphite,2.0,0.0,0.0,0.0,2016
Malzahar,-4.0,0.46774193548387094,0.18181818181818182,-0.2859237536656891,2016
Miss Fortune,1.0,0.0,0.09090909090909091,0.09090909090909091,2016
Mordekaiser,1.0,0.0,0.0,0.0,2016
Morgana,1.0,0.0,0.0,0.0,2016
Nami,0.0,0.0,0.33766233766233766,0.33766233766233766,2016
Nasus,0.0,0.0,0.0,0.0,2016
Nautilus,2.0,0.008064516129032258,0.012987012987012988,0.00492249685798073,2016
Nidalee,1.0,0.3790322580645161,1.0,0.6209677419354839,2016
Nocturne,1.0,0.0,0.012987012987012988,0.012987012987012988,2016
Orianna,1.0,0.0,0.16883116883116883,0.16883116883116883,2016
Poppy,2.0,0.10483870967741936,0.4935064935064935,0.38866778382907413,2016
Rammus,0.0,0.0,0.0,0.0,2016
Rek'Sai,-6.0,0.8306451612903226,0.44155844155844154,-0.3890867197318811,2016
Renekton,2.0,0.0,0.0,0.0,2016
Riven,2.0,0.008064516129032258,0.0,-0.008064516129032258,2016
Ryze,2.0,0.08870967741935484,0.5974025974025974,0.5086929199832425,2016
Shaco,0.0,0.0,0.0,0.0,2016
Shen,-3.0,0.5,0.025974025974025976,-0.474025974025974,2016
Shyvana,-1.0,0.0,0.0,0.0,2016
Sion,0.0,0.0,0.0,0.0,2016
Sivir,-2.0,0.7741935483870968,0.4025974025974026,-0.37159614578969413,2016
Sona,-1.0,0.0,0.0,0.0,2016
Soraka,0.0,0.024193548387096774,0.03896103896103896,0.014767490573942187,2016
Swain,-2.0,0.008064516129032258,0.0,-0.008064516129032258,2016
Syndra,1.0,0.1693548387096774,0.974025974025974,0.8046711353162966,2016
Tahm Kench,3.0,0.6451612903225806,0.2987012987012987,-0.34645999162128194,2016
Taliyah,-5.0,0.6935483870967742,0.0,-0.6935483870967742,2016
Taric,0.0,0.1693548387096774,0.012987012987012988,-0.15636782572266442,2016
Teemo,0.0,0.0,0.0,0.0,2016
Thresh,2.0,0.03225806451612903,0.0,-0.03225806451612903,2016
Tristana,0.0,0.024193548387096774,0.0,-0.024193548387096774,2016
Trundle,-3.0,0.5080645161290323,0.15584415584415584,-0.3522203602848764,2016
Twisted Fate,1.0,0.1935483870967742,0.07792207792207792,-0.11562630917469627,2016
Twitch,0.0,0.0,0.0,0.0,2016
Varus,0.0,0.18548387096774194,0.1038961038961039,-0.08158776707163803,2016
Vayne,3.0,0.0,0.0,0.0,2016
Veigar,1.0,0.0,0.0,0.0,2016
Vel'Koz,0.0,0.024193548387096774,0.0,-0.024193548387096774,2016
Vi,2.0,0.0,0.0,0.0,2016
Viktor,-3.0,0.06451612903225806,0.37662337662337664,0.3121072475911186,2016
Vladimir,-6.0,0.782258064516129,0.35064935064935066,-0.43160871386677835,2016
Volibear,-2.0,0.0,0.0,0.0,2016
Xerath,0.0,0.0,0.0,0.0,2016
Yasuo,-2.0,0.024193548387096774,0.0,-0.024193548387096774,2016
Zac,0.0,0.008064516129032258,0.1038961038961039,0.09583158776707165,2016
Zed,0.0,0.016129032258064516,0.0,-0.016129032258064516,2016
Ziggs,-1.0,0.0,0.0,0.0,2016
Zilean,0.0,0.03225806451612903,0.05194805194805195,0.01968998743192292,2016
Zyra,-1.0,0.0,0.35064935064935066,0.35064935064935066,2016
Aatrox,-1.0,0.0,0.0,0.0,2017
Ahri,0.0,0.009389671361502348,0.0,-0.009389671361502348,2017
Azir,1.0,0.01643192488262911,0.0,-0.01643192488262911,2017
Brand,0.0,0.007042253521126761,0.008403361344537815,0.001361107823411054,2017
Caitlyn,-2.0,0.31690140845070425,0.17647058823529413,-0.14043082021541012,2017
Cassiopeia,-2.0,0.5845070422535211,0.31932773109243695,-0.2651793111610842,2017
Cho'Gath,0.0,0.6009389671361502,0.7563025210084033,0.1553635538722531,2017
Corki,-1.0,0.45539906103286387,0.31092436974789917,-0.1444746912849647,2017
Draven,-2.0,0.023474178403755867,0.008403361344537815,-0.015070817059218053,2017
Elise,-2.0,0.5751173708920188,0.12605042016806722,-0.44906695072395153,2017
Ezreal,1.0,0.014084507042253521,0.226890756302521,0.21280624926026748,2017
Fiddlesticks,0.0,0.004694835680751174,0.0,-0.004694835680751174,2017
Fiora,3.0,0.025821596244131457,0.01680672268907563,-0.009014873555055827,2017
Fizz,1.0,0.004694835680751174,0.03361344537815126,0.028918609697400087,2017
Galio,-2.0,0.4671361502347418,0.907563025210084,0.4404268749753422,2017
Gnar,-1.0,0.5985915492957746,0.40336134453781514,-0.1952302047579595,2017
Gragas,-2.0,0.8051643192488263,0.7058823529411765,-0.09928196630764974,2017
Hecarim,1.0,0.0,0.0,0.0,2017
Heimerdinger,0.0,0.018779342723004695,0.0,-0.018779342723004695,2017
Illaoi,0.0,0.007042253521126761,0.0,-0.007042253521126761,2017
Irelia,0.0,0.01643192488262911,0.0,-0.01643192488262911,2017
Ivern,1.0,0.009389671361502348,0.04201680672268908,0.032627135361186735,2017
Jarvan IV,-1.0,0.8450704225352113,0.9747899159663865,0.12971949343117528,2017
Jax,1.0,0.1572769953051643,0.06722689075630252,-0.0900501045488618,2017
Jayce,1.0,0.284037558685446,0.5210084033613446,0.23697084467589857,2017
Jhin,0.0,0.04225352112676056,0.008403361344537815,-0.03385015978222275,2017
Jinx,0.0,0.028169014084507043,0.008403361344537815,-0.019765652739969226,2017
Kalista,-2.0,0.9225352112676056,1.0,0.07746478873239437,2017
Karma,0.0,0.0892018779342723,0.18487394957983194,0.09567207164555964,2017
Katarina,0.0,0.009389671361502348,0.0,-0.009389671361502348,2017
Kayn,0.0,0.046948356807511735,0.06722689075630252,0.020278533948790783,2017
Kha'Zix,0.0,0.06807511737089202,0.06722689075630252,-0.0008482266145894979,2017
LeBlanc,-1.0,0.36619718309859156,0.37815126050420167,0.011954077405610108,2017
Lee Sin,1.0,0.03286384976525822,0.08403361344537816,0.05116976368011994,2017
Leona,2.0,0.0,0.03361344537815126,0.03361344537815126,2017
Lucian,-1.0,0.5117370892018779,0.2184873949579832,-0.2932496942438947,2017
Lulu,0.0,0.29577464788732394,0.7899159663865546,0.49414131849923065,2017
Malzahar,0.0,0.03286384976525822,0.15126050420168066,0.11839665443642244,2017
Maokai,-1.0,0.6854460093896714,0.47058823529411764,-0.21485777409555373,2017
Nautilus,1.0,0.007042253521126761,0.025210084033613446,0.018167830512486684,2017
Nidalee,1.0,0.025821596244131457,0.10084033613445378,0.07501873989032233,2017
Orianna,-2.0,0.5469483568075117,0.453781512605042,-0.09316684420246973,2017
Poppy,0.0,0.08450704225352113,0.0,-0.08450704225352113,2017
Quinn,0.0,0.0,0.0,0.0,2017
Rakan,-2.0,0.687793427230047,0.7058823529411765,0.018088925711129522,2017
Rek'Sai,0.0,0.24413145539906103,0.31932773109243695,0.07519627569337592,2017
Rengar,1.0,0.011737089201877934,0.008403361344537815,-0.003333727857340119,2017
Riven,1.0,0.007042253521126761,0.0,-0.007042253521126761,2017
Rumble,0.0,0.30985915492957744,0.20168067226890757,-0.10817848266066987,2017
Ryze,1.0,0.0,0.44537815126050423,0.44537815126050423,2017
Sejuani,0.0,0.48826291079812206,0.9831932773109243,0.49493036651280226,2017
Singed,0.0,0.002347417840375587,0.03361344537815126,0.03126602753777567,2017
Sion,2.0,0.025821596244131457,0.01680672268907563,-0.009014873555055827,2017
Sivir,0.0,0.09859154929577464,0.05042016806722689,-0.04817138122854775,2017
Soraka,0.0,0.007042253521126761,0.05042016806722689,0.043377914546100134,2017
Syndra,-1.0,0.431924882629108,0.7058823529411765,0.2739574703120685,2017
Tahm Kench,0.0,0.08450704225352113,0.008403361344537815,-0.07610368090898331,2017
Taliyah,-1.0,0.4788732394366197,0.4789915966386555,0.00011835720203579037,2017
Talon,0.0,0.009389671361502348,0.0,-0.009389671361502348,2017
Teemo,0.0,0.0,0.0,0.0,2017
Thresh,0.0,0.6901408450704225,0.18487394957983194,-0.5052668954905906,2017
Tristana,-1.0,0.7676056338028169,0.7815126050420168,0.013906971239199928,2017
Twisted Fate,0.0,0.025821596244131457,0.008403361344537815,-0.01741823489959364,2017
Twitch,0.0,0.1267605633802817,0.2857142857142857,0.158953722334004,2017
Urgot,2.0,0.0,0.025210084033613446,0.025210084033613446,2017
Vi,1.0,0.0,0.0,0.0,2017
Warwick,0.0,0.004694835680751174,0.0,-0.004694835680751174,2017
Xerath,1.0,0.002347417840375587,0.0,-0.002347417840375587,2017
Yasuo,0.0,0.028169014084507043,0.03361344537815126,0.005444431293644216,2017
Zac,0.0,0.4460093896713615,0.058823529411764705,-0.3871858602595968,2017
Zed,1.0,0.03051643192488263,0.0,-0.03051643192488263,2017
Aatrox,0.0,0.7573839662447257,0.9915966386554622,0.2342126724107365,2018
Akali,-2.0,0.8122362869198312,0.7983193277310925,-0.013916959188738698,2018
Amumu,1.0,0.0,0.0,0.0,2018
Annie,1.0,0.0,0.0,0.0,2018
Bard,1.0,0.006329113924050633,0.008403361344537815,0.002074247420487182,2018
Braum,-1.0,0.679324894514768,0.37815126050420167,-0.3011736340105663,2018
Darius,2.0,0.06118143459915612,0.04201680672268908,-0.01916462787646704,2018
Draven,0.0,0.08649789029535865,0.10084033613445378,0.014342445839095136,2018
Elise,-2.0,0.002109704641350211,0.008403361344537815,0.0062936567031876035,2018
Fiora,3.0,0.06751054852320675,0.025210084033613446,-0.0423004644895933,2018
Fizz,-2.0,0.03164556962025317,0.0,-0.03164556962025317,2018
Garen,-1.0,0.0,0.0,0.0,2018
Hecarim,2.0,0.014767932489451477,0.025210084033613446,0.01044215154416197,2018
Irelia,1.0,0.43037974683544306,0.7310924369747899,0.3007126901393468,2018
Janna,1.0,0.008438818565400843,0.008403361344537815,-3.545722086302841e-05,2018
Jarvan IV,2.0,0.08860759493670886,0.05042016806722689,-0.03818742686948197,2018
Kai'Sa,-1.0,0.5991561181434599,0.7899159663865546,0.19075984824309467,2018
Kassadin,1.0,0.004219409282700422,0.03361344537815126,0.029394036095450837,2018
Kayn,2.0,0.002109704641350211,0.0,-0.002109704641350211,2018
Kha'Zix,2.0,0.004219409282700422,0.0,-0.004219409282700422,2018
Kog'Maw,2.0,0.016877637130801686,0.008403361344537815,-0.008474275786263872,2018
Leona,2.0,0.03164556962025317,0.15966386554621848,0.1280182959259653,2018
Lucian,1.0,0.07805907172995781,0.31932773109243695,0.24126865936247915,2018
Master Yi,2.0,0.0,0.0,0.0,2018
Nautilus,2.0,0.02109704641350211,0.04201680672268908,0.02091976030918697,2018
Nunu & Willump,2.0,0.0,0.0,0.0,2018
Orianna,-1.0,0.270042194092827,0.03361344537815126,-0.23642874871467573,2018
Pyke,2.0,0.1308016877637131,0.058823529411764705,-0.07197815835194839,2018
Quinn,-1.0,0.03375527426160337,0.0,-0.03375527426160337,2018
Rakan,-2.0,0.6708860759493671,0.7310924369747899,0.06020636102542276,2018
Rammus,2.0,0.0,0.0,0.0,2018
Renekton,2.0,0.012658227848101266,0.0,-0.012658227848101266,2018
Rengar,1.0,0.004219409282700422,0.0,-0.004219409282700422,2018
Ryze,-2.0,0.7721518987341772,0.5042016806722689,-0.26795021806190833,2018
Sejuani,-2.0,0.37341772151898733,0.01680672268907563,-0.3566109988299117,2018
Sion,2.0,0.17932489451476794,0.5462184873949579,0.36689359288018997,2018
Tahm Kench,-2.0,0.5780590717299579,0.6722689075630253,0.09420983583306741,2018
Taliyah,-2.0,0.35654008438818563,0.44537815126050423,0.0888380668723186,2018
Taric,0.0,0.008438818565400843,0.008403361344537815,-3.545722086302841e-05,2018
Thresh,2.0,0.08438818565400844,0.40336134453781514,0.31897315888380673,2018
Trundle,-4.0,0.5337552742616034,0.04201680672268908,-0.4917384675389143,2018
Tryndamere,-2.0,0.0,0.0,0.0,2018
Varus,-1.0,0.729957805907173,0.3865546218487395,-0.34340318405843345,2018
Vayne,2.0,0.03375527426160337,0.01680672268907563,-0.016948551572527743,2018
Viktor,1.0,0.04008438818565401,0.12605042016806722,0.0859660319824132,2018
Wukong,-1.0,0.002109704641350211,0.0,-0.002109704641350211,2018
Yasuo,0.0,0.2869198312236287,0.058823529411764705,-0.22809630181186397,2018
Yorick,-2.0,0.002109704641350211,0.0,-0.002109704641350211,2018
Zoe,-2.0,0.3059071729957806,0.07563025210084033,-0.23027692089494023,2018
Aatrox,-1.0,0.8987341772151899,0.10833333333333334,-0.7904008438818566,2019
Akali,-2.0,0.8892405063291139,0.7416666666666667,-0.1475738396624472,2019
Annie,1.0,0.0,0.0,0.0,2019
Ashe,2.0,0.028481012658227847,0.058333333333333334,0.029852320675105487,2019
Aurelion Sol,1.0,0.0,0.0,0.0,2019
Azir,-2.0,0.29430379746835444,0.041666666666666664,-0.25263713080168776,2019
Bard,0.0,0.015822784810126583,0.008333333333333333,-0.00748945147679325,2019
Blitzcrank,2.0,0.015822784810126583,0.11666666666666667,0.10084388185654009,2019
Caitlyn,1.0,0.0949367088607595,0.06666666666666667,-0.028270042194092834,2019
Camille,0.0,0.23734177215189872,0.175,-0.06234177215189873,2019
Corki,-2.0,0.3575949367088608,0.075,-0.28259493670886077,2019
Darius,0.0,0.0031645569620253164,0.0,-0.0031645569620253164,2019
Diana,0.0,0.0031645569620253164,0.0,-0.0031645569620253164,2019
Dr. Mundo,2.0,0.0031645569620253164,0.0,-0.0031645569620253164,2019
Ekko,4.0,0.0379746835443038,0.041666666666666664,0.0036919831223628657,2019
Evelynn,2.0,0.0031645569620253164,0.0,-0.0031645569620253164,2019
Ezreal,-2.0,0.4050632911392405,0.3,-0.10506329113924051,2019
Fiddlesticks,0.0,0.0189873417721519,0.025,0.006012658227848102,2019
Fiora,4.0,0.04113924050632911,0.06666666666666667,0.025527426160337555,2019
Galio,2.0,0.02531645569620253,0.20833333333333334,0.18301687763713081,2019
Gangplank,0.0,0.40189873417721517,0.6,0.1981012658227848,2019
Gnar,0.0,0.189873417721519,0.21666666666666667,0.026793248945147674,2019
Gragas,-2.0,0.7658227848101266,0.6916666666666667,-0.0741561181434599,2019
Graves,1.0,0.006329113924050633,0.0,-0.006329113924050633,2019
Heimerdinger,2.0,0.022151898734177215,0.16666666666666666,0.14451476793248944,2019
Illaoi,0.0,0.02531645569620253,0.0,-0.02531645569620253,2019
Jax,1.0,0.0379746835443038,0.05,0.012025316455696204,2019
Jayce,0.0,0.25316455696202533,0.26666666666666666,0.01350210970464133,2019
Jhin,1.0,0.00949367088607595,0.03333333333333333,0.02383966244725738,2019
Jinx,0.0,0.06329113924050633,0.03333333333333333,-0.029957805907173,2019
Kai'Sa,-2.0,0.5727848101265823,0.7333333333333333,0.16054852320675095,2019
Kalista,2.0,0.04113924050632911,0.016666666666666666,-0.024472573839662445,2019
Karma,-2.0,0.5348101265822784,0.06666666666666667,-0.4681434599156118,2019
Karthus,0.0,0.17721518987341772,0.06666666666666667,-0.11054852320675106,2019
Kassadin,2.0,0.03164556962025317,0.0,-0.03164556962025317,2019
Katarina,0.0,0.0,0.0,0.0,2019
Kayle,1.0,0.0,0.5583333333333333,0.5583333333333333,2019
Kha'Zix,0.0,0.04430379746835443,0.016666666666666666,-0.027637130801687764,2019
Kindred,0.0,0.02531645569620253,0.0,-0.02531645569620253,2019
LeBlanc,2.0,0.23417721518987342,0.5416666666666666,0.3074894514767932,2019
Lee Sin,2.0,0.12341772151898735,0.5916666666666667,0.46824894514767934,2019
Leona,1.0,0.10126582278481013,0.25,0.1487341772151899,2019
Lucian,1.0,0.2848101265822785,0.23333333333333334,-0.05147679324894516,2019
Lux,2.0,0.03481012658227848,0.008333333333333333,-0.026476793248945148,2019
Malphite,0.0,0.00949367088607595,0.008333333333333333,-0.0011603375527426164,2019
Malzahar,0.0,0.0,0.0,0.0,2019
Master Yi,0.0,0.0031645569620253164,0.0,-0.0031645569620253164,2019
Miss Fortune,1.0,0.006329113924050633,0.0,-0.006329113924050633,2019
Mordekaiser,1.0,0.12658227848101267,0.058333333333333334,-0.06824894514767933,2019
Nautilus,0.0,0.3829113924050633,0.6416666666666667,0.25875527426160344,2019
Neeko,1.0,0.08227848101265822,0.058333333333333334,-0.023945147679324888,2019
Nocturne,2.0,0.0949367088607595,0.16666666666666666,0.07172995780590716,2019
Nunu & Willump,-2.0,0.00949367088607595,0.0,-0.00949367088607595,2019
Orianna,2.0,0.012658227848101266,0.125,0.11234177215189874,2019
Ornn,1.0,0.00949367088607595,0.13333333333333333,0.12383966244725739,2019
Pantheon,5.0,0.06645569620253164,1.0,0.9335443037974683,2019
Poppy,0.0,0.05063291139240506,0.025,-0.02563291139240506,2019
Qiyana,-2.0,0.6867088607594937,0.9083333333333333,0.22162447257383966,2019
Rakan,0.0,0.6044303797468354,0.5916666666666667,-0.01276371308016877,2019
Rek'Sai,2.0,0.10126582278481013,0.35833333333333334,0.2570675105485232,2019
Riven,-2.0,0.006329113924050633,0.0,-0.006329113924050633,2019
Ryze,1.0,0.0981012658227848,0.5166666666666667,0.41856540084388194,2019
Sejuani,-5.0,0.5474683544303798,0.016666666666666666,-0.5308016877637131,2019
Shaco,0.0,0.0031645569620253164,0.0,-0.0031645569620253164,2019
Shen,2.0,0.06962025316455696,0.08333333333333333,0.01371308016877637,2019
Shyvana,0.0,0.00949367088607595,0.0,-0.00949367088607595,2019
Singed,2.0,0.0,0.0,0.0,2019
Sion,4.0,0.03481012658227848,0.058333333333333334,0.023523206751054855,2019
Sivir,-2.0,0.12341772151898735,0.05,-0.07341772151898734,2019
Soraka,0.0,0.006329113924050633,0.0,-0.006329113924050633,2019
Sylas,-2.0,0.8481012658227848,0.025,-0.8231012658227848,2019
Syndra,2.0,0.2310126582278481,0.8,0.5689873417721519,2019
Tahm Kench,-4.0,0.47151898734177217,0.09166666666666666,-0.3798523206751055,2019
Taliyah,0.0,0.15822784810126583,0.10833333333333334,-0.049894514767932496,2019
Teemo,2.0,0.0031645569620253164,0.0,-0.0031645569620253164,2019
Thresh,0.0,0.2468354430379747,0.36666666666666664,0.11983122362869195,2019
Twisted Fate,2.0,0.06962025316455696,0.26666666666666666,0.19704641350210972,2019
Twitch,0.0,0.0031645569620253164,0.0,-0.0031645569620253164,2019
Vayne,2.0,0.05379746835443038,0.058333333333333334,0.004535864978902952,2019
Veigar,1.0,0.006329113924050633,0.125,0.11867088607594936,2019
Viktor,0.0,0.0189873417721519,0.008333333333333333,-0.010654008438818566,2019
Warwick,2.0,0.0031645569620253164,0.0,-0.0031645569620253164,2019
Xayah,-2.0,0.8544303797468354,0.85,-0.004430379746835467,2019
Xin Zhao,2.0,0.05379746835443038,0.008333333333333333,-0.04546413502109705,2019
Yasuo,0.0,0.18037974683544303,0.275,0.094620253164557,2019
Yuumi,-4.0,0.8354430379746836,0.325,-0.5104430379746836,2019
Zac,1.0,0.0031645569620253164,0.0,-0.0031645569620253164,2019
Ziggs,2.0,0.015822784810126583,0.008333333333333333,-0.00748945147679325,2019
Zoe,2.0,0.11392405063291139,0.041666666666666664,-0.07225738396624473,2019
Zyra,2.0,0.0,0.0,0.0,2019
Aatrox,1.0,0.044642857142857144,0.008771929824561403,-0.03587092731829574,2020
Ahri,2.0,0.002976190476190476,0.0,-0.002976190476190476,2020
Akali,-1.0,0.41369047619047616,0.22807017543859648,-0.18562030075187969,2020
Anivia,0.0,0.0,0.0,0.0,2020
Aphelios,1.0,0.06845238095238096,0.07894736842105263,0.010494987468671668,2020
Ashe,-1.0,0.7589285714285714,0.6140350877192983,-0.14489348370927313,2020
Azir,-1.0,0.5238095238095238,0.2543859649122807,-0.2694235588972431,2020
Caitlyn,-3.0,0.9672619047619048,0.4649122807017544,-0.5023496240601504,2020
Evelynn,-1.0,0.07738095238095238,0.15789473684210525,0.08051378446115287,2020
Fiora,0.0,0.008928571428571428,0.017543859649122806,0.008615288220551378,2020
Galio,-1.0,0.3125,0.2894736842105263,-0.023026315789473673,2020
Garen,0.0,0.002976190476190476,0.0,-0.002976190476190476,2020
Gragas,1.0,0.06845238095238096,0.06140350877192982,-0.007048872180451138,2020
Graves,0.0,0.5208333333333334,0.868421052631579,0.3475877192982456,2020
Hecarim,-1.0,0.25,0.19298245614035087,-0.057017543859649134,2020
Irelia,2.0,0.10119047619047619,0.07017543859649122,-0.031015037593984968,2020
Ivern,1.0,0.0,0.0,0.0,2020
Jarvan IV,1.0,0.041666666666666664,0.05263157894736842,0.010964912280701754,2020
Kai'Sa,2.0,0.023809523809523808,0.0,-0.023809523809523808,2020
Kayle,2.0,0.02976190476190476,0.017543859649122806,-0.012218045112781954,2020
Kha'Zix,0.0,0.05357142857142857,0.008771929824561403,-0.044799498746867165,2020
Kled,0.0,0.005952380952380952,0.0,-0.005952380952380952,2020
Kog'Maw,-1.0,0.026785714285714284,0.008771929824561403,-0.01801378446115288,2020
Lucian,-1.0,0.5148809523809523,0.8245614035087719,0.3096804511278196,2020
Lux,-2.0,0.18452380952380953,0.07894736842105263,-0.10557644110275691,2020
Miss Fortune,2.0,0.011904761904761904,0.07894736842105263,0.06704260651629072,2020
Nami,0.0,0.0,0.0,0.0,2020
Nautilus,0.0,0.5029761904761905,0.3508771929824561,-0.15209899749373434,2020
Pyke,0.0,0.005952380952380952,0.0,-0.005952380952380952,2020
Qiyana,-2.0,0.03571428571428571,0.0,-0.03571428571428571,2020
Rek'Sai,0.0,0.017857142857142856,0.0,-0.017857142857142856,2020
Riven,0.0,0.002976190476190476,0.0,-0.002976190476190476,2020
Rumble,1.0,0.01488095238095238,0.0,-0.01488095238095238,2020
Senna,-2.0,0.5119047619047619,0.5614035087719298,0.04949874686716793,2020
Sett,-3.0,0.8065476190476191,0.5789473684210527,-0.2276002506265664,2020
Shen,-1.0,0.3005952380952381,0.4649122807017544,0.1643170426065163,2020
Shyvana,0.0,0.0,0.0,0.0,2020
Sion,0.0,0.08630952380952381,0.12280701754385964,0.036497493734335834,2020
Sivir,1.0,0.005952380952380952,0.0,-0.005952380952380952,2020
Sona,-2.0,0.050595238095238096,0.0,-0.050595238095238096,2020
Sylas,2.0,0.1636904761904762,0.23684210526315788,0.07315162907268169,2020
Teemo,0.0,0.0,0.0,0.0,2020
Tryndamere,0.0,0.0,0.0,0.0,2020
Twisted Fate,-1.0,0.6130952380952381,0.6842105263157895,0.07111528822055135,2020
Twitch,2.0,0.0,0.2807017543859649,0.2807017543859649,2020
Udyr,2.0,0.0,0.0,0.0,2020
Varus,1.0,0.01488095238095238,0.0,-0.01488095238095238,2020
Vayne,1.0,0.011904761904761904,0.02631578947368421,0.014411027568922305,2020
Xayah,1.0,0.01488095238095238,0.008771929824561403,-0.006109022556390977,2020
Xin Zhao,2.0,0.0,0.0,0.0,2020
Zac,0.0,0.008928571428571428,0.0,-0.008928571428571428,2020
Zed,0.0,0.002976190476190476,0.0,-0.002976190476190476,2020
Aatrox,2.0,0.00966183574879227,0.06611570247933884,0.05645386673054657,2021
Akali,1.0,0.043478260869565216,0.024793388429752067,-0.01868487243981315,2021
Amumu,3.0,0.0,0.2396694214876033,0.2396694214876033,2021
Aphelios,-1.0,0.6280193236714976,0.6776859504132231,0.049666626741725506,2021
Ashe,-2.0,0.3961352657004831,0.008264462809917356,-0.38787080289056575,2021
Aurelion Sol,0.0,0.0,0.0,0.0,2021
Braum,0.0,0.6038647342995169,0.256198347107438,-0.34766638719207893,2021
Camille,-2.0,0.6328502415458938,0.32231404958677684,-0.3105361919591169,2021
Cho'Gath,2.0,0.00966183574879227,0.0,-0.00966183574879227,2021
Diana,-1.0,0.45893719806763283,0.0,-0.45893719806763283,2021
Dr. Mundo,2.0,0.0821256038647343,0.0,-0.0821256038647343,2021
Draven,2.0,0.014492753623188406,0.2644628099173554,0.24997005629416696,2021
Ekko,2.0,0.014492753623188406,0.0,-0.014492753623188406,2021
Evelynn,1.0,0.0,0.0,0.0,2021
Fiora,-2.0,0.014492753623188406,0.04132231404958678,0.02682956042639837,2021
Fizz,2.0,0.0,0.0,0.0,2021
Galio,1.0,0.18840579710144928,0.12396694214876033,-0.06443885495268895,2021
Gangplank,2.0,0.25120772946859904,0.11570247933884298,-0.13550525012975606,2021
Gragas,1.0,0.043478260869565216,0.08264462809917356,0.03916636722960834,2021
Graves,-1.0,0.03864734299516908,0.5785123966942148,0.5398650536990458,2021
Gwen,1.0,0.21739130434782608,0.3140495867768595,0.09665828242903343,2021
Irelia,-1.0,0.5797101449275363,0.743801652892562,0.1640915079650257,2021
Janna,0.0,0.0,0.0,0.0,2021
Jarvan IV,2.0,0.05314009661835749,0.628099173553719,0.5749590769353615,2021
Jayce,-2.0,0.6521739130434783,0.5289256198347108,-0.12324829320876751,2021
Jhin,2.0,0.12560386473429952,0.256198347107438,0.13059448237313848,2021
Jinx,1.0,0.10628019323671498,0.03305785123966942,-0.07322234199704555,2021
Kai'Sa,1.0,0.06280193236714976,0.12396694214876033,0.061165009781610574,2021
Kalista,-1.0,0.2898550724637681,0.03305785123966942,-0.2567972212240987,2021
Karma,1.0,0.01932367149758454,0.01652892561983471,-0.002794745877749829,2021
Kassadin,0.0,0.028985507246376812,0.05785123966942149,0.028865732423044677,2021
Kayn,-2.0,0.0,0.0,0.0,2021
Kennen,-2.0,0.37681159420289856,0.6198347107438017,0.24302311654090314,2021
Kog'Maw,1.0,0.004830917874396135,0.0,-0.004830917874396135,2021
Lee Sin,-3.0,0.855072463768116,0.9752066115702479,0.12013414780213194,2021
Leona,-1.0,0.6666666666666666,0.71900826446281,0.052341597796143335,2021
Lillia,0.0,0.0,0.14049586776859505,0.14049586776859505,2021
Lissandra,1.0,0.043478260869565216,0.0743801652892562,0.030901904419690984,2021
Lucian,0.0,0.26570048309178745,0.8264462809917356,0.5607457978999482,2021
Lulu,-2.0,0.03864734299516908,0.1652892561983471,0.12664191320317802,2021
Malzahar,0.0,0.004830917874396135,0.04132231404958678,0.03649139617519064,2021
Maokai,0.0,0.0,0.01652892561983471,0.01652892561983471,2021
Miss Fortune,2.0,0.0,0.8099173553719008,0.8099173553719008,2021
Mordekaiser,2.0,0.01932367149758454,0.0,-0.01932367149758454,2021
Morgana,1.0,0.004830917874396135,0.0,-0.004830917874396135,2021
Nami,1.0,0.0,0.34710743801652894,0.34710743801652894,2021
Nasus,0.0,0.0,0.0,0.0,2021
Nunu & Willump,2.0,0.0,0.0,0.0,2021
Poppy,2.0,0.0,0.17355371900826447,0.17355371900826447,2021
Qiyana,1.0,0.0,0.30578512396694213,0.30578512396694213,2021
Renekton,0.0,0.8115942028985508,0.17355371900826447,-0.6380404838902863,2021
Rumble,1.0,0.00966183574879227,0.049586776859504134,0.03992494111071186,2021
Ryze,-2.0,0.7294685990338164,0.6776859504132231,-0.05178264862059334,2021
Samira,0.0,0.024154589371980676,0.0,-0.024154589371980676,2021
Sejuani,2.0,0.014492753623188406,0.024793388429752067,0.01030063480656366,2021
Senna,2.0,0.0,0.01652892561983471,0.01652892561983471,2021
Seraphine,2.0,0.06763285024154589,0.01652892561983471,-0.05110392462171118,2021
Shaco,1.0,0.0,0.008264462809917356,0.008264462809917356,2021
Shen,0.0,0.014492753623188406,0.03305785123966942,0.018565097616481015,2021
Singed,1.0,0.0,0.0,0.0,2021
Sion,1.0,0.004830917874396135,0.024793388429752067,0.01996247055535593,2021
Sivir,2.0,0.00966183574879227,0.0,-0.00966183574879227,2021
Sona,0.0,0.0,0.0,0.0,2021
Soraka,-1.0,0.0,0.0,0.0,2021
Sylas,1.0,0.21739130434782608,0.38016528925619836,0.16277398490837228,2021
Tahm Kench,-2.0,0.18357487922705315,0.01652892561983471,-0.16704595360721844,2021
Taliyah,-2.0,0.01932367149758454,0.06611570247933884,0.0467920309817543,2021
Talon,-1.0,0.0,0.2727272727272727,0.2727272727272727,2021
Teemo,1.0,0.0,0.0,0.0,2021
Thresh,-3.0,0.5362318840579711,0.2975206611570248,-0.23871122290094626,2021
Trundle,-2.0,0.6280193236714976,0.10743801652892562,-0.520581307142572,2021
Tryndamere,0.0,0.0,0.19008264462809918,0.19008264462809918,2021
Twitch,1.0,0.004830917874396135,0.0,-0.004830917874396135,2021
Urgot,1.0,0.004830917874396135,0.06611570247933884,0.06128478460494271,2021
Varus,-4.0,0.7632850241545893,0.024793388429752067,-0.7384916357248372,2021
Viego,-3.0,0.8405797101449275,0.21487603305785125,-0.6257036770870763,2021
Vladimir,2.0,0.004830917874396135,0.008264462809917356,0.0034335449355212206,2021
Warwick,0.0,0.0,0.0,0.0,2021
Wukong,0.0,0.07729468599033816,0.09917355371900827,0.021878867728670107,2021
Xayah,2.0,0.07729468599033816,0.03305785123966942,-0.04423683475066874,2021
Xin Zhao,-1.0,0.6521739130434783,0.6942148760330579,0.0420409629895796,2021
Yone,1.0,0.00966183574879227,0.10743801652892562,0.09777618078013335,2021
Yuumi,1.0,0.004830917874396135,0.6942148760330579,0.6893839581586617,2021
Zed,0.0,0.0,0.01652892561983471,0.01652892561983471,2021
Ziggs,0.0,0.5410628019323671,0.1487603305785124,-0.3923024713538547,2021
Zoe,2.0,0.12560386473429952,0.3140495867768595,0.18844572204256,2021
Ahri,-1.0,0.7633802816901408,0.09448818897637795,-0.6688920927137629,2022
Akali,2.0,0.28450704225352114,0.5275590551181102,0.24305201286458905,2022
Akshan,0.0,0.0,0.0,0.0,2022
Aphelios,0.0,0.30140845070422534,0.49606299212598426,0.19465454142175892,2022
Ashe,2.0,0.02535211267605634,0.11023622047244094,0.08488410779638461,2022
Azir,-2.0,0.7971830985915493,0.7165354330708661,-0.08064766552068325,2022
Bel'Veth,0.0,0.008450704225352112,0.13385826771653545,0.12540756349118334,2022
Caitlyn,2.0,0.011267605633802818,0.7716535433070866,0.7603859376732838,2022
Camille,2.0,0.15492957746478872,0.2204724409448819,0.06554286348009317,2022
Diana,1.0,0.005633802816901409,0.0,-0.005633802816901409,2022
Draven,-1.0,0.4647887323943662,0.23622047244094488,-0.2285682599534213,2022
Evelynn,0.0,0.0,0.0,0.0,2022
Ezreal,1.0,0.022535211267605635,0.12598425196850394,0.1034490407008983,2022
Fizz,0.0,0.0,0.0,0.0,2022
Gangplank,0.0,0.059154929577464786,0.09448818897637795,0.035333259398913165,2022
Gragas,0.0,0.12112676056338029,0.11811023622047244,-0.0030165243429078475,2022
Graves,2.0,0.005633802816901409,0.6535433070866141,0.6479095042697127,2022
Gwen,-2.0,0.36338028169014086,0.07874015748031496,-0.2846401242098259,2022
Hecarim,-2.0,0.014084507042253521,0.29133858267716534,0.27725407563491183,2022
Irelia,1.0,0.014084507042253521,0.023622047244094488,0.009537540201840966,2022
Jayce,2.0,0.008450704225352112,0.03937007874015748,0.030919374514805368,2022
Jinx,1.0,0.08169014084507042,0.05511811023622047,-0.026572030608849953,2022
Kai'Sa,2.0,0.014084507042253521,0.31496062992125984,0.30087612287900634,2022
Kalista,-2.0,0.8169014084507042,0.5354330708661418,-0.28146833758456247,2022
Kassadin,2.0,0.0028169014084507044,0.0,-0.0028169014084507044,2022
Kayn,-1.0,0.0,0.031496062992125984,0.031496062992125984,2022
Kennen,2.0,0.18028169014084508,0.11811023622047244,-0.06217145392037264,2022
LeBlanc,0.0,0.3183098591549296,0.3543307086614173,0.03602084950648771,2022
Lee Sin,4.0,0.07887323943661972,0.25984251968503935,0.18096928024841963,2022
Leona,2.0,0.14366197183098592,0.2755905511811024,0.13192857935011645,2022
Lillia,1.0,0.005633802816901409,0.03937007874015748,0.03373627592325607,2022
Lulu,-2.0,0.4563380281690141,0.12598425196850394,-0.33035377620051015,2022
Malphite,2.0,0.008450704225352112,0.007874015748031496,-0.0005766884773206159,2022
Maokai,3.0,0.0,0.7165354330708661,0.7165354330708661,2022
Master Yi,-2.0,0.0,0.0,0.0,2022
Miss Fortune,-3.0,0.03380281690140845,0.2755905511811024,0.2417877342796939,2022
Nami,-1.0,0.22535211267605634,0.2204724409448819,-0.004879671731174456,2022
Nilah,0.0,0.08450704225352113,0.03937007874015748,-0.045136963513363645,2022
Nocturne,0.0,0.11549295774647887,0.031496062992125984,-0.08399689475435289,2022
Ornn,0.0,0.5380281690140845,0.3464566929133858,-0.19157147610069863,2022
Poppy,-1.0,0.647887323943662,0.25984251968503935,-0.38804480425862264,2022
Pyke,0.0,0.04788732394366197,0.05511811023622047,0.007230786292558501,2022
Qiyana,-2.0,0.0,0.0,0.0,2022
Rakan,0.0,0.18028169014084508,0.03937007874015748,-0.1409116114006876,2022
Rammus,2.0,0.0,0.0,0.0,2022
Rell,-1.0,0.008450704225352112,0.12598425196850394,0.11753354774315182,2022
Renekton,-2.0,0.7126760563380282,0.3779527559055118,-0.3347233004325164,2022
Sejuani,0.0,0.5464788732394367,0.8346456692913385,0.2881667960519019,2022
Sett,2.0,0.014084507042253521,0.09448818897637795,0.08040368193412444,2022
Shen,1.0,0.008450704225352112,0.031496062992125984,0.023045358766773872,2022
Singed,2.0,0.0028169014084507044,0.015748031496062992,0.012931130087612288,2022
Sion,0.0,0.022535211267605635,0.007874015748031496,-0.014661195519574139,2022
Sivir,-4.0,0.7549295774647887,0.11811023622047244,-0.6368193412443163,2022
Swain,0.0,0.12394366197183099,0.07086614173228346,-0.053077520239547524,2022
Sylas,-2.0,0.7436619718309859,0.7795275590551181,0.035865587224132134,2022
Tahm Kench,0.0,0.14084507042253522,0.14173228346456693,0.0008872130420317093,2022
Taliyah,-2.0,0.48450704225352115,0.25984251968503935,-0.2246645225684818,2022
Taric,-2.0,0.008450704225352112,0.015748031496062992,0.00729732727071088,2022
Teemo,0.0,0.0028169014084507044,0.007874015748031496,0.005057114339580792,2022
Thresh,4.0,0.01971830985915493,0.13385826771653545,0.11413995785738051,2022
Tristana,2.0,0.016901408450704224,0.16535433070866143,0.1484529222579572,2022
Trundle,-2.0,0.5605633802816902,0.23622047244094488,-0.32434290784074526,2022
Twisted Fate,2.0,0.008450704225352112,0.0,-0.008450704225352112,2022
Viego,0.0,0.17746478873239438,0.4409448818897638,0.2634800931573694,2022
Wukong,-2.0,0.8647887323943662,0.031496062992125984,-0.8332926694022402,2022
Xerath,0.0,0.0,0.0,0.0,2022
Yone,0.0,0.16619718309859155,0.11811023622047244,-0.04808694687811911,2022
Yorick,0.0,0.0,0.0,0.0,2022
Yuumi,0.0,0.7070422535211267,0.7795275590551181,0.07248530553399135,2022
Zac,0.0,0.0028169014084507044,0.023622047244094488,0.020805145835643784,2022
Zed,2.0,0.0,0.0,0.0,2022
Zeri,-2.0,0.8028169014084507,0.0,-0.8028169014084507,2022
Zoe,2.0,0.011267605633802818,0.023622047244094488,0.01235444161029167,2022
Zyra,1.0,0.0,0.0,0.0,2022
Aatrox,1.0,0.16666666666666666,0.33636363636363636,0.1696969696969697,2023
Ahri,0.0,0.25,0.23636363636363636,-0.013636363636363641,2023
Akali,2.0,0.10416666666666667,0.22727272727272727,0.1231060606060606,2023
Akshan,0.0,0.0,0.0,0.0,2023
Annie,0.0,0.07291666666666667,0.0,-0.07291666666666667,2023
Aphelios,0.0,0.3020833333333333,0.33636363636363636,0.03428030303030305,2023
Aurelion Sol,0.0,0.0,0.0,0.0,2023
Azir,-1.0,0.7083333333333334,0.6454545454545455,-0.06287878787878787,2023
Bard,2.0,0.0,0.07272727272727272,0.07272727272727272,2023
Bel'Veth,0.0,0.010416666666666666,0.08181818181818182,0.07140151515151515,2023
Blitzcrank,0.0,0.16666666666666666,0.13636363636363635,-0.030303030303030304,2023
Brand,2.0,0.0,0.0,0.0,2023
Caitlyn,4.0,0.0,0.24545454545454545,0.24545454545454545,2023
Camille,2.0,0.041666666666666664,0.00909090909090909,-0.03257575757575758,2023
Diana,2.0,0.0,0.0,0.0,2023
Dr. Mundo,0.0,0.0,0.0,0.0,2023
Draven,0.0,0.09375,0.12727272727272726,0.03352272727272726,2023
Ekko,2.0,0.0,0.0,0.0,2023
Elise,2.0,0.0625,0.0,-0.0625,2023
Evelynn,0.0,0.0,0.0,0.0,2023
Ezreal,0.0,0.11458333333333333,0.10909090909090909,-0.005492424242424243,2023
Galio,1.0,0.052083333333333336,0.0,-0.052083333333333336,2023
Gangplank,2.0,0.0,0.0,0.0,2023
Gnar,2.0,0.10416666666666667,0.17272727272727273,0.06856060606060606,2023
Gwen,4.0,0.1875,0.08181818181818182,-0.10568181818181818,2023
Hecarim,-2.0,0.0,0.0,0.0,2023
Heimerdinger,0.0,0.0,0.02727272727272727,0.02727272727272727,2023
Irelia,1.0,0.020833333333333332,0.0,-0.020833333333333332,2023
Ivern,-2.0,0.3854166666666667,0.1,-0.28541666666666665,2023
Jarvan IV,-2.0,0.041666666666666664,0.8,0.7583333333333334,2023
Jax,-2.0,0.625,0.5909090909090909,-0.03409090909090906,2023
Jhin,2.0,0.0,0.00909090909090909,0.00909090909090909,2023
K'Sante,0.0,0.5416666666666666,0.5545454545454546,0.012878787878787934,2023
Kai'Sa,-2.0,0.7083333333333334,0.6636363636363637,-0.04469696969696968,2023
Karma,2.0,0.010416666666666666,0.00909090909090909,-0.0013257575757575756,2023
Karthus,-1.0,0.07291666666666667,0.0,-0.07291666666666667,2023
Kassadin,2.0,0.0,0.0,0.0,2023
Katarina,0.0,0.0,0.0,0.0,2023
Kayn,-4.0,0.0,0.0,0.0,2023
Kennen,2.0,0.0,0.15454545454545454,0.15454545454545454,2023
Kha'Zix,-1.0,0.03125,0.01818181818181818,-0.013068181818181819,2023
Kindred,-4.0,0.010416666666666666,0.01818181818181818,0.007765151515151515,2023
Kog'Maw,0.0,0.052083333333333336,0.00909090909090909,-0.04299242424242425,2023
LeBlanc,0.0,0.7395833333333334,0.13636363636363635,-0.603219696969697,2023
Lee Sin,2.0,0.052083333333333336,0.41818181818181815,0.36609848484848484,2023
Lissandra,3.0,0.03125,0.02727272727272727,-0.003977272727272729,2023
Lucian,1.0,0.020833333333333332,0.00909090909090909,-0.011742424242424242,2023
Lulu,2.0,0.07291666666666667,0.03636363636363636,-0.03655303030303031,2023
Lux,1.0,0.0,0.03636363636363636,0.03636363636363636,2023
Malzahar,-1.0,0.0,0.0,0.0,2023
Maokai,-1.0,0.6458333333333334,0.8363636363636363,0.19053030303030294,2023
Milio,0.0,0.010416666666666666,0.06363636363636363,0.053219696969696965,2023
Naafiri,-8.0,0.0,0.0,0.0,2023
Nami,2.0,0.0,0.0,0.0,2023
Neeko,0.0,0.59375,0.7818181818181819,0.18806818181818186,2023
Nidalee,1.0,0.03125,0.00909090909090909,-0.02215909090909091,2023
Nocturne,0.0,0.3229166666666667,0.18181818181818182,-0.14109848484848486,2023
Nunu & Willump,1.0,0.0,0.0,0.0,2023
Orianna,2.0,0.052083333333333336,0.9363636363636364,0.884280303030303,2023
Ornn,0.0,0.20833333333333334,0.08181818181818182,-0.12651515151515152,2023
Pyke,2.0,0.0,0.02727272727272727,0.02727272727272727,2023
Quinn,0.0,0.0,0.00909090909090909,0.00909090909090909,2023
Rek'Sai,-6.0,0.0,0.0,0.0,2023
Rell,-3.0,0.9791666666666666,0.6727272727272727,-0.3064393939393939,2023
Renekton,-1.0,0.8645833333333334,0.5,-0.36458333333333337,2023
Rengar,-2.0,0.0,0.0,0.0,2023
Ryze,0.0,0.0,0.00909090909090909,0.00909090909090909,2023
Samira,1.0,0.03125,0.0,-0.03125,2023
Sejuani,-2.0,0.7604166666666666,0.4636363636363636,-0.296780303030303,2023
Senna,2.0,0.020833333333333332,0.15454545454545454,0.1337121212121212,2023
Sett,0.0,0.0,0.02727272727272727,0.02727272727272727,2023
Shaco,0.0,0.0,0.0,0.0,2023
Shyvana,-2.0,0.0,0.0,0.0,2023
Singed,0.0,0.0,0.0,0.0,2023
Sona,0.0,0.0,0.0,0.0,2023
Sylas,2.0,0.14583333333333334,0.2727272727272727,0.12689393939393936,2023
Syndra,1.0,0.10416666666666667,0.32727272727272727,0.22310606060606059,2023
Taliyah,2.0,0.5416666666666666,0.34545454545454546,-0.19621212121212117,2023
Teemo,0.0,0.0,0.0,0.0,2023
Thresh,1.0,0.010416666666666666,0.00909090909090909,-0.0013257575757575756,2023
Tristana,0.0,0.75,0.15454545454545454,-0.5954545454545455,2023
Tryndamere,0.0,0.0,0.0,0.0,2023
Twisted Fate,1.0,0.0,0.0,0.0,2023
Twitch,1.0,0.010416666666666666,0.0,-0.010416666666666666,2023
Udyr,0.0,0.010416666666666666,0.0,-0.010416666666666666,2023
Vayne,0.0,0.0,0.0,0.0,2023
Vex,2.0,0.03125,0.00909090909090909,-0.02215909090909091,2023
Vi,0.0,0.2916666666666667,0.4909090909090909,0.19924242424242422,2023
Viego,0.0,0.28125,0.2545454545454545,-0.02670454545454548,2023
Volibear,2.0,0.0,0.00909090909090909,0.00909090909090909,2023
Wukong,2.0,0.0625,0.17272727272727273,0.11022727272727273,2023
Xayah,-2.0,0.96875,0.9090909090909091,-0.05965909090909094,2023
Xerath,-1.0,0.0625,0.0,-0.0625,2023
Xin Zhao,1.0,0.0,0.0,0.0,2023
Yasuo,2.0,0.0,0.00909090909090909,0.00909090909090909,2023
Yone,1.0,0.09375,0.12727272727272726,0.03352272727272726,2023
Yorick,-1.0,0.0,0.0,0.0,2023
Zeri,-1.0,0.625,0.17272727272727273,-0.45227272727272727,2023
Zoe,1.0,0.0,0.0,0.0,2023
Zyra,1.0,0.0,0.0,0.0,2023
Aatrox,0.0,0.030534351145038167,0.009433962264150943,-0.021100388880887222,2024
Ahri,2.0,0.026717557251908396,0.3584905660377358,0.33177300878582744,2024
Akali,0.0,0.003816793893129771,0.20754716981132076,0.203730375918191,2024
Alistar,0.0,0.5,0.27358490566037735,-0.22641509433962265,2024
Ashe,-1.0,0.7977099236641222,0.7830188679245284,-0.014691055739593839,2024
Aurora,-5.0,0.24045801526717558,0.9056603773584906,0.665202362091315,2024
Azir,0.0,0.4122137404580153,0.0,-0.4122137404580153,2024
Bel'Veth,0.0,0.0,0.009433962264150943,0.009433962264150943,2024
Brand,-2.0,0.1946564885496183,0.1509433962264151,-0.04371309232320322,2024
Caitlyn,2.0,0.06870229007633588,0.03773584905660377,-0.03096644101973211,2024
Cassiopeia,0.0,0.015267175572519083,0.05660377358490566,0.04133659801238658,2024
Corki,-4.0,0.6984732824427481,0.009433962264150943,-0.6890393201785971,2024
Ezreal,-1.0,0.6984732824427481,0.5,-0.1984732824427481,2024
Gnar,1.0,0.24427480916030533,0.6132075471698113,0.368932738009506,2024
Graves,2.0,0.0,0.0,0.0,2024
Gwen,0.0,0.04961832061068702,0.0,-0.04961832061068702,2024
Hwei,1.0,0.011450381679389313,0.03773584905660377,0.02628546737721446,2024
Ivern,-2.0,0.42748091603053434,0.20754716981132076,-0.21993374621921358,2024
Jarvan IV,1.0,0.011450381679389313,0.14150943396226415,0.13005905228287484,2024
Jax,2.0,0.24045801526717558,0.7547169811320755,0.5142589658648999,2024
Jayce,2.0,0.07251908396946564,0.018867924528301886,-0.05365115944116376,2024
Jinx,1.0,0.003816793893129771,0.09433962264150944,0.09052282874837966,2024
K'Sante,0.0,0.6030534351145038,0.37735849056603776,-0.22569494454846606,2024
Katarina,-1.0,0.0,0.0,0.0,2024
Kennen,-1.0,0.3320610687022901,0.0660377358490566,-0.2660233328532335,2024
Kindred,2.0,0.007633587786259542,0.07547169811320754,0.067838110326948,2024
LeBlanc,-2.0,0.18702290076335878,0.18867924528301888,0.0016563445196600968,2024
Leona,-1.0,0.6908396946564885,0.42452830188679247,-0.26631139276969606,2024
Lillia,-3.0,0.6603053435114504,0.02830188679245283,-0.6320034567189976,2024
Lissandra,1.0,0.0,0.0,0.0,2024
Lucian,0.0,0.366412213740458,0.24528301886792453,-0.12112919487253349,2024
Lulu,1.0,0.007633587786259542,0.018867924528301886,0.011234336742042345,2024
Malphite,1.0,0.007633587786259542,0.0,-0.007633587786259542,2024
Maokai,-2.0,0.7633587786259542,0.27358490566037735,-0.4897738729655769,2024
Miss Fortune,-1.0,0.6870229007633588,0.18867924528301888,-0.49834365548033993,2024
Morgana,0.0,0.022900763358778626,0.009433962264150943,-0.013466801094627683,2024
Nasus,-2.0,0.24427480916030533,0.0,-0.24427480916030533,2024
Neeko,0.0,0.003816793893129771,0.2169811320754717,0.21316433818234193,2024
Orianna,1.0,0.07633587786259542,0.5377358490566038,0.46139997119400833,2024
Pyke,-1.0,0.003816793893129771,0.018867924528301886,0.015051130635172116,2024
Qiyana,0.0,0.0,0.0,0.0,2024
Rell,-1.0,0.6870229007633588,0.6792452830188679,-0.007777617744490928,2024
Rumble,-3.0,0.9122137404580153,0.5283018867924528,-0.38391185366556246,2024
Ryze,2.0,0.007633587786259542,0.009433962264150943,0.0018003744778914013,2024
Samira,1.0,0.003816793893129771,0.0,-0.003816793893129771,2024
Senna,-2.0,0.21755725190839695,0.03773584905660377,-0.17982140285179318,2024
Seraphine,-2.0,0.04198473282442748,0.02830188679245283,-0.01368284603197465,2024
Shen,1.0,0.011450381679389313,0.0,-0.011450381679389313,2024
Singed,0.0,0.0,0.0,0.0,2024
Skarner,2.0,0.08778625954198473,0.8962264150943396,0.8084401555523549,2024
Smolder,-2.0,0.5343511450381679,0.27358490566037735,-0.2607662393777906,2024
Swain,0.0,0.0,0.009433962264150943,0.009433962264150943,2024
Sylas,1.0,0.011450381679389313,0.29245283018867924,0.2810024485092899,2024
Syndra,1.0,0.003816793893129771,0.2169811320754717,0.21316433818234193,2024
Taliyah,0.0,0.12213740458015267,0.009433962264150943,-0.11270344231600173,2024
Talon,0.0,0.0,0.0,0.0,2024
Twisted Fate,1.0,0.03816793893129771,0.0,-0.03816793893129771,2024
Varus,0.0,0.14122137404580154,0.1509433962264151,0.009722022180613549,2024
Vi,0.0,0.5076335877862596,0.5754716981132075,0.06783811032694798,2024
Viego,1.0,0.10687022900763359,0.07547169811320754,-0.03139853089442604,2024
Vladimir,0.0,0.003816793893129771,0.0,-0.003816793893129771,2024
Wukong,2.0,0.015267175572519083,0.22641509433962265,0.21114791876710357,2024
Xayah,0.0,0.05343511450381679,0.29245283018867924,0.23901771568486244,2024
Xin Zhao,2.0,0.026717557251908396,0.11320754716981132,0.08648998991790292,2024
Yone,0.0,0.3435114503816794,0.9339622641509434,0.590450813769264,2024
Yorick,0.0,0.0,0.0,0.0,2024
Zeri,-2.0,0.549618320610687,0.018867924528301886,-0.5307503960823852,2024
Ziggs,-1.0,0.4312977099236641,0.5943396226415094,0.1630419127178453,2024
Ahri,2.0,0.14906832298136646,0.03571428571428571,-0.11335403726708075,2025
Ambessa,0.0,0.40062111801242234,0.5119047619047619,0.11128364389233952,2025
Amumu,2.0,0.0,0.0,0.0,2025
Anivia,2.0,0.0,0.047619047619047616,0.047619047619047616,2025
Annie,-2.0,0.3944099378881988,0.16666666666666666,-0.22774327122153212,2025
Ashe,1.0,0.018633540372670808,0.05952380952380952,0.04089026915113871,2025
Aurora,-2.0,0.4409937888198758,0.4880952380952381,0.047101449275362306,2025
Azir,-4.0,0.6987577639751553,0.8214285714285714,0.12267080745341608,2025
Blitzcrank,0.0,0.052795031055900624,0.03571428571428571,-0.01708074534161491,2025
Brand,2.0,0.009316770186335404,0.0,-0.009316770186335404,2025
Briar,-1.0,0.0,0.0,0.0,2025
Caitlyn,1.0,0.049689440993788817,0.4523809523809524,0.4026915113871636,2025
Camille,0.0,0.027950310559006212,0.03571428571428571,0.0077639751552795,2025
Cassiopeia,2.0,0.08695652173913043,0.20238095238095238,0.11542443064182195,2025
Corki,-1.0,0.35403726708074534,0.35714285714285715,0.003105590062111807,2025
Diana,1.0,0.0,0.0,0.0,2025
Draven,2.0,0.021739130434782608,0.15476190476190477,0.13302277432712217,2025
Fizz,2.0,0.0,0.0,0.0,2025
Galio,-2.0,0.35403726708074534,0.32142857142857145,-0.03260869565217389,2025
Gangplank,0.0,0.012422360248447204,0.0,-0.012422360248447204,2025
Garen,1.0,0.006211180124223602,0.0,-0.006211180124223602,2025
Graves,1.0,0.0,0.0,0.0,2025
Heimerdinger,1.0,0.0,0.0,0.0,2025
Hwei,2.0,0.040372670807453416,0.08333333333333333,0.04296066252587991,2025
Illaoi,0.0,0.0,0.0,0.0,2025
Jarvan IV,0.0,0.41304347826086957,0.3333333333333333,-0.07971014492753625,2025
Jax,0.0,0.21428571428571427,0.09523809523809523,-0.11904761904761904,2025
Jayce,1.0,0.12732919254658384,0.023809523809523808,-0.10351966873706003,2025
Jinx,2.0,0.055900621118012424,0.011904761904761904,-0.04399585921325052,2025
K'Sante,0.0,0.27639751552795033,0.38095238095238093,0.1045548654244306,2025
Kai'Sa,0.0,0.36645962732919257,0.4642857142857143,0.09782608695652173,2025
Karthus,0.0,0.0,0.0,0.0,2025
Katarina,1.0,0.0,0.0,0.0,2025
Kayn,0.0,0.0,0.0,0.0,2025
LeBlanc,2.0,0.07763975155279502,0.14285714285714285,0.06521739130434782,2025
Lee Sin,0.0,0.11490683229813664,0.047619047619047616,-0.06728778467908902,2025
Leona,0.0,0.21428571428571427,0.2619047619047619,0.047619047619047644,2025
Lillia,2.0,0.015527950310559006,0.011904761904761904,-0.003623188405797102,2025
Malphite,2.0,0.009316770186335404,0.0,-0.009316770186335404,2025
Mel,2.0,0.018633540372670808,0.03571428571428571,0.017080745341614904,2025
Milio,0.0,0.009316770186335404,0.0,-0.009316770186335404,2025
Mordekaiser,0.0,0.034161490683229816,0.11904761904761904,0.08488612836438922,2025
Naafiri,0.0,0.11801242236024845,0.05952380952380952,-0.05848861283643893,2025
Nasus,0.0,0.0,0.0,0.0,2025
Nidalee,0.0,0.031055900621118012,0.023809523809523808,-0.007246376811594204,2025
Nilah,0.0,0.0,0.0,0.0,2025
Orianna,-1.0,0.40372670807453415,0.7857142857142857,0.38198757763975155,2025
Pantheon,-2.0,0.5186335403726708,0.2261904761904762,-0.2924430641821947,2025
Poppy,-2.0,0.6024844720496895,0.6904761904761905,0.087991718426501,2025
Qiyana,-2.0,0.17080745341614906,0.5238095238095238,0.3530020703933748,2025
Rakan,0.0,0.4409937888198758,0.40476190476190477,-0.03623188405797101,2025
Seraphine,2.0,0.009316770186335404,0.023809523809523808,0.014492753623188404,2025
Sion,0.0,0.3167701863354037,0.6309523809523809,0.3141821946169772,2025
Sivir,-1.0,0.39751552795031053,0.35714285714285715,-0.04037267080745338,2025
Soraka,0.0,0.0,0.011904761904761904,0.011904761904761904,2025
Sylas,-1.0,0.18633540372670807,0.08333333333333333,-0.10300207039337474,2025
Syndra,0.0,0.043478260869565216,0.047619047619047616,0.0041407867494824,2025
Tahm Kench,0.0,0.031055900621118012,0.011904761904761904,-0.019151138716356108,2025
Taliyah,0.0,0.4409937888198758,0.4880952380952381,0.047101449275362306,2025
Teemo,0.0,0.0,0.0,0.0,2025
Thresh,0.0,0.027950310559006212,0.011904761904761904,-0.016045548654244308,2025
Veigar,1.0,0.006211180124223602,0.0,-0.006211180124223602,2025
Vel'Koz,2.0,0.0,0.0,0.0,2025
Volibear,-3.0,0.043478260869565216,0.011904761904761904,-0.03157349896480331,2025
Warwick,-2.0,0.0,0.0,0.0,2025
Wukong,0.0,0.5559006211180124,0.5952380952380952,0.039337474120082816,2025
Xin Zhao,0.0,0.2981366459627329,0.44047619047619047,0.14233954451345754,2025
Yorick,0.0,0.2204968944099379,0.11904761904761904,-0.10144927536231885,2025
Yunara,-2.0,0.5714285714285714,0.8809523809523809,0.30952380952380953,2025
Zac,1.0,0.003105590062111801,0.0,-0.003105590062111801,2025
Zoe,0.0,0.015527950310559006,0.03571428571428571,0.020186335403726705,2025
