year,teamid,team,finish,intended,nerfs,buffs,walkback,walkback_all_reasons,touched,intended_z,nerfs_z,buffs_z,walkback_z,walkback_all_reasons_z,touched_z,pool_share_changed,n_unseen_patches
2016,oe:team:056c3140a119e44a03d462e2c832f27,EDward Gaming,QF,-3.923076923076923,4.897435897435897,0.9743589743589743,-0.15384615384615385,-0.15384615384615385,0.3076923076923077,1.8012972786351304,-1.5702991594963966,1.899753736088341,1.8073008586946675,1.8073008586946675,1.0343350688063977,0.5538461538461539,3
2016,oe:team:3354e252e33ed55fd8fa14595ca1564,SK Telecom T1,Champion,-5.484848484848484,5.909090909090908,0.4242424242424243,-0.24242424242424243,-0.24242424242424243,0.12121212121212122,-0.02395780203401291,-0.087644415076893,-0.3247088760024113,1.3005658162146512,1.3005658162146512,0.46916789701037453,0.5636363636363636,3
2016,oe:team:3b84bb916852d07609c83d1ce91c1a9,Samsung Galaxy,Runner-up,-6.564102564102565,6.794871794871795,0.23076923076923073,-0.3076923076923077,-0.3076923076923077,0.1538461538461539,-1.2852907906158255,1.2105325500830424,-1.1070410658478882,0.9271821007030598,0.9271821007030598,0.5680721520746788,0.6256410256410256,3
2016,oe:team:5b90b1fda6971ccdccf9eb32286aa50,H2k-Gaming,SF,-5.351351351351351,5.783783783783784,0.43243243243243246,-0.7567567567567568,-0.7567567567567568,-0.3783783783783784,0.1320613797303242,-0.27129121334880507,-0.2915915902062825,-1.6418131928940654,-1.6418131928940654,-1.0449455058080255,0.5351351351351351,3
2016,oe:team:73f3126d91d35faa5d5ce34abadb865,Royal Never Give Up,QF,-4.047619047619048,4.547619047619048,0.5,-0.3333333333333333,-0.3333333333333333,0.19047619047619052,1.655743888406929,-2.0829814534439555,-0.018373982388218933,0.7804956410377921,0.7804956410377921,0.6790871322488975,0.4571428571428572,3
2016,oe:team:93c730021ff69abdfccc4911a2f666f,ROX Tigers,SF,-5.642857142857142,5.964285714285714,0.3214285714285714,-0.5,-0.5,0.0714285714285714,-0.20862380113369486,-0.006752372980929537,-0.7404490887645303,-0.17296634678644957,-0.17296634678644957,0.31828844668268613,0.5785714285714285,3
2016,oe:team:f2357aab765dfb94659ba2223a6d4f0,Albus NoX Luna,QF,-6.76923076923077,6.884615384615386,0.11538461538461539,-0.6153846153846154,-0.6153846153846154,-0.38461538461538464,-1.5250257862858028,1.342058374184775,-1.573612673044889,-0.8330554152801555,-0.8330554152801555,-1.0638480564863384,0.553846153846154,2
2016,oe:team:fc8e90107dabb9a35c490b0d86adea0,Cloud9,QF,-6.8085106382978715,7.234042553191489,0.42553191489361697,-0.5106382978723404,-0.5106382978723404,0.2978723404255319,-1.5709324875843071,1.8541695616447003,-0.3194946650472766,-0.23382562260501794,-0.23382562260501794,1.004573606036288,0.6382978723404256,3
2017,oe:team:3354e252e33ed55fd8fa14595ca1564,SK Telecom T1,Runner-up,-2.9148936170212765,3.404255319148936,0.48936170212765956,-0.14893617021276595,-2.574468085106383,0.021276595744680854,-1.0548886612893802,1.4048550071299413,1.9509747759673253,-0.821529182689752,-1.35771180289613,-0.031576405887961866,0.5319148936170213,3
2017,oe:team:3b84bb916852d07609c83d1ce91c1a9,Samsung Galaxy,Champion,-3.0,3.1458333333333335,0.14583333333333331,-0.16666666666666666,-2.4375,-0.08333333333333333,-1.1900353277757731,1.0289774141805739,-0.27150381509719707,-0.9730876778260903,-1.077470641366282,-1.321904836977364,0.4458333333333333,3
2017,oe:team:594b183f8fb081ef64820f31ab8d641,Misfits Gaming,QF,-1.8285714285714285,2.057142857142857,0.22857142857142856,0.0,-1.5428571428571427,0.0,0.6701620030762185,-0.5545347408160692,0.26377554473412185,0.4515621764554905,0.7529977720992769,-0.2940160867875013,0.3314285714285714,2
2017,oe:team:62c1cd9465dc63824593ee5046f5aa8,Team WE,SF,-1.9482758620689653,2.137931034482759,0.18965517241379312,0.0,-1.7241379310344827,0.0,0.4800745550539169,-0.43702745697777773,0.012004354895327533,0.4515621764554905,0.38209137735479304,-0.2940160867875013,0.3310344827586207,2
2017,oe:team:73f3126d91d35faa5d5ce34abadb865,Royal Never Give Up,SF,-1.7446808510638294,1.936170212765957,0.19148936170212766,0.0,-1.5106382978723403,0.0,0.8033780028985205,-0.7304907696253007,0.023870758941055666,0.4515621764554905,0.818918577918226,-0.2940160867875013,0.28510638297872337,2
2017,oe:team:78f183fa5a7d8ecb22b9ad272c3abd7,Fnatic,QF,-1.9500000000000002,2.125,0.175,0.05,-1.8500000000000003,0.05,0.47733667000009705,-0.4558357874701875,-0.08280821343004145,0.8789571327399649,0.12457348643844546,0.32271716332641637,0.32500000000000007,2
2017,oe:team:fbf53cf218dfaa8c2b2a864d13d2206,Longzhu Gaming,QF,-2.6571428571428575,3.4000000000000004,0.7428571428571429,-0.34285714285714286,-2.428571428571429,0.17142857142857137,-0.64558732850202,1.3986655990813759,3.5909796231100892,-2.4791460952094755,-1.0592024935273048,1.8204979136030728,0.5314285714285715,3
2017,oe:team:fc8e90107dabb9a35c490b0d86adea0,Cloud9,QF,-1.84,1.96,0.12,0.0,-1.54,0.0,0.6520137364337598,-0.695830084553331,-0.43863420514524903,0.4515621764554905,0.7588435794077494,-0.2940160867875013,0.2920000000000001,2
2018,oe:team:056c3140a119e44a03d462e2c832f27,EDward Gaming,QF,-1.350877192982456,1.7894736842105263,0.43859649122807015,-0.15789473684210525,-0.15789473684210525,0.7192982456140349,-0.10767235679708932,-0.21694472311130986,-0.9106715108080212,0.3700997507360465,0.3700997507360465,1.2962788455762033,0.30877192982456136,3
2018,oe:team:53a258f289c26d94431c0496a54e151,Invictus Gaming,Champion,-1.018181818181818,1.8727272727272728,0.8545454545454545,-0.3636363636363636,-0.3636363636363636,0.036363636363636376,0.2792422695956205,-0.10757127981439363,0.5591166069367463,-0.08189123844884523,-0.08189123844884523,0.08593207669127342,0.36,3
2018,oe:team:73f3126d91d35faa5d5ce34abadb865,Royal Never Give Up,QF,-1.25,2.0,0.7499999999999999,-0.5,-0.5,0.05357142857142855,0.009644757868964595,0.05963180016824821,0.1896970857781206,-0.38146666151325037,-0.38146666151325037,0.1164289872537723,0.3357142857142857,3
2018,oe:team:78f183fa5a7d8ecb22b9ad272c3abd7,Fnatic,Runner-up,-0.7857142857142856,1.9285714285714284,1.142857142857143,0.28571428571428575,0.28571428571428575,0.7857142857142857,0.5495949564251521,-0.03420666308731639,1.5778884541071179,1.3446583951911788,1.3446583951911788,1.4139862196770767,0.35,3
2018,oe:team:7d6673d3a9d00363c6bebc1a630da6e,G2 Esports,SF,-1.3333333333333335,2.212121212121212,0.8787878787878788,-0.21212121212121213,-0.21212121212121213,0.15151515151515155,-0.08726938033342817,0.3383036001393178,0.6447791045967176,0.25097034273382696,0.25097034273382696,0.2900120316503859,0.3696969696969697,3
2018,oe:team:b3c72a20aa56f5d28022ac04a7dc294,DN SOOPers,QF,-2.0784313725490193,2.4509803921568625,0.37254901960784315,-1.156862745098039,-1.156862745098039,-1.0392156862745097,-0.9537957924959968,0.6521020975857326,-1.1440554053615029,-1.8245195164051884,-1.8245195164051884,-1.8202884313943066,0.30196078431372547,4
2018,oe:team:d723992568441c6bafa2658129eade7,KT Rolster,QF,-2.86046511627907,3.1395348837209305,0.2790697674418604,-0.9069767441860466,-0.9069767441860466,-0.5813953488372092,-1.86327730832146,1.5566826325709728,-1.4743716369333821,-1.275548350503917,-1.275548350503917,-1.0089056743317253,0.35348837209302325,4
2018,oe:team:fc8e90107dabb9a35c490b0d86adea0,Cloud9,SF,-0.9259259259259258,1.4814814814814814,0.5555555555555556,0.0,0.0,0.4074074074074074,0.3865330731004915,-0.6215659330943671,-0.4973875308695639,0.7169765563895681,0.7169765563895681,0.7435230426706357,0.274074074074074,3
2019,oe:team:3354e252e33ed55fd8fa14595ca1564,SK Telecom T1,SF,-1.9534883720930232,3.0,1.0465116279069768,-0.627906976744186,-0.9999999999999999,-0.3488372093023256,0.40994810008296656,-0.3954098137851654,0.032519784164728886,-1.0622530027518975,-0.5140965032345769,-1.4603626165336345,0.4883720930232558,3
2019,oe:team:33d17f3717f58e12a3da80b377221fb,FunPlus Phoenix,Champion,-1.5,4.0,2.5,-0.125,-0.3125,0.1875,0.8408195870890746,0.5563077431850736,2.987271343885589,1.2525533798538584,1.5777476330541673,0.7975452881550559,0.6375,4
2019,oe:team:3413ca4510110b5181f3e4b24d52719,Splyce,QF,-3.076923076923077,3.423076923076923,0.34615384615384615,-0.23076923076923078,-0.8461538461538463,0.4615384615384615,-0.6574573982990293,0.007239921856089399,-1.3912158904576921,0.7657132647037816,-0.04599152168744591,1.9512105527771073,0.4384615384615384,3
2019,oe:team:53a258f289c26d94431c0496a54e151,Invictus Gaming,SF,-4.27906976744186,5.325581395348838,1.0465116279069766,-0.5116279069767442,-1.1627906976744187,0.16279069767441856,-1.799649269179126,1.81788683033167,0.032519784164728435,-0.527037654172532,-1.0094168906856122,0.6935224307574738,0.5906976744186048,4
2019,oe:team:76b516358ee227ba806ba5d955b6314,Griffin,QF,-2.628571428571428,3.2857142857142856,0.6571428571428573,-0.5714285714285714,-1.0285714285714285,-0.17142857142857143,-0.23146645053711484,-0.12349051179366866,-0.7590159479479222,-0.8022912620133483,-0.6010302855219014,-0.7134959832521722,0.48571428571428565,3
2019,oe:team:78f183fa5a7d8ecb22b9ad272c3abd7,Fnatic,QF,-1.878787878787879,3.090909090909091,1.212121212121212,-0.30303030303030304,-0.5454545454545454,0.06060606060606061,0.4809230458835064,-0.3088900358787801,0.3691823861208021,0.4331062438849965,0.8689409422455846,0.2633387780615915,0.4787878787878787,3
2019,oe:team:7d6673d3a9d00363c6bebc1a630da6e,G2 Esports,Runner-up,-2.1153846153846154,3.230769230769231,1.1153846153846154,-0.5,-1.1153846153846154,-0.03846153846153849,0.25612612937664386,-0.1757826852535717,0.17252955037919418,-0.47351611931459536,-0.8651752393949261,-0.1537225616210216,0.5000000000000001,3
2019,oe:team:ef69efa6acebe94107f0cf1ba716806,Dplus Kia,QF,-2.263157894736842,2.973684210526316,0.7105263157894737,-0.47368421052631576,-1.0526315789473686,0.07894736842105265,0.11572276617596158,-0.4204550126528031,-0.6504943658507459,-0.352388435162423,-0.6742376811322807,0.34055323042388336,0.41578947368421054,3
2020,oe:team:1d0389df0c5eea93b04122ba167c010,Kiwoom DRX,QF,-1.2264150943396226,1.9245283018867927,0.6981132075471699,0.03773584905660377,-0.2641509433962264,-0.169811320754717,0.11716937177300246,0.3436981326433792,1.5208674597818266,0.14462129922802117,-1.336655774961641,-1.1747485870216208,0.3547169811320755,3
2020,oe:team:50f58982d91a36557ec8aec52ab014f,Gen.G,QF,-1.0925925925925926,1.5925925925925928,0.5,0.0,-0.24074074074074073,0.05555555555555555,0.3509870401462553,-0.27800526652250884,0.31837114899917957,-0.7062224707277746,-1.0732494429506194,0.5101713085992982,0.3074074074074074,3
2020,oe:team:78f183fa5a7d8ecb22b9ad272c3abd7,Fnatic,QF,-1.6153846153846154,1.961538461538462,0.34615384615384615,0.0,-0.11538461538461539,0.15384615384615385,-0.5624468758063742,0.4130168031414707,-0.6154355099236083,-0.7062224707277746,0.33722946921861524,1.2450254598557917,0.3076923076923077,3
2020,oe:team:7d6673d3a9d00363c6bebc1a630da6e,G2 Esports,SF,-2.28125,2.625,0.34375,0.125,-0.15625,0.15625,-1.7258617697794183,1.6556559110410773,-0.6300262389692768,2.112197517250799,-0.12257864206382704,1.2629974363810865,0.325,3
2020,oe:team:8d47748b0e2a0ac34c90891889805a8,Suning,Runner-up,-0.4782608695652173,0.9130434782608694,0.43478260869565216,0.043478260869565216,-0.021739130434782608,0.0,1.4243611678958268,-1.550775813501388,-0.07748167380504575,0.27409752509085966,1.390907391748202,0.0948189622369321,0.19999999999999998,3
2020,oe:team:b42d0f31f2727621b963042276817c4,JD Gaming,QF,-1.1590909090909092,1.568181818181818,0.40909090909090906,0.045454545454545456,-0.18181818181818182,0.045454545454545456,0.23479969413642723,-0.32372575094920686,-0.23342369490974066,0.31865752490079763,-0.4102660699785103,0.4346527001697771,0.2772727272727272,3
2020,oe:team:ef69efa6acebe94107f0cf1ba716806,Dplus Kia,Champion,-1.3809523809523807,1.8095238095238093,0.42857142857142855,0.047619047619047616,-0.21428571428571427,0.047619047619047616,-0.15284163206272677,0.12829893990981353,-0.11518194264354346,0.36746133421644384,-0.7755834387590602,0.4508352591189601,0.2523809523809523,3
2020,oe:team:fcec508e780bbd1ad493852640f5b36,Top Esports,SF,-0.631578947368421,1.3157894736842106,0.6842105263157894,0.05263157894736842,-0.02631578947368421,0.05263157894736842,1.1564803929632235,-0.7964473476441126,1.4364817537619907,0.480480682105309,1.3394118541809665,0.4883106587907525,0.25263157894736843,3
2021,oe:team:056c3140a119e44a03d462e2c832f27,EDward Gaming,Champion,-4.475,5.075,0.6,-1.4000000000000001,-1.4000000000000001,-1.45,-0.8713238570120272,0.5692140663523223,-1.067876002052607,0.32455188505360777,0.3209295189396607,0.17525331662933374,0.6249999999999999,4
2021,oe:team:3a1d18f46bcb3716ebcfcf4ef068934,Hanwha Life Esports,QF,-3.2195121951219514,4.170731707317073,0.951219512195122,-1.8048780487804879,-1.7560975609756098,-1.5609756097560976,0.4234164050915805,-0.5499119017586095,-0.09363560263229355,-0.4380504326935231,-0.3509528042818386,0.00027180248461125447,0.5853658536585366,3
2021,oe:team:50f58982d91a36557ec8aec52ab014f,Gen.G,SF,-3.0588235294117645,3.9411764705882346,0.8823529411764706,-1.3529411764705883,-1.3529411764705883,-1.411764705882353,0.5891289547080185,-0.8340103586191064,-0.28466313193039444,0.41318886599657706,0.40971976955072115,0.23554106520020426,0.5470588235294116,3
2021,oe:team:6a0084dacefb228be863fbb64cefe11,MAD Lions KOI,QF,-3.6818181818181825,4.681818181818182,1.0,-1.5454545454545454,-1.5454545454545454,-1.8181818181818181,-0.053343442404737436,0.08261071370039774,0.041675563953860885,0.050583034866248884,0.04648692614183803,-0.4052797587698899,0.609090909090909,4
2021,oe:team:73f3126d91d35faa5d5ce34abadb865,Royal Never Give Up,QF,-4.5,5.166666666666668,0.6666666666666667,-2.4444444444444446,-2.4444444444444446,-2.4444444444444446,-0.8971054746644063,0.6826610907663561,-0.8829507410515288,-1.6426966642084024,-1.6497207654558184,-1.3927434261156206,0.5277777777777777,4
2021,oe:team:ce499dea30cfce118f4fe85da0227e8,T1,SF,-3.9591836734693877,4.571428571428571,0.6122448979591836,-1.5510204081632653,-1.5510204081632653,-1.9591836734693877,-0.3393806846333548,-0.05400789893515499,-1.0339101377871032,0.04009953294581425,0.03598529631539075,-0.6276053507595145,0.5714285714285714,3
2021,oe:team:ef69efa6acebe94107f0cf1ba716806,Dplus Kia,Runner-up,-3.085714285714286,3.914285714285714,0.8285714285714285,-1.7142857142857144,-1.7142857142857144,-1.9428571428571428,0.5613974668130225,-0.867290463565621,-0.4338465357631969,-0.2674165233869363,-0.272062511927064,-0.6018623874765054,0.5371428571428571,3
2021,oe:team:fc8e90107dabb9a35c490b0d86adea0,Cloud9,QF,-5.142857142857142,5.914285714285715,0.7714285714285714,-2.6857142857142855,-2.6857142857142855,-2.7142857142857144,-1.5600613571541462,1.6079173418314505,-0.5923539023355495,-2.097137058566799,-2.104946970969667,-1.8182174025986886,0.6285714285714287,4
2022,oe:team:056c3140a119e44a03d462e2c832f27,EDward Gaming,QF,-3.0357142857142856,3.2857142857142856,0.25,-0.2857142857142857,-0.2857142857142857,-0.39285714285714285,-0.7154522703003088,0.1942335174307138,-0.914576273042046,1.4135954158651372,1.422977835551173,1.2770254224161495,0.42142857142857143,3
2022,oe:team:1d0389df0c5eea93b04122ba167c010,Kiwoom DRX,Champion,-2.109090909090909,3.2909090909090906,1.1818181818181819,-0.7818181818181817,-0.7818181818181817,-0.9090909090909091,0.7280369938872058,0.20454923254449234,1.4431365205981421,-0.8813698951689515,-0.8688375738111094,-0.9215205404406154,0.46909090909090906,4
2022,oe:team:50f58982d91a36557ec8aec52ab014f,Gen.G,SF,-2.883720930232558,3.4651162790697674,0.5813953488372092,-0.8604651162790697,-0.8604651162790697,-1.0697674418604652,-0.4786777809007335,0.5504855393833133,-0.07607036174743595,-1.2451888206488475,-1.2321571480214704,-1.605812745934136,0.46511627906976755,4
2022,oe:team:73f3126d91d35faa5d5ce34abadb865,Royal Never Give Up,QF,-2.1481481481481484,2.611111111111111,0.4629629629629629,-0.5555555555555556,-0.5555555555555556,-0.7777777777777778,0.6671938221194321,-1.1453767091503053,-0.3757313436915786,0.1653158545987768,0.17641157158739496,-0.3622817350738354,0.3740740740740741,3
2022,oe:team:b42d0f31f2727621b963042276817c4,JD Gaming,SF,-2.318181818181818,2.75,0.4318181818181819,-0.6818181818181818,-0.6818181818181818,-0.7272727272727272,0.4023162208890422,-0.8695746036777426,-0.45453475233176527,-0.4187721754055358,-0.40687478187159176,-0.14718988685584256,0.3909090909090909,3
2022,oe:team:cd62e47544f14f1d239afa659b9d243,Rogue,QF,-3.2666666666666666,3.6666666666666665,0.4,-0.6,-0.6,-0.6,-1.0752287348852372,0.9507192924411718,-0.5350420184560645,-0.04028313196274114,-0.028905224830168268,0.39484157065349795,0.48,3
2022,oe:team:ce499dea30cfce118f4fe85da0227e8,T1,Runner-up,-1.2127659574468086,3.0638297872340425,1.851063829787234,-0.6595744680851063,-0.6595744680851063,-0.7872340425531914,2.1243275230948746,-0.24637920790782408,3.136480841510451,-0.31587326288562706,-0.30411710087924254,-0.40255425133592715,0.4553191489361702,4
2022,oe:team:ef69efa6acebe94107f0cf1ba716806,Dplus Kia,QF,-2.4705882352941178,3.1372549019607843,0.6666666666666666,-0.6078431372549019,-0.6078431372549019,-0.6274509803921569,0.16489826614613448,-0.10057343900718514,0.13968554525234692,-0.07656530606183244,-0.06513760066856168,0.2779328249161891,0.41568627450980394,4
2023,oe:team:50f58982d91a36557ec8aec52ab014f,Gen.G,QF,-1.7878787878787878,2.545454545454545,0.7575757575757576,-0.5454545454545454,-0.5151515151515151,-0.3030303030303031,-0.027299015551986633,0.18901922851690797,0.5065195668636513,-0.47633972528641827,-0.5161921464038627,0.20641528305713983,0.4666666666666666,5
2023,oe:team:606c6ac695907af3823ee6405c58ff1,Weibo Gaming,Runner-up,-3.40625,3.78125,0.375,-1.125,-0.9375,-0.75,-1.6840742502456916,1.4316572256155904,-0.6947667333738404,-2.4591308079211296,-2.0840829741716043,-1.464900974340149,0.475,6
2023,oe:team:a9145b7711873f53e610fbba0493484,LNG Esports,QF,-2.58974358974359,3.358974358974359,0.7692307692307692,-0.3076923076923077,-0.3076923076923077,-0.15384615384615385,-0.8481921056860419,1.0070434638012045,0.5431162553705053,0.3371130265637194,0.25396188558691474,0.7642470456304203,0.4512820512820512,6
2023,oe:team:b42d0f31f2727621b963042276817c4,JD Gaming,SF,-2.791666666666667,3.458333333333333,0.6666666666666666,-0.3333333333333333,-0.20833333333333331,-0.20833333333333331,-1.0549068264211077,1.1069525842281185,0.22106539651018783,0.24938772979556736,0.6228137464139586,0.56050771047182,0.4166666666666667,6
2023,oe:team:ce499dea30cfce118f4fe85da0227e8,T1,Champion,-1.8958333333333333,2.875,0.9791666666666667,-0.625,-0.6041666666666667,-0.6458333333333333,-0.1378153272869675,0.520389361076557,1.2023141071002186,-0.7484875209421631,-0.8466444733324903,-1.0753993041840009,0.5291666666666667,5
2023,oe:team:d356a144644879dabb5f34cd99c886d,Bilibili Gaming,SF,-3.2727272727272725,4.090909090909091,0.8181818181818183,-0.18181818181818182,-0.18181818181818182,-0.09090909090909093,-1.547383022573478,1.7430308846587084,0.6968223470992941,0.7677644834255571,0.7212463544352518,0.9995823204660229,0.509090909090909,6
2023,oe:team:d723992568441c6bafa2658129eade7,KT Rolster,QF,-2.275,2.55,0.275,-0.9500000000000001,-0.9500000000000001,-0.7750000000000001,-0.5259796362228126,0.1935898510349724,-1.00876632076265,-1.8604056574784913,-2.1304869179530717,-1.5583813751776252,0.43,5
2023,oe:team:e758ebe9a5a2cc81b9c8078479c2d87,NRG,QF,-2.620689655172414,3.0689655172413794,0.4482758620689656,-0.6551724137931034,-0.5517241379310345,-0.4827586206896552,-0.8798725226569334,0.7154288564594656,-0.46468082882169515,-0.8517159951564109,-0.6519612609159913,-0.4656277240085146,0.5034482758620691,5
2024,oe:team:2e66da41dc460dd378e3bcc57042d31,FlyQuest,QF,-3.578947368421052,3.6842105263157894,0.10526315789473684,-1.6052631578947367,-2.3684210526315788,-1.0,-0.2642383417077482,-0.6980770380383765,-1.808873193661566,-1.1034270164690356,-0.9766292126285679,-0.556668863652042,0.47368421052631576,2
2024,oe:team:3a1d18f46bcb3716ebcfcf4ef068934,Hanwha Life Esports,QF,-2.9215686274509802,3.4705882352941178,0.5490196078431373,-1.1372549019607843,-1.6666666666666667,-1.0980392156862746,1.3268849078358442,-1.205236226487175,0.18189596346275205,0.11420135001284784,0.24164932451293278,-0.7538362974393887,0.5137254901960785,2
2024,oe:team:50f58982d91a36557ec8aec52ab014f,Gen.G,SF,-3.3125,3.6458333333333335,0.3333333333333333,-1.8125,-2.7291666666666665,-1.3333333333333335,0.38067238669340686,-0.7891880637409832,-0.7857104408139516,-1.642600106533299,-1.602900523127871,-1.2270381385290203,0.4791666666666667,2
2024,oe:team:606c6ac695907af3823ee6405c58ff1,Weibo Gaming,SF,-3.9259259259259256,4.277777777777778,0.3518518518518518,-0.9444444444444446,-1.4629629629629628,-0.055555555555555663,-1.104067218930653,0.7111068261619501,-0.7026331232750428,0.6158409673690367,0.59528851098873,1.342710748499395,0.5407407407407407,3
2024,oe:team:a9145b7711873f53e610fbba0493484,LNG Esports,QF,-2.9736842105263155,3.473684210526316,0.5,-0.8421052631578948,-1.236842105263158,-0.4736842105263157,1.2007440536726555,-1.1978860933212503,-0.038014582963771644,0.8820992834501545,0.9878449285121023,0.5018089387852916,0.43157894736842106,3
2024,oe:team:ce499dea30cfce118f4fe85da0227e8,T1,Champion,-2.7733333333333334,3.4400000000000004,0.6666666666666666,-1.6533333333333335,-2.3066666666666666,-1.3733333333333335,1.6856744581724867,-1.2778555421665097,0.709681274886408,-1.228492351222567,-0.8694207013601162,-1.3074824515142578,0.4960000000000001,2
2024,oe:team:d356a144644879dabb5f34cd99c886d,Bilibili Gaming,Runner-up,-3.380952380952381,3.9285714285714284,0.5476190476190476,-1.119047619047619,-1.6904761904761905,-0.5000000000000002,0.2149898538825279,-0.11794152744218314,0.17561280499342233,0.16157167707553868,0.20031487414563198,0.4488850486634243,0.5095238095238095,3
2024,oe:team:fcec508e780bbd1ad493852640f5b36,Top Esports,QF,-4.326086956521738,4.499999999999999,0.17391304347826086,-1.173913043478261,-2.0000000000000004,-0.5,-2.0726192569882835,1.2386830511827602,-1.5008977831054278,0.018826979137462868,-0.33703298062928094,0.44888504866342477,0.5217391304347827,3
2025,oe:team:0916b3c324c8577b0c6344f3e067f62,CTBC Flying Oyster,QF,-1.6896551724137931,1.7241379310344827,0.034482758620689655,-0.10344827586206896,0.10344827586206896,-0.06896551724137931,-0.5186709777267666,0.22464548633472892,-1.5552086413139328,-0.29189043465269826,0.2975155400894629,0.22808830646890402,0.2,3
2025,oe:team:3a1d18f46bcb3716ebcfcf4ef068934,Hanwha Life Esports,QF,-1.9069767441860463,2.046511627906977,0.13953488372093023,-0.23255813953488372,0.0,-0.23255813953488372,-0.8926482943673307,0.7441180425747415,-0.5466659765647237,-1.4957795698865362,-0.8905084607906265,-1.085476124586208,0.24651162790697678,3
2025,oe:team:50f58982d91a36557ec8aec52ab014f,Gen.G,SF,-1.8030303030303028,2.0303030303030303,0.2272727272727273,-0.030303030303030304,0.09090909090909091,-0.07575757575757576,-0.713772305109809,0.717999529457593,0.29565261956690275,0.39015479347714405,0.15351263089187636,0.1735515776394471,0.25151515151515147,3
2025,oe:team:7d6673d3a9d00363c6bebc1a630da6e,G2 Esports,QF,-0.7931034482758621,1.0689655172413794,0.27586206896551724,-0.1724137931034483,0.034482758620689655,-0.1724137931034483,1.0241579521778497,-0.8310984899043005,0.762129847918983,-0.9349616497465497,-0.49450046049726337,-0.6025480249335933,0.1793103448275862,2
2025,oe:team:ce499dea30cfce118f4fe85da0227e8,T1,Champion,-1.5652173913043477,1.8985507246376812,0.33333333333333337,0.014492753623188406,0.18840579710144928,0.043478260869565216,-0.3045325142115771,0.5056940353106417,1.3138771072601538,0.8078545418846127,1.2731874248702129,1.130953884080314,0.263768115942029,3
2025,oe:team:d723992568441c6bafa2658129eade7,KT Rolster,Runner-up,-1.0731707317073171,1.3414634146341462,0.2682926829268293,-0.14634146341463414,0.0,-0.21951219512195122,0.5422048249187151,-0.391995732136078,0.6894606966886827,-0.6918493611135081,-0.8905084607906265,-0.9807239156534294,0.19024390243902442,3
2025,oe:team:ed28f87f0cfdba0a2a8f183cebae73a,Anyone's Legend,QF,-2.08,2.2666666666666666,0.18666666666666668,0.013333333333333329,0.14666666666666667,0.013333333333333343,-1.1903949579775457,1.098875585957224,-0.09418189857851347,0.79704348957289,0.7938455671238114,0.8889056545624463,0.28,3
2025,oe:team:fcec508e780bbd1ad493852640f5b36,Top Esports,SF,-1.532258064516129,1.7419354838709675,0.2096774193548387,-0.11290322580645161,0.08064516129032258,-0.11290322580645161,-0.24781453407725887,0.253324439848862,0.12673058474221555,-0.38005342381879076,0.035639281830948576,-0.12470884504075877,0.2225806451612903,3
