half_life,lam_team,logloss,logloss_known_teams,acc
120,1.0,0.6170109993058749,0.6170109993058749,0.6563354603463992
120,2.0,0.6134590511184801,0.6134590511184801,0.6700091157702825
120,4.0,0.610622956068501,0.610622956068501,0.6754785779398359
120,8.0,0.6095085390608838,0.6095085390608838,0.6800364630811303
120,16.0,0.6102716394378387,0.6102716394378387,0.6800364630811303
120,32.0,0.612126710072463,0.612126710072463,0.6700091157702825
240,1.0,0.6148032334745684,0.6148032334745684,0.6855059252506837
240,2.0,0.611877517224626,0.611877517224626,0.6873290793072014
240,4.0,0.6091768622335737,0.6091768622335737,0.6882406563354604
240,8.0,0.6076309154583511,0.6076309154583511,0.6873290793072014
240,16.0,0.6078954990461556,0.6078954990461556,0.6800364630811303
240,32.0,0.6097556433087422,0.6097556433087422,0.6709206927985415
480,1.0,0.6156454203729179,0.6156454203729179,0.6900638103919782
480,2.0,0.6127883685505874,0.6127883685505874,0.6927985414767548
480,4.0,0.6101284922006986,0.6101284922006986,0.6918869644484958
480,8.0,0.6083289990725756,0.6083289990725756,0.6964448495897904
480,16.0,0.6081741564398606,0.6081741564398606,0.690975387420237
480,32.0,0.6097129031463969,0.6097129031463969,0.682771194165907
