year,teamid,team,major,n_unseen_patches,intended,nerfs,buffs,walkback,walkback_all_reasons,touched,pool_share_changed,buff_share,nerf_share,intended_z,nerfs_z,buffs_z,walkback_z,walkback_all_reasons_z,touched_z,finish,net_rank_lowest_first,nerf_rank_highest_first
2016,oe:team:fc8e90107dabb9a35c490b0d86adea0,Cloud9,LCS,3,-7.212765957446808,7.404255319148935,0.1914893617021276,-0.5106382978723404,-0.5106382978723404,0.2978723404255319,0.6297872340425532,0.0382978723404255,0.5914893617021277,-1.7821088015154,1.9627892158447704,-0.3540558921488125,-0.2338256226050179,-0.2338256226050179,1.004573606036288,QF,1.0,1.0
2017,oe:team:3b84bb916852d07609c83d1ce91c1a9,Samsung Galaxy,LCK,3,-3.0,3.1458333333333335,0.1458333333333333,-0.1666666666666666,-2.4375,-0.0833333333333333,0.4458333333333333,0.0208333333333333,0.4249999999999999,-1.1887445264697905,1.028977414180574,-0.2657842850597923,-0.9730876778260904,-1.077470641366282,-1.321904836977364,Champion,4.0,6.0
2018,oe:team:d723992568441c6bafa2658129eade7,KT Rolster,LCK,4,-2.86046511627907,3.1395348837209305,0.2790697674418604,-0.9069767441860466,-0.9069767441860466,-0.5813953488372092,0.3534883720930232,0.0372093023255813,0.3162790697674419,-1.8834984414029945,1.5778895984701584,-1.4470086505962148,-1.275548350503917,-1.275548350503917,-1.0089056743317253,QF,3.0,3.0
2019,oe:team:53a258f289c26d94431c0496a54e151,Invictus Gaming,LPL,4,-4.27906976744186,5.325581395348838,1.0465116279069766,-0.5116279069767442,-1.162790697674419,0.1627906976744185,0.5906976744186048,0.1302325581395348,0.4604651162790698,-1.797590178530663,1.81788683033167,0.0250108212931467,-0.527037654172532,-1.0094168906856122,0.6935224307574738,SF,2.0,2.0
2020,oe:team:7d6673d3a9d00363c6bebc1a630da6e,G2 Esports,LEC,3,-2.28125,2.625,0.34375,0.125,-0.15625,0.15625,0.325,0.0375,0.2875,-1.7258617697794183,1.6556559110410771,-0.6300262389692768,2.112197517250799,-0.122578642063827,1.2629974363810863,SF,3.0,3.0
2021,oe:team:fc8e90107dabb9a35c490b0d86adea0,Cloud9,LCS,4,-5.0285714285714285,5.857142857142858,0.8285714285714285,-2.657142857142857,-2.657142857142857,-2.7142857142857144,0.6285714285714287,0.1142857142857142,0.5142857142857145,-1.4242171030804067,1.5486432233632024,-0.3223180381953381,-2.0567148438226432,-2.0645379973800275,-1.8182174025986888,QF,1.0,1.0
2022,oe:team:cd62e47544f14f1d239afa659b9d243,Rogue,LEC,3,-3.2666666666666666,3.6666666666666665,0.4,-0.6,-0.6,-0.6,0.48,0.0466666666666666,0.4333333333333333,-1.073891227693781,0.9501951435547747,-0.5440166443743407,-0.0402831319627411,-0.0289052248301682,0.3948415706534979,QF,4.0,3.0
2023,oe:team:606c6ac695907af3823ee6405c58ff1,Weibo Gaming,LPL,6,-3.40625,3.78125,0.375,-1.125,-0.9375,-0.75,0.475,0.0375,0.4375,-1.681947534089523,1.4316572256155904,-0.6595623379430704,-2.4591308079211296,-2.0840829741716043,-1.464900974340149,Runner-up,1.0,2.0
2024,oe:team:fcec508e780bbd1ad493852640f5b36,Top Esports,LPL,3,-4.326086956521738,4.499999999999999,0.1739130434782608,-1.173913043478261,-2.0000000000000004,-0.5,0.5217391304347827,0.017391304347826,0.5043478260869565,-2.0726192569882835,1.2386830511827602,-1.5008977831054278,0.0188269791374628,-0.3370329806292809,0.4488850486634247,QF,1.0,3.0
2025,oe:team:ed28f87f0cfdba0a2a8f183cebae73a,Anyone's Legend,LPL,3,-1.9733333333333336,2.16,0.1866666666666666,0.0133333333333333,0.1466666666666666,0.0133333333333333,0.28,0.0266666666666666,0.2533333333333333,-1.1609435647644302,1.070022602457345,-0.0941818985785134,0.79704348957289,0.7938455671238114,0.8889056545624463,QF,1.0,2.0
