model,term,Estimate,Std. Error,Pr(>|t|),2.5%,97.5%,n
A0 pool targeting,pool,0.4393115849964785,0.022615800551246096,0.0,0.394733325928872,0.483889844064085,258494
A0 pool targeting,pool_o,-0.16754929920278244,0.01136938919493754,0.0,-0.189959630237668,-0.1451389681678969,258494
A1 targeting x patch,pool,0.451676889756035,0.027698472802359392,0.0,0.39708011819525124,0.5062736613168187,258494
A1 targeting x patch,pool_buff,0.11182810394763604,0.07673110003289323,0.14647112570862797,-0.039417431140012144,0.26307363903528425,258494
A1 targeting x patch,pool_nerf,-0.07847720594775741,0.04381141790112129,0.07466628609238923,-0.16483438498680536,0.00787997309129053,258494
A1 targeting x patch,pool_o,-0.1676634171295361,0.011383564514810218,0.0,-0.19010168929700366,-0.14522514496206856,258494
A1m targeting x buff magnitude,pool,0.45060954316799146,0.027117723082070007,0.0,0.3971574939187544,0.5040615924172286,258494
A1m targeting x buff magnitude,pool_bmag,0.07790752967665533,0.03794201647323015,0.04125654333797768,0.0031195938678628132,0.15269546548544785,258494
A1m targeting x buff magnitude,pool_nerf,-0.07752092563272703,0.04355276901705472,0.07650623125686717,-0.16336827894460956,0.008326427679155507,258494
A1m targeting x buff magnitude,pool_o,-0.1676356095049234,0.0113770743525628,0.0,-0.190061088840521,-0.1452101301693258,258494
A1p1 phase-1 bans only,pool,0.3126916849023177,0.022688007508798503,0.0,0.2679710978877981,0.3574122719168373,258494
A1p1 phase-1 bans only,pool_buff,0.05576556793496688,0.06815898790693473,0.41417079094115605,-0.07858338043926097,0.1901145163091947,258494
A1p1 phase-1 bans only,pool_nerf,-0.008620058956610815,0.03805794613811847,0.8210301036457239,-0.08363650503296173,0.0663963871197401,258494
A1p1 phase-1 bans only,pool_o,-0.12258373255205195,0.009742740632073634,0.0,-0.14178775829241624,-0.10337970681168766,258494
A1x25 excl. 2025 (fearless),pool,0.4511513736911009,0.028717485440361002,0.0,0.3945182227513256,0.5077845246308763,238826
A1x25 excl. 2025 (fearless),pool_buff,0.10872208148202202,0.0781393071128108,0.16567707892992467,-0.04537480778913154,0.26281897075317556,238826
A1x25 excl. 2025 (fearless),pool_nerf,-0.08394720701749571,0.04447348340455978,0.06055275577269725,-0.17165243119872423,0.0037580171637328075,238826
A1x25 excl. 2025 (fearless),pool_o,-0.1650020337074704,0.011615736589617226,0.0,-0.18790918429774833,-0.14209488311719248,238826
B1 relief: other pool x buff exposure,pool,0.4486442873931872,0.027408504688679284,0.0,0.39461907524564144,0.5026694995407329,258494
B1 relief: other pool x buff exposure,pool_buff,0.025202114833776965,0.07658651662104557,0.7424266720322255,-0.1257584302631071,0.17616265993066102,258494
B1 relief: other pool x buff exposure,pool_nerf,-0.07704869487860919,0.043710517895448484,0.07937788795757639,-0.16320698878057727,0.009109599023358894,258494
B1 relief: other pool x buff exposure,pool_o,-0.16767948553277004,0.011347865695552765,0.0,-0.19004739135571397,-0.1453115797098261,258494
B1 relief: other pool x buff exposure,pool_other_x_expo,-0.021329027604429247,0.014008835033543436,0.12934984039461161,-0.04894200004578079,0.006283944836922295,258494
B1 relief: other pool x buff exposure,pool_buff_x_expo,0.09713472039643378,0.032787159287902434,0.0033956059682465067,0.032507581617282136,0.16176185917558544,258494
"B2 relief, controlling pool breadth",pool,0.4468695533083179,0.02760144030512688,0.0,0.39246404359518827,0.5012750630214475,258494
"B2 relief, controlling pool breadth",pool_buff,0.026130964389046808,0.07662549038004259,0.7334217294339642,-0.1249064023229497,0.1771683311010433,258494
"B2 relief, controlling pool breadth",pool_nerf,-0.0779949667409233,0.043671900910260714,0.07552646531699692,-0.16407714226865078,0.008087208786804204,258494
"B2 relief, controlling pool breadth",pool_o,-0.16768448641884798,0.01135081196457036,0.0,-0.19005819966582058,-0.14531077317187538,258494
"B2 relief, controlling pool breadth",pool_other_x_expo,-0.01806640550102188,0.013980830565501104,0.19767222113937755,-0.04562417802015034,0.009491367018106576,258494
"B2 relief, controlling pool breadth",pool_buff_x_expo,0.09720577435381132,0.03176019814269791,0.0024914975963232777,0.034602890249154084,0.15980865845846856,258494
"B2 relief, controlling pool breadth",pool_other_x_breadth,-0.01749201031838487,0.0115084403968978,0.13000493916632516,-0.04017642674284575,0.005192406106076013,258494
"B2 relief, controlling pool breadth",pool_buff_x_breadth,0.00189822775618706,0.044913367516630574,0.9663274870804797,-0.08663101657536788,0.090427472087742,258494
B1x25 excl. 2025,pool,0.4475596411311381,0.02839243157823857,0.0,0.3915675220977032,0.503551760164573,238826
B1x25 excl. 2025,pool_buff,0.01923166679008838,0.07769208277353178,0.804750445330844,-0.13398326073817757,0.17244659431835435,238826
B1x25 excl. 2025,pool_nerf,-0.08232360410141785,0.04434824044184532,0.06490422788539707,-0.1697818392617489,0.005134631058913167,238826
B1x25 excl. 2025,pool_o,-0.16499899038716084,0.011574823205549025,0.0,-0.18782545655051697,-0.14217252422380472,238826
B1x25 excl. 2025,pool_other_x_expo,-0.023818179936354662,0.014226617141050538,0.09567847716931643,-0.05187419332181428,0.004237833449104961,238826
B1x25 excl. 2025,pool_buff_x_expo,0.1003122148814885,0.03291755713112005,0.0026249981897406016,0.035396190620000614,0.1652282391429764,238826
B1g1 series game 1,pool,0.45747325669142097,0.02839105658858538,0.0,0.4015113254327328,0.5134351879501091,171924
B1g1 series game 1,pool_buff,-0.00743757948998849,0.08711516087256917,0.9320419699534455,-0.1791512537989722,0.16427609481899522,171924
B1g1 series game 1,pool_nerf,-0.04987301518849011,0.045035450395459635,0.2693569398108404,-0.13864289845687283,0.038896868079892614,171924
B1g1 series game 1,pool_o,-0.17190017502431554,0.012467675212030774,0.0,-0.19647534999162664,-0.14732500005700444,171924
B1g1 series game 1,pool_other_x_expo,-0.017738567499800417,0.014769446746986057,0.23106669105492372,-0.04685079025222852,0.011373655252627686,171924
B1g1 series game 1,pool_buff_x_expo,0.11059640085076243,0.05682323287295408,0.05292495024447774,-0.001408513161884034,0.2226013148634089,171924
B1p1 phase-1 bans,pool,0.31170879793343176,0.022808009646033498,0.0,0.26675167335526473,0.3566659225115988,258494
B1p1 phase-1 bans,pool_buff,0.010056167425828292,0.07339973082155374,0.8911552502214419,-0.13462286830591905,0.15473520315757563,258494
B1p1 phase-1 bans,pool_nerf,-0.008157987994548204,0.038205784586139345,0.8311187856869386,-0.08346584010010838,0.06714986411101198,258494
B1p1 phase-1 bans,pool_o,-0.12259118459308724,0.009728362439137751,0.0,-0.14176686931549076,-0.10341549987068371,258494
B1p1 phase-1 bans,pool_other_x_expo,-0.006652941555885117,0.011891043582438067,0.5764112125151604,-0.03009151142658188,0.016785628314811642,258494
B1p1 phase-1 bans,pool_buff_x_expo,0.05190288429789987,0.033132729652813116,0.11870582421235443,-0.013405412117841686,0.11721118071364142,258494
B1s1 exposure excluding the champion's own contribution,pool,0.44867514900170724,0.027399804857314337,0.0,0.39466708518970467,0.5026832128137098,258494
B1s1 exposure excluding the champion's own contribution,pool_buff,0.11486433113219793,0.07219397968506087,0.11307412705872233,-0.027438034960469204,0.25716669722486507,258494
B1s1 exposure excluding the champion's own contribution,pool_nerf,-0.07707746957796913,0.043702073469203837,0.07920897986958719,-0.1632191185763019,0.009064179420363638,258494
B1s1 exposure excluding the champion's own contribution,pool_o,-0.1676492433128627,0.011354110441243286,0.0,-0.19002945822433845,-0.14526902840138697,258494
B1s1 exposure excluding the champion's own contribution,pool_other_x_expo_loo,-0.021907211874138487,0.013974619307872646,0.11844196411565555,-0.04945274131343125,0.005638317565154274,258494
B1s1 exposure excluding the champion's own contribution,pool_buff_x_expo_loo,0.07168758705791706,0.038662038796882084,0.06508488752673047,-0.0045195928587939554,0.14789476697462806,258494
B1s2 + squared pool share,pool,0.6202910320724139,0.03897540335490586,0.0,0.5434661757476298,0.697115888397198,258494
B1s2 + squared pool share,pool_buff,-0.29375855584520544,0.11167086103536122,0.009143678259302623,-0.5138742471848486,-0.07364286450556223,258494
B1s2 + squared pool share,pool_nerf,-0.01647680571017467,0.044748121505386595,0.7130789529886887,-0.10468033176868281,0.07172672034833348,258494
B1s2 + squared pool share,pool_o,-0.1676543237874407,0.011365959983242423,0.0,-0.19005789546454907,-0.1452507521103323,258494
B1s2 + squared pool share,pool_other_x_expo,-0.02854879452298301,0.014798194667695167,0.055027573111391836,-0.057717682625555225,0.0006200935795892051,258494
B1s2 + squared pool share,pool_buff_x_expo,0.06182800072668505,0.03970616852913181,0.1209152506531721,-0.016437275059723325,0.14009327651309345,258494
B1s2 + squared pool share,pool2_buff,1.048712076983572,0.790330774617413,0.18594656315414348,-0.5091178101417795,2.6065419641089234,258494
B1s2 + squared pool share,pool2_other,-0.6821370044348632,0.12276801097507296,8.139836071840989e-08,-0.9241264129486388,-0.44014759592108765,258494
"B1s3 + buffed, nerfed, buffed x exposure",pool,0.4595042288111208,0.027121976843985436,0.0,0.40604379492388476,0.5129646626983568,258494
"B1s3 + buffed, nerfed, buffed x exposure",pool_buff,0.009172919635270983,0.07642547321918157,0.9045764453129075,-0.1414701909992267,0.15981603026976865,258494
"B1s3 + buffed, nerfed, buffed x exposure",pool_nerf,-0.11616644850718774,0.044529320640070744,0.009727799895748346,-0.20393869371688556,-0.02839420329748993,258494
"B1s3 + buffed, nerfed, buffed x exposure",pool_o,-0.16745648900508733,0.011355456403633956,0.0,-0.1898393569581837,-0.14507362105199095,258494
"B1s3 + buffed, nerfed, buffed x exposure",pool_other_x_expo,-0.026072951454988877,0.0146208324119532,0.07595897621404268,-0.05489223881858372,0.002746335908605964,258494
"B1s3 + buffed, nerfed, buffed x exposure",pool_buff_x_expo,0.11421248544600256,0.03566042091863936,0.0015685964869218694,0.043921828320296216,0.1845031425717089,258494
"B1s3 + buffed, nerfed, buffed x exposure",buffed,0.006133943893898508,0.006634427579935479,0.35623481636697907,-0.006943250997057587,0.019211138784854604,258494
"B1s3 + buffed, nerfed, buffed x exposure",nerfed,0.027322542263953736,0.008957882783424645,0.0025764934860503796,0.009665558664726088,0.04497952586318138,258494
"B1s3 + buffed, nerfed, buffed x exposure",buffed_x_expo,-0.002678151413872074,0.001342508166516976,0.047323922240236405,-0.005324384374397264,-3.191845334688404e-05,258494
