year,team,worlds_picks,buffed_picks,share_buffed,wr_buffed,wr_other,buffed_champions
2016,SK Telecom T1,100,18,0.18,0.7222222222222222,0.6951219512195121,"Oriannax6, Lee Sinx5, Jaycex3, Poppyx2, Ireliax1, Ryzex1"
2017,Samsung Galaxy,80,1,0.0125,1.0,0.810126582278481,Ezrealx1
2018,Invictus Gaming,90,5,0.05555555555555555,0.6,0.788235294117647,"Fiorax2, Lucianx2, Threshx1"
2019,FunPlus Phoenix,90,28,0.3111111111111111,0.6071428571428571,0.8548387096774194,"Ryzex7, Lee Sinx6, Galiox4, Mordekaiserx2, Kaylex2, Vaynex2, Sionx1, Leonax1, Rek'Saix1, Lucianx1, Blitzcrankx1"
2020,Dplus Kia,85,4,0.047058823529411764,0.5,0.8395061728395061,"Sylasx2, Apheliosx2"
2021,EDward Gaming,105,32,0.3047619047619048,0.625,0.6164383561643836,"Jarvan IVx9, Jhinx4, Yuumix4, Namix4, Miss Fortunex3, Zoex3, Kai'Sax2, Sylasx1, Lissandrax1, Gwenx1"
2022,Kiwoom DRX,130,24,0.18461538461538463,0.6666666666666666,0.7452830188679245,"Akalix6, Camillex5, Ashex4, Ezrealx3, Gravesx3, Tristanax2, Lee Sinx1"
2023,T1,75,15,0.2,0.8666666666666667,0.8666666666666667,"Oriannax5, Sylasx3, Yonex2, Gnarx1, Jhinx1, Caitlynx1, Gwenx1, Akalix1"
2024,T1,85,17,0.2,0.6470588235294118,0.7941176470588235,"Jaxx4, Ahrix4, Gnarx3, Caitlynx3, Xin Zhaox2, Kindredx1"
2025,T1,120,12,0.1,0.6666666666666666,0.7129629629629629,"Ashex3, Aniviax2, Melx2, LeBlancx1, Cassiopeiax1, Caitlynx1, Dravenx1, Seraphinex1"
