true_logit_per_sd,winprob_pp_per_sd,power,mc_lo,mc_hi,rejections,n_sim
0.0,0.0,0.058,0.040683464783922846,0.08205669799739573,29,500
0.06,1.5,0.266,0.22915976106477493,0.3064085604076879,133,500
0.1,2.5,0.504,0.4603113571655595,0.5476276458861933,252,500
0.12,3.0,0.706,0.6646164747606613,0.7442421824046064,353,500
0.14,3.5000000000000004,0.822,0.7860541079213073,0.853035637744791,411,500
0.16,4.0,0.904,0.8750124461326017,0.9268268620944284,452,500
0.2,5.0,0.99,0.976806564621235,0.9957213092184797,495,500
0.24,6.0,0.996,0.9855339859585811,0.9989023924587627,498,500
-0.06,-1.5,0.236,0.20088068978132578,0.27514510880299115,118,500
-0.1,-2.5,0.558,0.5141907226350576,0.6009248216153577,279,500
-0.12,-3.0,0.758,0.7185828923419191,0.7934828044961348,379,500
-0.14,-3.5000000000000004,0.816,0.7796701866722183,0.8475110544162506,408,500
-0.16,-4.0,0.918,0.8906445762331059,0.938981242675059,459,500
-0.2,-5.0,0.98,0.9635794314459021,0.9891009347644306,490,500
-0.24,-6.0,0.998,0.9887590072528046,0.9996468726904154,499,500
