year,champion,S1 buffs,S1 nerfs (fewer = better),S2 pick advantage,S2 buff denied by bans (less = better),S3 conversion of favourable drafts,"S4 indirect meta, first 5 days","S4 indirect meta, full event"
2016,SK Telecom T1,4.0,5.0,7.0,8.0,7.0,3.0,2.0
2017,Samsung Galaxy,5.0,6.0,6.0,3.5,3.0,3.0,2.0
2018,Invictus Gaming,2.0,2.0,2.0,7.0,3.0,7.0,5.0
2019,FunPlus Phoenix,1.0,4.0,1.0,7.0,7.0,3.0,2.0
2020,Dplus Kia,5.0,5.0,5.0,2.0,2.0,6.0,4.0
2021,EDward Gaming,6.0,5.0,6.0,3.0,6.0,3.0,5.0
2022,Kiwoom DRX,2.0,6.0,5.0,5.0,5.0,2.0,3.0
2023,T1,1.0,2.0,4.0,7.0,5.0,4.0,2.0
2024,T1,1.0,1.0,4.0,3.0,5.0,3.0,4.0
2025,T1,1.0,5.0,4.0,5.0,6.0,5.0,6.0
