year,teamid,s_season,s_1y,intended_z,buffs_z,nerfs_z,s1_z,ss_z,form_z
2016,oe:team:056c3140a119e44a03d462e2c832f27,2.032158758884969,2.1047531478578296,1.7142513472993572,2.2660256287377845,-1.2550142241930142,0.6631721549224587,0.7301863641647544,0.40835364520729855
2016,oe:team:2f758c15b9c1781b2d4032011ae1628,1.5244886004863525,1.629131837355192,1.3032001569900993,1.33745773618084,-1.0973109323486228,-0.036803488176989474,0.005492463786881693,0.19346951690725311
2016,oe:team:3354e252e33ed55fd8fa14595ca1564,2.352807839789422,2.680201801542065,-0.4380939057355047,-0.3925872206633127,0.3900830452763995,1.510064488253054,1.1879096107432383,-1.300050484192851
2016,oe:team:3413ca4510110b5181f3e4b24d52719,1.6952928656887256,1.4386650904231708,0.2456398306609072,-0.4333122407444764,-0.4616828586411166,-0.31711490553527877,0.24931378576715282,2.615753362321704
2016,oe:team:3b84bb916852d07609c83d1ce91c1a9,2.3275020586786574,2.3202949312818437,-1.104296007865344,-1.007639447017298,0.976563910401146,0.9803867017382486,1.1517858699405161,0.9434143543403357
2016,oe:team:5b90b1fda6971ccdccf9eb32286aa50,1.4256040545901159,1.5007256426865871,0.3403775490585021,-0.1730023150905514,-0.4808156182846705,-0.22577990009621768,-0.1356642027358945,0.3914090429401496
2016,oe:team:73f3126d91d35faa5d5ce34abadb865,1.644142892378167,1.9601942827265018,1.5745082431357291,-0.4386452790884384,-2.08968240959966,0.4504237301744334,0.176297727900802,-1.2239997451208355
2016,oe:team:7cd8dc1c987b84b99e3d246d1943c92,1.1557861623811647,1.4803782284814981,-0.4576880852099123,0.2909143663655517,0.6682003863481359,-0.2557253504558038,-0.5208264531888928,-1.2812640708157326
2016,oe:team:7d6673d3a9d00363c6bebc1a630da6e,1.760761106131414,1.8279040926845265,-0.3499200981006741,-0.3563164996535262,0.2956789909255427,0.255731211555955,0.3427690218734976,0.4449047206401006
2016,oe:team:93c730021ff69abdfccc4911a2f666f,2.633750727880874,2.8121988601381953,0.0657564236063898,-0.4893091433560764,-0.2623966773118451,1.70432560300508,1.5889526777547842,-0.3013844841259599
2016,oe:team:a22510a4756fa424cb0771b13261139,1.7538896782498516,1.7671365550356157,0.6199917858824732,1.3256492883493152,-0.265721029765977,0.16629914594809922,0.33296012964244265,0.8062724242065481
2016,oe:team:bcb21457414eb9be1d27489ff7e8e59,0.04228326196255555,0.31167123291147425,-0.8579691801870839,-1.3505948359059257,0.5476372040116193,-1.9757206760530042,-2.1103403267871697,-0.9111264638818839
2016,oe:team:cbfaf0ca2181f0903d2fcceb6c28f3b,1.1871843408330616,1.3590333500373972,0.7703657213837365,0.7230889108625214,-0.6737659658801154,-0.4343095674581302,-0.476005878194214,-0.2571380634936752
2016,oe:team:d15303823a1dccff9f3068fb357e356,1.2424558539980142,1.4206159864228476,-0.6732240594283898,0.1017692730997022,0.8616038246796305,-0.34367791459524605,-0.39710636481402084,-0.29945347577409587
2016,oe:team:f2357aab765dfb94659ba2223a6d4f0,0.1702327158403028,0.3587605523431209,-1.4193101240308117,-1.3895670391887245,1.22000879781142,-1.9064189523403965,-1.9276938047336172,-0.3689678327488465
2016,oe:team:fc8e90107dabb9a35c490b0d86adea0,1.3819144782276873,1.494561117273058,-1.3335895974594687,-0.0139311828873863,1.6266135565711288,-0.23485228088625812,-0.19803062112026004,0.13980755359048844
2017,oe:team:056c3140a119e44a03d462e2c832f27,2.047484279371291,2.067073722893475,1.1868493365596609,0.1873430909128746,-1.1327543092964707,0.6267391459101466,0.7114617395800737,0.505357811630714
2017,oe:team:3354e252e33ed55fd8fa14595ca1564,2.5914516524969446,3.0182011790426557,-0.8777255626916096,1.804216566806122,1.1205591563019066,1.3342663263356365,1.1279862902339952,-1.8700545161844366
2017,oe:team:364547a649dd1c75e258f0d5168509f,0.1536375830275145,0.2740375480485249,1.5802284082616829,-0.9728561971326616,-1.686152435039311,-0.7070692947852874,-0.7386870803194395,-0.08278077445938915
2017,oe:team:3b84bb916852d07609c83d1ce91c1a9,2.58071884931756,2.8816999417508966,-0.913919969039792,0.1148306354100284,0.9099848566609096,1.232725428823704,1.1197680105311838,-1.136308991274327
2017,oe:team:418bd4b8f699d70c4509d7f9c768a3a,-1.0174567791789881,-1.16146786928932,0.8314025085031045,1.9935624370746756,-0.5223798157334477,-1.774916820212268,-1.6354128346391335,1.459819559309846
2017,oe:team:418c28593a78b57ef74e47d0c18640a,0.9852569602311638,0.8693122148758259,-1.9080910005515697,0.6092337411112514,1.9536676581542871,-0.26425481826471486,-0.10190277207227987,1.296077718919587
2017,oe:team:594b183f8fb081ef64820f31ab8d641,0.9557688531862749,1.202171252695979,0.7733302958687659,0.1459074020541054,-0.7346124563523967,-0.016646766383289574,-0.12448228904943116,-0.8178914807853548
2017,oe:team:62c1cd9465dc63824593ee5046f5aa8,1.9149746182659912,2.065674289819732,0.6698973294375895,0.3773757329203332,-0.5998183493995435,0.6256981319740454,0.6099969647130729,-0.2595522690827201
2017,oe:team:6c951ee7222ac9acd244aa88c9e8330,1.1979307087208038,1.1804071792407917,0.717782962044616,-0.9728561971326616,-0.8431965980644169,-0.032836682284431006,0.06094493148855473,0.7218785789334203
2017,oe:team:6f0162b86d2a0d206ba9a08a1da14be,1.5460887867925939,1.4853367590299063,0.0512149561548148,-0.9728561971326616,-0.1916917477922952,0.1939951312876532,0.32753516132553284,0.9740779275804492
2017,oe:team:73f3126d91d35faa5d5ce34abadb865,2.1963692341307057,2.1273292653717624,0.4045905479297272,-0.417441644344905,-0.456221199409877,0.6715621964897991,0.8254653396929976,1.022430597784549
2017,oe:team:78f183fa5a7d8ecb22b9ad272c3abd7,1.42571396057988,1.5510616293012425,0.2525740412673586,-0.6465501473698546,-0.3409949426463226,0.24288671973488643,0.23536222435287252,-0.1116461688195568
2017,oe:team:7cd8dc1c987b84b99e3d246d1943c92,1.757045160723996,2.0752343850376,0.3799951212220815,1.8492501791943183,-0.102183198543197,0.6328097206158905,0.4890678436157641,-1.236702940267342
2017,oe:team:7d6673d3a9d00363c6bebc1a630da6e,1.4076389692021927,1.6829351194512983,-0.1617164901710939,-0.6620885306918931,0.0616712495357519,0.34098511659590947,0.22152191327244,-0.9864604897940957
2017,oe:team:9cae7677cd0dbcc1cd86653870b73c2,1.0941453526526033,1.2506193698924157,-0.6709003835591362,-0.9728561971326616,0.5141051733358364,0.01939294578704463,-0.018525181861016933,-0.2932403748172131
2017,oe:team:a22510a4756fa424cb0771b13261139,2.15474947963897,2.1177929889224467,-0.2658677410913749,-0.7009344889969892,0.1578134583432699,0.6644683262158197,0.7935964254998806,0.8352524031658309
2017,oe:team:a9744fc5b0ca952b17ef07c0aa99602,-0.7818800127289232,-0.6156628424695872,-1.6764986683066816,-0.0727015770973318,1.6280286960712167,-1.3689019489232883,-1.4550279225325553,-0.35008289636917983
2017,oe:team:c334c629fea759876e9e04afbe4aee7,1.8217372364654132,1.7828054557117738,0.1160201789496568,-0.9728561971326616,-0.2550324971243072,0.41527692361471236,0.5386036046012651,0.8467764412550572
2017,oe:team:c5b7f439779b465529ff283c53f41c0,-2.4315007266923248,-2.5582179191571215,-1.3778664504119558,-0.9728561971326616,1.2050951660486926,-2.813934901493613,-2.7181689868299697,1.358925244331518
2017,oe:team:cd6e0eea04af23b9c0735dab41a9941,-0.195763342238489,0.01592070833521242,1.541415842885462,0.8274530429379979,-1.386117306624518,-0.8990779247980184,-1.0062289782061513,-0.615341187909019
2017,oe:team:d15303823a1dccff9f3068fb357e356,1.5143370204884308,1.7831435870938919,0.446989709651884,-0.9728561971326616,-0.5785227526413673,0.41552845367186364,0.3032223241119398,-0.9485996148403741
2017,oe:team:d996d27c1737a1f7494fc09d6911339,-0.6192539943545026,-0.3050037385590678,-1.0243834169855457,0.2137112565502731,1.032347667870478,-1.1378080419581587,-1.3305025694055495,-1.213722607059201
2017,oe:team:fbf53cf218dfaa8c2b2a864d13d2206,2.821698165896825,2.6905703258767795,-1.115279054152337,1.637592200969795,1.3284862361759886,1.090547430132842,1.3042897420062105,1.3846573998478064
2017,oe:team:fc8e90107dabb9a35c490b0d86adea0,1.7192351349828328,1.9082127125370714,1.039957498224686,-0.4507665175121703,-1.082081709830861,0.5085652019131166,0.4601160998897422,-0.48286937109657024
2018,oe:team:056c3140a119e44a03d462e2c832f27,2.3178288717652635,2.482021593555281,0.5693669623288344,-0.2771931484008241,-0.6624614497614,1.1110087850019892,1.0879815187879716,-0.4191833763576184
2018,oe:team:0b63f14fd7de22a26869bb1c76f87fc,1.0741592064052081,1.1850806154078628,0.4137986029036533,-0.4915354038048933,-0.5524579010196877,0.07806891066459457,0.08218312423317715,0.03035820373609704
2018,oe:team:418bd4b8f699d70c4509d7f9c768a3a,0.524044330374548,0.6693594153567038,0.9372213122196268,-0.4915354038048933,-1.0990909201515802,-0.3326737526869088,-0.36271367959146245,-0.2598803249589201
2018,oe:team:4bd1751425ef6a9bc9d4d8e9385b4a6,0.9179373778325852,1.0265340008007549,-0.1223021651154748,-0.081966805717801,0.1076629421534287,-0.04820446871679964,-0.04415883677884795,0.04997641722923499
2018,oe:team:50f58982d91a36557ec8aec52ab014f,2.380917161225854,2.481209310856489,-2.34092547589734,-0.521026866200845,2.317201393894798,1.11036184793781,1.1390031863754813,0.12005552492652151
2018,oe:team:5203ff881d5c82c5f720eb3a2f3b44c,0.10513755446415296,0.4720588311585746,1.2759065947181978,1.7417726121794417,-0.9061616192815006,-0.4898124691606704,-0.7014979841493928,-2.129952458877035
2018,oe:team:53a258f289c26d94431c0496a54e151,2.7331199645779747,2.9786823822387034,0.673550621216607,0.5857072862581385,-0.5600581462054787,1.5065709125737288,1.4238416961792106,-1.105839284378381
2018,oe:team:6db10eb2b230fe5af5947ce5d46bc9a,-1.5715263842737812,-1.4267601993734087,-0.6418438360529315,1.3664267271400568,1.0047571702888136,-2.0021140494444727,-2.057473726552265,-0.2552483120204858
2018,oe:team:73f3126d91d35faa5d5ce34abadb865,2.5343542569989683,2.772142582172025,0.2642492573848038,0.7658733110770425,-0.088508867974972,1.342073685081318,1.2630930382808658,-1.0402359110458608
2018,oe:team:78f183fa5a7d8ecb22b9ad272c3abd7,1.660874547057868,1.7224520696680046,-0.6594378767022079,-1.035786937112,0.4351563772438158,0.5060547726186618,0.5566799814981404,0.4467573404609489
2018,oe:team:7cd8dc1c987b84b99e3d246d1943c92,1.7903615841500142,1.9489305225377573,0.1208816018238081,-1.595762419657243,-0.5168268139220602,0.6864320053448368,0.6614005979531798,-0.37172585476706843
2018,oe:team:7d6673d3a9d00363c6bebc1a630da6e,1.218014668137802,1.4206987970778304,0.1003047876983645,-0.9811911720153624,-0.3449127440230867,0.2657254186064061,0.19852397943663053,-0.7440015023781833
2018,oe:team:7e3dd5ff49e1a44784d225d2de40260,-0.43284924634104405,-0.5013881136527012,-0.1773611629120344,-0.4652611918521364,0.071346838460237,-1.2651077075637147,-1.1365863967825667,1.5447728475127858
2018,oe:team:86e551648da70c86cb473ce5d5f26f7,-0.09609128576108333,-0.01766351000918487,-2.3628609032003345,0.3564050728522606,2.554873111478719,-0.8798485171145364,-0.8642386620592865,0.3045628078695967
2018,oe:team:8eb884e168f28402ce685bedebb5250,1.2535076351445884,1.3639890703826072,-0.0788345352760862,0.632416996396373,0.2371231266152685,0.22055934015467443,0.22722836149862846,0.03407101821363174
2018,oe:team:b24f151e143d152c7cf8be9f13ec015,0.8358705306114091,0.850578830524261,0.3856481378648111,-1.576285011568713,-0.7885666168464043,-0.18834277457404391,-0.11052911618687349,0.8422734883960119
2018,oe:team:b3c72a20aa56f5d28022ac04a7dc294,2.135352915326205,2.4328981381045485,-0.8322734524921587,0.0416765446481139,0.8793801456337476,1.0718847409974743,0.9404069424006635,-1.544507511751589
2018,oe:team:c5b7f439779b465529ff283c53f41c0,-0.7150498274496193,-0.5828244953103369,1.0612592987970255,0.9460393358959472,-0.8767628686727265,-1.329967163200692,-1.3648117039739753,-0.14941959350464612
2018,oe:team:cd6e0eea04af23b9c0735dab41a9941,-0.40302866414337246,-0.22417910451728928,0.6305571837027388,-0.1709900179812592,-0.7003703650200821,-1.0443264662534575,-1.112469467235665,-0.5428682959747183
2018,oe:team:d17e6a2f130f0cf8dd071ce88d5b870,1.130444134409569,1.0446928409808136,0.8008674971877346,0.3154582490297819,-0.7591678662376303,-0.03374198321457142,0.1277026796273572,1.6900236556693713
2018,oe:team:d723992568441c6bafa2658129eade7,2.5106785827650673,2.614424153034496,-1.659843211294786,-1.2033832392691204,1.4389015106741985,1.216459908418389,1.2439457069615274,0.09091308240988505
2018,oe:team:e435aa3ecb82a89e60544f5f5857a81,-1.2966623801389132,-1.1806827953118555,1.289590848556524,1.800159749852234,-0.9061616192815006,-1.8061273645363474,-1.8351817612660364,-0.012326315069930791
2018,oe:team:e8d8ae992fe72acb7adc7bfcee31dbb,1.4957463231774668,1.4557453693580138,0.1576293710501887,1.3424045904975368,0.1639529028778754,0.29363802417366897,0.4231351125505579,1.3039494464625576
2018,oe:team:fc8e90107dabb9a35c490b0d86adea0,1.2378127997488204,1.1014079285797262,0.1948505414904358,-1.0024228584418329,-0.448847720922793,0.011428364892662357,0.2145354087929797,2.1174749081977966
2019,oe:team:1fcd541d3a51d70860c46eaae858ba8,0.7454908949423827,0.8931161242941209,1.303919612540907,-0.0650962659819946,-1.3457996259856322,-0.33337433509388864,-0.3968581782003633,-0.4513666250388737
2019,oe:team:246827ba8505ab1bac1083d093120bc,0.3387592951150694,0.3832664637951403,1.270658018205588,0.2342499418566716,-1.1424421569874053,-0.7543003500851767,-0.7386847744119153,0.22899897092276872
2019,oe:team:3354e252e33ed55fd8fa14595ca1564,2.758348265072665,2.740411452005463,0.6265222801262589,-0.272947951823461,-0.7838666823220128,1.1917314383306985,1.294793475575975,0.6409999005268895
2019,oe:team:33d17f3717f58e12a3da80b377221fb,2.729562888624768,2.886028286364069,1.5050010692044269,3.1341663302937564,0.2689193815823809,1.3119510217707013,1.2706015827994352,-0.5096934243815804
2019,oe:team:3413ca4510110b5181f3e4b24d52719,1.9658881680195501,2.0572580459434295,-1.4670270540091357,-1.0651099712891892,0.8677849475760121,0.627727844486995,0.6287917739030486,-0.08019783607072571
2019,oe:team:50b9075ca20fb326456aded56aa7937,-1.1958079315238788,-0.9781255623527761,1.1698653080985604,0.0509767533840187,-1.1453328104202158,-1.8782499470046468,-2.02837038517465,-0.9135986276008293
2019,oe:team:53a258f289c26d94431c0496a54e151,2.209332134517656,2.483441043070307,-1.7784386633576983,-0.0367528542763402,1.7642779309497687,0.9795796246021232,0.8333876854860621,-1.2858969024551044
2019,oe:team:5737b101780a9835142549164be1ac4,-0.1322307528112453,0.06922224250393688,-0.1980357576396685,1.598617011597534,1.1064862137392582,-1.0135716467842413,-1.1345156491227137,-0.806518378577086
2019,oe:team:6f0162b86d2a0d206ba9a08a1da14be,1.1007302901182503,1.0801421612988282,0.5315114774207197,0.059037379728881,-0.4999944315452442,-0.17896779027250193,-0.0983068157176522,0.6584930924090125
2019,oe:team:73f3126d91d35faa5d5ce34abadb865,2.4380833814030485,2.4789919013090596,-2.181492302960103,-0.7873283864816354,1.7426708567436628,0.9759064643417823,1.0256354973973587,0.25274259839085733
2019,oe:team:76b516358ee227ba806ba5d955b6314,2.304258512926001,2.725875808986874,0.3600678771815283,-0.993680420910104,-0.9256431495266084,1.179730978655659,0.9131659983483797,-2.259146702952441
2019,oe:team:78f183fa5a7d8ecb22b9ad272c3abd7,2.232126090855032,2.418808090345176,-0.1184487865421727,0.7104825452363688,0.522311433635803,0.9262194022944651,0.8525442509270262,-0.7090604035920092
2019,oe:team:7b13b2cc48c457832262d00d5ffa6d6,1.5978694288444355,1.472515411039767,-1.2627803709710486,0.3411593017990529,1.4612553282904222,0.14497105130875085,0.3195003566448201,1.3497309418372956
2019,oe:team:7bd8d762a338118fce3df129202eaed,-0.08574130759952248,-0.18401397723211765,-0.1433197150101403,-1.3999359886911515,-0.6510310734095996,-1.2226405568638012,-1.0954448495506284,1.1710501417085555
2019,oe:team:7d6673d3a9d00363c6bebc1a630da6e,2.3117176024173647,2.412537798739337,-0.3621838855282571,0.2630332310719286,0.512901649209416,0.9210427216708158,0.919434788805656,-0.14255036158435047
2019,oe:team:8eb884e168f28402ce685bedebb5250,1.7729954914357489,1.960684420968712,-0.5536900347316097,0.7643421849043108,0.9897760813895302,0.5479977705783702,0.4666803296514316,-0.7157040560638646
2019,oe:team:9cae7677cd0dbcc1cd86653870b73c2,0.8127012298732348,0.4888268844666594,0.4734793109954618,0.2180515539866141,-0.3514542631001351,-0.6671508810229032,-0.3403730660787436,2.6595538779903474
2019,oe:team:b41d715b166da7092724123264e4560,1.3402722174256723,1.30222421851868,1.1219887707977223,-0.4205698877904115,-1.3650224713138228,0.004380601594881437,0.10300973233569735,0.7736920676434875
2019,oe:team:d15303823a1dccff9f3068fb357e356,0.8798544698011325,1.009455156137143,0.1938017089330882,-1.1003927129078908,-0.8193417007071211,-0.23732616863301134,-0.2839359379114783,-0.3324419781733876
2019,oe:team:e435aa3ecb82a89e60544f5f5857a81,-0.44497694971618906,-0.23407643785548882,0.9510011375804436,0.4378868179373973,-0.7059534886330013,-1.2639715484942176,-1.3973547499241108,-0.8688524176676308
2019,oe:team:e84133caa1e561518201cc7d33f14ed,0.5521347102026747,0.5373795309767314,-0.3047320407672514,-0.9283893475167212,-0.22126317428648,-0.6270663745572838,-0.5593591653724644,0.620007707787424
2019,oe:team:ef69efa6acebe94107f0cf1ba716806,2.4138211002032484,2.4506053956584206,-0.1807570073356076,-0.6744796176535665,-0.2015344646075478,0.9524708918019139,1.0052449179528886,0.27995393661907425
2019,oe:team:f589eafcf087c11af27e475bafb047f,-1.125017295671741,-1.074806018915153,-0.3074678428987281,-0.9162984079994282,-0.2116517516223847,-1.958068219843177,-1.9688763057688172,0.1913636734236608
2019,oe:team:fc8e90107dabb9a35c490b0d86adea0,1.7047074490753087,1.746267960506132,-0.649443109333286,0.8489787615253627,1.1339474213509595,0.37097800721769353,0.40928948740575855,0.24844080489851056
2020,oe:team:1d0389df0c5eea93b04122ba167c010,2.071224969605749,2.1285300275061396,0.1033629224361605,1.5060149590466554,0.3436981326433792,0.8029294656047643,0.7778234470287139,-0.17216270461023647
2020,oe:team:274c62a6d7e34e0e66e5f267a39d5f7,0.8887258561742641,0.9642098506699768,0.8232398476542576,-1.6752622086472002,-1.3879094401912944,-0.25464732508609955,-0.2944682608403756,-0.29159717040266836
2020,oe:team:2cb996a4b0ffaca3bcf66fe91450243,-0.2898104260174869,-0.2814298480664333,-0.3417518175841892,1.3632966198518004,0.7777043674163548,-1.3860883678124074,-1.3631664682748474,0.14926804004758182
2020,oe:team:2e66da41dc460dd378e3bcc57042d31,0.8663666775498016,0.8671581119767585,-2.313916279452132,-1.6457078370630156,1.983424487327641,-0.342801484380193,-0.3147435926029513,0.19912823389719495
2020,oe:team:4880b157399745e82e26e229d8bbf48,0.7092446148342952,0.9356249570064832,1.6440294299813456,0.1114338916694269,-1.7284482207487624,-0.28061159222181464,-0.4572220799518439,-1.28297664852938
2020,oe:team:4f5a0b869cd5960c307d1c45e9399a3,1.0258978226178788,1.334358904862263,0.2523939316874189,0.7659288842064652,-0.03937586918372,0.08156693676210094,-0.1700805462967677,-1.822241929035002
2020,oe:team:50f58982d91a36557ec8aec52ab014f,2.2635068890974006,2.25408415760472,0.3701875333948618,0.3935438022457362,-0.2780052665225088,0.9169729534780527,0.9521849374536252,0.26623465916747635
2020,oe:team:5203ff881d5c82c5f720eb3a2f3b44c,-0.1636651141254824,-0.254533832054236,-0.0056965295346372,0.8709605739902605,0.2689427036748492,-1.3616581441828188,-1.248777738176071,0.8013296483558554
2020,oe:team:5f401785b6b78326f9a46b3c6b206ed,2.206206073424405,2.12654410209236,1.1254782513717794,0.6862993698249253,-0.9991812095549388,0.8011256072954772,0.9002244845430206,0.727702030698976
2020,oe:team:6a0084dacefb228be863fbb64cefe11,1.4798608859746343,1.5861461663486982,-0.3417518175841892,-1.038706512987835,0.052831554474917,0.31027066382732005,0.24157373994088843,-0.49395967413391056
2020,oe:team:78f183fa5a7d8ecb22b9ad272c3abd7,1.5827508991854338,1.7138976917390103,-0.6105960480238312,-0.7999981271155733,0.4130168031414707,0.4263100925996347,0.33487453546395746,-0.6572982396425348
2020,oe:team:7d6673d3a9d00363c6bebc1a630da6e,1.770667709068702,1.947750427674199,-1.7069764252854946,-0.5762090153603278,1.6556559110410771,0.638723508500969,0.505277738915252,-0.9590943738621562
2020,oe:team:8d47748b0e2a0ac34c90891889805a8,2.515209360192197,2.3208563721245117,1.4437245389225617,-0.0112225911898383,-1.550775813501388,0.9776235766863972,1.1804290600406544,1.4812147701920537
2020,oe:team:8eb884e168f28402ce685bedebb5250,1.0054322678270644,0.8847210839501567,-0.0705899644683438,-1.4255787245739149,-0.3545503819479427,-0.3268486632368781,-0.18863873754601826,0.9973927656761397
2020,oe:team:a22510a4756fa424cb0771b13261139,0.9514831407456139,0.8608888287866793,-1.7695769682727744,0.0151036783019063,1.901196830558887,-0.34849600769775047,-0.23755987495672037,0.7995268184574323
2020,oe:team:af4b23d4634c4e6ecb5659fb1e689e9,-0.7110062675479456,-0.6634133899735566,0.115923479473772,-0.9364029190425802,-0.4068334295376362,-1.7330521466628277,-1.7451073958679595,-0.10835429299972082
2020,oe:team:b42d0f31f2727621b963042276817c4,2.6542963740303174,2.7313689572411795,0.253982556685471,-0.170676018906883,-0.3237257509492068,1.3505008925168407,1.3065533420099629,-0.30203409797337033
2020,oe:team:bcb21457414eb9be1d27489ff7e8e59,-1.1129737953691776,-1.2151612568382033,0.5992029889545563,1.348377345734784,-0.2353166444583246,-2.2342164740687527,-2.109612064006401,0.8756930788615653
2020,oe:team:cd62e47544f14f1d239afa659b9d243,1.590378130928085,1.6399211714991355,-0.4089628751940998,0.1548354163734744,0.4850538528747806,0.3591156452145891,0.3417909189595082,-0.12116674077372092
2020,oe:team:e84133caa1e561518201cc7d33f14ed,0.3004200111166607,0.5443885772248904,-0.2037922782796362,-0.4230901494225283,0.0907457911766591,-0.6359799205928444,-0.8279447532798236,-1.3985301694421144
2020,oe:team:ef69efa6acebe94107f0cf1ba716806,2.5520182107585243,2.2311105043137873,-0.1337175916487518,-0.049771771517036,0.1282989399098135,0.8961054953670969,1.213807372793827,2.3126712805120464
2020,oe:team:fcec508e780bbd1ad493852640f5b36,2.5398596062163543,2.7232819459513076,1.1758031147658934,1.5368313345813058,-0.7964473476441126,1.3431552880891446,1.2027819346503728,-1.0007452844615066
2021,oe:team:056c3140a119e44a03d462e2c832f27,1.9178425165957715,2.2488651365009096,-0.47625139678683,-0.9831533089467616,0.1324938462789268,1.2261380183671677,1.0364956655986346,-1.9880304658641865
2021,oe:team:0edc9f071bd123368afdc0c53a3db20,-0.6585855797930991,-0.5091295716469588,0.7589398467465448,1.6044489092460148,-0.1944547831032927,-1.140899560284044,-1.1644222576710013,-0.311628389486582
2021,oe:team:33d17f3717f58e12a3da80b377221fb,2.147468728916358,2.1854374137987786,-0.1291061453362731,-0.1003243168574615,0.1094151194990054,1.1717014370638497,1.2326542337563298,0.7177325618383169
2021,oe:team:3a1d18f46bcb3716ebcfcf4ef068934,1.350348630251536,1.3732882576063408,0.404115261883299,-0.1554812405492114,-0.550111097016636,0.47467777472754585,0.5517130832507776,0.8564956471942086
2021,oe:team:4880b157399745e82e26e229d8bbf48,0.9797156764888532,1.2181752730408841,1.09801195281453,1.726218425396262,-0.544482139265436,0.3415526957277582,0.23509927515188747,-1.1333973202564145
2021,oe:team:4bd1751425ef6a9bc9d4d8e9385b4a6,0.45125534295896064,0.672381263067086,-0.813121735932295,-0.1161385397341169,0.9171705567962564,-0.12687276136033748,-0.2163388307409925,-0.9733557195441025
2021,oe:team:50f58982d91a36557ec8aec52ab014f,1.3416307616367584,1.5503872093899116,0.8396713005722557,-0.361258994322279,-1.1599148533966752,0.6266722193771387,0.5442658297008468,-0.8591485481997643
2021,oe:team:67169969ecc058b307edfa9c6b7a3c0,-0.1586973761272522,-0.1988777214651931,0.284826036097371,0.5559659325237467,-0.0933979340215155,-0.8746271899793607,-0.7373919405349298,1.4392815033485842
2021,oe:team:6a0084dacefb228be863fbb64cefe11,1.5851169722293739,1.5350763032372572,-0.3639612837383416,0.1527032491690283,0.5010541194007034,0.6135316973451465,0.7522643240944616,1.5303217385960006
2021,oe:team:73f3126d91d35faa5d5ce34abadb865,2.07675091685553,2.1089318193299063,-1.3759585988666958,-1.3856692095545269,1.0261534332569984,1.1060408262766435,1.1722434269198256,0.7711710787135786
2021,oe:team:78f183fa5a7d8ecb22b9ad272c3abd7,1.2741643482965044,1.2675412507218222,2.3476370017288644,1.4969121936847565,-2.1343499841044697,0.383920842386063,0.4866325355493802,1.1294478875596015
2021,oe:team:7e3dd5ff49e1a44784d225d2de40260,-1.239400126444541,-1.0623793528996752,-0.0096235936742206,1.752311893142745,0.7863911050433684,-1.6157239023094059,-1.660584035914528,-0.5661334964641862
2021,oe:team:89008bdacc273b554227d6b76869381,0.6919011861035018,0.7868846867876708,-1.17910432660885,-0.8330499768091718,1.0360609674807,-0.028600670398691113,-0.010766724894335422,0.19131553687777536
2021,oe:team:8eb884e168f28402ce685bedebb5250,0.472970991119387,0.6669806877249769,-0.201764453779413,0.8836168627494554,0.6310905060868142,-0.13150778286467318,-0.197788202715049,-0.7229919938415601
2021,oe:team:a9145b7711873f53e610fbba0493484,1.745276397119505,1.77975327434204,-0.8929724829889986,-0.7613588331016665,0.7269458997011471,0.8235246982470633,0.8890807752561722,0.7499723748448732
2021,oe:team:b61ee1b18ac8e03518fc61ac07d497c,-1.3393835049686875,-1.204725538877753,0.1302762030843971,0.421545038072174,0.0312452384702394,-1.7378919290979908,-1.7459950008590872,-0.17499826687021686
2021,oe:team:cd62e47544f14f1d239afa659b9d243,1.0325756252984688,1.2927598030691156,-1.4120023388575669,-1.3259265897982722,1.0955061728229236,0.40556456088518705,0.2802549730428015,-1.333980085504369
2021,oe:team:ce499dea30cfce118f4fe85da0227e8,1.5990302324553727,1.5696159255323139,-0.4790522839603739,-1.2079653967081163,0.0364109837666019,0.6431751856677626,0.764149749441839,1.3398788159369488
2021,oe:team:e435aa3ecb82a89e60544f5f5857a81,-0.35981411194134316,-0.3160957227624519,1.0791746135885305,-1.0570848008951266,-1.7529099164918789,-0.9752290559457122,-0.9091962416691725,0.6646456196534045
2021,oe:team:e84133caa1e561518201cc7d33f14ed,-1.7706236497207386,-1.6599733501839935,1.4604064788766091,0.2024887656325736,-1.6499816442789572,-2.1286064847775563,-2.1143826011761604,0.046664194473973505
2021,oe:team:ef69efa6acebe94107f0cf1ba716806,1.8732762936035237,2.0722243402429945,0.3276032220206046,-0.2544000311700207,-0.5027206336636729,1.0745367838070976,0.9984248965779317,-0.7685877130681004
2021,oe:team:fc8e90107dabb9a35c490b0d86adea0,0.48628705635638625,0.6674821524183507,-1.3977432768831557,-0.2544000311700207,1.552385036738858,-0.13107740286065211,-0.18641293216563332,-0.6046749599377836
2022,oe:team:056c3140a119e44a03d462e2c832f27,3.236580676755652,3.2534142587907553,-0.7446528740841724,-0.9012731400727866,0.1999521826826448,1.1006368353691087,1.163492632968233,0.7229093398162454
2022,oe:team:0916b3c324c8577b0c6344f3e067f62,0.8554750111745895,1.010797593893878,0.0139509468174316,0.686084531885969,0.5424894292897522,-0.6073298313819155,-0.6578918056510723,-0.5966913377530552
2022,oe:team:1d0389df0c5eea93b04122ba167c010,2.6735101478143624,2.760941089682365,0.5829038124936359,1.243401332072115,0.2825402144732903,0.7255715064288867,0.7327818442437283,0.05021819893247658
2022,oe:team:4bd1751425ef6a9bc9d4d8e9385b4a6,1.5808606173516413,1.6549243253649792,-1.4188027539869654,-0.718818235249941,1.1959164595022265,-0.1167658381073373,-0.10302098484400855,0.17758868153180044
2022,oe:team:50f58982d91a36557ec8aec52ab014f,3.6097108597219267,3.5741630741119867,-0.7060611099394686,-0.3475437196220577,0.6034465126091165,1.3449176763811121,1.4489119315141883,1.2220283160159142
2022,oe:team:5737b101780a9835142549164be1ac4,-0.8054443914206748,-0.7436945076203547,-0.0007633514328149,-0.1242669074651516,-0.1004740381046991,-1.9435430475634952,-1.9283825685839524,0.29492168772500066
2022,oe:team:658a021a796aa5501503220adb38cf4,0.0065422118363241966,-0.07933923095626033,0.342570274406274,1.0207949090092576,0.4028040753510213,-1.4375730861413967,-1.3072678549793635,1.7016355613178402
2022,oe:team:692bccdba8ec7050f5aeb916815439e,0.21622530100760373,0.387056527481333,1.8527406431332776,0.4195417144056381,-1.9854225003022163,-1.0823681947329482,-1.1468745044536974,-0.7444663719105361
2022,oe:team:6a0084dacefb228be863fbb64cefe11,1.8755855639018824,1.871546416528177,0.223357209878812,0.1326379872566708,-0.1723709114555171,0.04821256269557317,0.12242362228917307,0.9217963830796745
2022,oe:team:73f3126d91d35faa5d5ce34abadb865,3.181207258830258,3.2931254475710388,0.6996796321463135,-0.5059541796232879,-1.292098142715469,1.1308806963888878,1.1211357215634363,-0.183109988905441
2022,oe:team:78f183fa5a7d8ecb22b9ad272c3abd7,1.9453220623081928,1.9945895950512404,-1.0039412894314004,-0.8784662769699308,0.5443510447604437,0.1419216886366985,0.17576731670689136,0.4138605119742799
2022,oe:team:7d6673d3a9d00363c6bebc1a630da6e,2.0019125433707567,2.250271714768384,-0.2800080337819399,-0.437837681822759,-0.0055701652816206,0.33664802978836694,0.2190551989169324,-1.4831960049261799
2022,oe:team:89008bdacc273b554227d6b76869381,0.6050555352360409,0.6045008208028579,-0.6998029860241117,1.6802172024882838,2.250748036340952,-0.9167636085004301,-0.8494457308694096,0.8885947566216739
2022,oe:team:8e27b674a472ab529e758f13f0bace0,0.9912718579893198,1.0189716266582307,1.0560224188804073,-0.4334898202610231,-1.6806755311130914,-0.601104525152379,-0.5540164223880782,0.6193702343730187
2022,oe:team:9cae7677cd0dbcc1cd86653870b73c2,1.3065558276134386,1.5858280003162806,1.5582515822242695,0.1543588092593907,-1.8318681310427507,-0.16938928545142357,-0.3128455561302987,-1.7777523759486487
2022,oe:team:a65adb2808377018a2a7832eb2bd7f4,-0.13225541394345464,0.032936630215376295,-1.2497016135431205,-1.246350894846429,0.5528497240831621,-1.3520643001934696,-1.413438630752518,-0.6907330879174886
2022,oe:team:b42d0f31f2727621b963042276817c4,3.357461394432198,3.383417458577544,0.575360876774444,-0.312441401780876,-0.9779426969544492,1.1996466818945377,1.2559581884821105,0.6359852266064008
2022,oe:team:cd62e47544f14f1d239afa659b9d243,2.0105713730509,2.1230929473314344,-1.1871717696101085,-0.8465366686259328,0.8006334412255451,0.23978925811292365,0.2256786167114633,-0.18885938389825926
2022,oe:team:ce499dea30cfce118f4fe85da0227e8,3.0865946395150656,3.4081821651918878,2.221165255504547,3.207844237692786,-0.1723709114555171,1.2185073699787907,1.0487634807978632,-2.1809567328302917
2022,oe:team:e435aa3ecb82a89e60544f5f5857a81,-0.15371069450543728,-0.03306634875610426,-0.6853869505762348,-0.3539084256042502,0.572275276820806,-1.4023318692141171,-1.4298504661055997,-0.2662576948183508
2022,oe:team:ef69efa6acebe94107f0cf1ba716806,2.9947853011349,3.153356781634441,0.4267206728962465,0.345502042883324,-0.2541359831093876,1.024433515195331,0.978535559936249,-0.6276486534315159
2022,oe:team:f7f7324c151aa6ed770b244ce08e027,1.6040575007116935,1.7709319248608402,-1.0374962608292768,-0.7563824803605269,0.6861623409101255,-0.028414977200021084,-0.08527694139931925,-0.7067637456894541
2022,oe:team:fc8e90107dabb9a35c490b0d86adea0,1.7505874498951726,1.667152414822497,-0.6409375079452811,-0.3995221518099615,0.4791945032862654,-0.10745298071249122,0.02680853766712011,1.6783248198953897
2022,oe:team:fcec508e780bbd1ad493852640f5b36,3.37450947472871,3.4547007638982197,0.1020031760292253,-0.6275907828385183,-0.6404342298006346,1.2539357234812094,1.2689988143599302,0.11920166013950424
2023,oe:team:0916b3c324c8577b0c6344f3e067f62,-1.557725862375213,-1.3949856560847143,0.3604881867669349,-1.2057722211166595,-0.676902056124215,-1.3436033505446632,-1.3505659655923914,0.06067279176576117
2023,oe:team:2cb996a4b0ffaca3bcf66fe91450243,1.1630245186570425,1.176741632635768,-0.920761445096317,-0.2942091885696563,0.8042392587861804,-0.21741971804657426,-0.14941842246515064,1.0630629181083617
2023,oe:team:407a64574852482edb8c1560eab637c,-0.2769393075360551,-0.09044740369776366,0.653918966966153,-1.1898728658978166,-0.9545382398381556,-0.7723337473291549,-0.7851287118330877,-0.0990908175946801
2023,oe:team:4880b157399745e82e26e229d8bbf48,-1.1061305074491041,-0.9462411370451443,0.4901498811458997,-0.5423070090042471,-0.6196747431675608,-1.1470938937557873,-1.1511971977558613,0.07984867719505641
2023,oe:team:50f58982d91a36557ec8aec52ab014f,3.9830470297099514,4.169981627818309,-0.0978244285833587,0.8985177663538579,0.340267280621478,1.0933483037021032,1.0955554400137668,-0.1020685598923279
2023,oe:team:606c6ac695907af3823ee6405c58ff1,3.484956778865367,3.644571103246233,-1.8146767792835177,-0.558725247121242,1.590816753018527,0.8632660800889994,0.8756602650544911,0.08169874897629496
2023,oe:team:658a021a796aa5501503220adb38cf4,-2.2655715675735895,-2.134943985359709,1.5151321237820397,1.1293681447261508,-1.146552013042681,-1.6676380811380223,-1.6630632588536798,0.27667540455553097
2023,oe:team:6a0084dacefb228be863fbb64cefe11,1.6683294648757283,1.8101692208921956,1.0103974203207584,0.1290165051128811,-0.9356556593314528,0.0599641964127404,0.07366187145374284,0.20125774853858858
2023,oe:team:7338408a0fe0217451d2c9a567db999,1.8143768825509934,1.9482207306031551,1.6138845657635943,-1.987111963299805,-2.095585604743208,0.1204182544149346,0.13813838430979042,0.25504148816060407
2023,oe:team:78f183fa5a7d8ecb22b9ad272c3abd7,1.8773142936082787,1.831470442669612,0.9310819669197,-0.7899878583120571,-1.1113021939223755,0.06929220231101495,0.165923776600562,1.4636942714272547
2023,oe:team:7d6673d3a9d00363c6bebc1a630da6e,2.2604092519005863,2.3997853385413865,0.6529473418661554,-0.522099946706407,-0.7705887055613184,0.31816265472748495,0.33505122436100493,0.2178293940361511
2023,oe:team:8eb884e168f28402ce685bedebb5250,1.2939239129291795,1.3003706499358103,0.7028136494176357,1.944791255428283,-0.1424132450498652,-0.16328140548295805,-0.09162940700715469,1.1119664402307559
2023,oe:team:9cae7677cd0dbcc1cd86653870b73c2,0.2632816871346202,0.3094747618642232,1.1914435639536094,1.6103064330017616,-0.7036696702491018,-0.5972040595490863,-0.5466338006430916,0.8446163545914567
2023,oe:team:a9145b7711873f53e610fbba0493484,3.6033339633471724,3.7894564421656853,-0.8093484336299471,0.7475771343412048,0.9826900196187583,0.9267127363482668,0.9279210182988569,-0.09660591417128882
2023,oe:team:b42d0f31f2727621b963042276817c4,3.7049431933614727,4.13019166627166,-0.7397153014634658,-0.0825963417283876,0.6882462642450048,1.0759239043001514,0.9727791125369701,-1.7050649235164907
2023,oe:team:ce499dea30cfce118f4fe85da0227e8,3.4938140343417223,3.878833202075704,-0.1060537987484883,1.1870807393192244,0.4272620265273603,0.9658516623836368,0.8795705358123099,-1.4344662017164733
2023,oe:team:d356a144644879dabb5f34cd99c886d,3.325468700640588,3.8347548825151216,-1.694322240618498,0.4368170096092721,1.748000441643928,0.946549350565868,0.8052500154949205,-2.270336844797503
2023,oe:team:d723992568441c6bafa2658129eade7,3.9734605941464736,4.155736433556609,-0.938866059459602,-1.0348541525140966,0.6186504675202997,1.0871101987950842,1.0913232533329549,-0.07073184792596654
2023,oe:team:e435aa3ecb82a89e60544f5f5857a81,-4.350587636448465,-3.97533391074224,0.0164185925325578,-0.4186873337704026,-0.1305278148691751,-2.4735621853269154,-2.583548999099978,-1.3687798539421612
2023,oe:team:e758ebe9a5a2cc81b9c8078479c2d87,1.492711886440886,1.4115154384323887,-1.0830786773188728,-0.4109611040682873,0.9282317701922648,-0.11461005444535083,-0.0038691745170876717,1.701490264609493
2023,oe:team:ef69efa6acebe94107f0cf1ba716806,3.6651662496010418,3.7720751172694196,-0.0494768788632222,0.2745003373162532,0.1227804158567741,0.9191012902609776,0.9552185238831794,0.4362171567841683
2023,oe:team:fc8e90107dabb9a35c490b0d86adea0,1.5218656219681792,1.789803057289435,-0.8845522163697465,0.6792099069001793,1.0362252478685317,0.05104566130724767,0.009001516614931515,-0.6469266954225829
2024,oe:team:2cb996a4b0ffaca3bcf66fe91450243,-2.0942789963062007,-1.9328429248242014,2.707440520471577,1.008430531723564,-2.186541670633358,-2.881939521567755,-2.9382655025818005,-0.1981108267005233
2024,oe:team:2e66da41dc460dd378e3bcc57042d31,1.5884367046217585,1.5832503033412777,-0.3887514607697646,-1.8946961780493476,-0.5612680673429981,-0.09547469620047173,0.012632099383706085,0.8883376181022403
2024,oe:team:3a1d18f46bcb3716ebcfcf4ef068934,3.1768389842005096,3.2422564503649216,0.8303242864571528,0.2832957185204817,-0.6835639610513196,1.2192692465138721,1.2853918936258768,0.4279707737575971
2024,oe:team:4880b157399745e82e26e229d8bbf48,1.0872023994529105,1.3329267402662894,-0.4468569403104865,1.4785391182492909,1.1836322732453826,-0.29385333925852086,-0.3889984442862556,-0.7477057139444158
2024,oe:team:4bd1751425ef6a9bc9d4d8e9385b4a6,1.1563372830051142,1.1863364454064818,0.3811461431448048,-0.7544766677479129,-0.7561771479406361,-0.41002451956029884,-0.33360183519287473,0.6589129774287963
2024,oe:team:50f58982d91a36557ec8aec52ab014f,3.2718031020698795,3.562891575070483,0.0591449440233023,-0.6630666648123549,-0.3904218362018574,1.4733690211195216,1.3614850299010668,-1.0434988926646342
2024,oe:team:606c6ac695907af3823ee6405c58ff1,2.2717306889730415,2.185530795068695,-0.4059678991522004,-0.5818133288696368,0.1124917174389611,0.3818259031579181,0.5601439747510033,1.4165795869674322
2024,oe:team:61450737f7b683db4da7b3e0bf0dced,0.4348788726526865,0.42332456068569696,-1.0708592640738943,0.5451351131184997,1.3369768915209577,-1.0147029624072077,-0.911694217531913,0.929859068044125
2024,oe:team:6a0084dacefb228be863fbb64cefe11,1.2631381484449735,1.2118068512105258,-0.5793374336633342,-0.8970762723273833,0.1271219299085135,-0.38983950589448396,-0.24802411393817428,1.1892217042257174
2024,oe:team:78f183fa5a7d8ecb22b9ad272c3abd7,1.349474508124331,1.5723326764009933,1.084503601133708,-0.7102460211661913,-1.4331194386184554,-0.1041267942739512,-0.17884425390280662,-0.5986086733158036
2024,oe:team:7d6673d3a9d00363c6bebc1a630da6e,1.7364590209475605,2.0259531229489958,0.3691460984570467,-0.0271709922171682,-0.3804828331654781,0.25536237064585926,0.13123986977801752,-1.0331029246792467
2024,oe:team:8eb884e168f28402ce685bedebb5250,1.6422669860004053,1.6902514078183266,-0.9810524780235772,-0.4271698830431727,0.7614124318142109,-0.010677509506901401,0.05576539044751304,0.5416415385974728
2024,oe:team:9cae7677cd0dbcc1cd86653870b73c2,0.7504238940782302,0.8666040394039013,-0.4185491425855204,0.3494749061661344,0.5907871250973634,-0.663408899621541,-0.6588533461059256,0.09697680329006447
2024,oe:team:a9145b7711873f53e610fbba0493484,2.323857978732814,2.2846559690539885,0.8314636095854019,0.0682133586721096,-0.7922714221253839,0.4603815024252744,0.6019126875273696,1.1101336593606284
2024,oe:team:ce499dea30cfce118f4fe85da0227e8,2.6663985908047483,2.9797597617420575,1.0693087058387578,0.5069813727627882,-0.8092116681427584,1.011243536682331,0.8763846676707644,-1.1887262298521586
2024,oe:team:d356a144644879dabb5f34cd99c886d,2.55966814238063,2.929560999503448,0.4468606735777642,0.2771505082390992,-0.3055143531196418,0.9714615752330773,0.7908633703759246,-1.5573365470563472
2024,oe:team:d8ca3fc1f0827ec76369af7b70d43e3,0.26072049558988813,0.6368782002677289,-0.4468569403104865,0.1972627745811328,0.5427920841904651,-0.8454640752645689,-1.0512443699119405,-1.59818598213095
2024,oe:team:ef69efa6acebe94107f0cf1ba716806,2.772056664550094,2.7351644565210385,-0.9085313868431336,0.0283253573911388,0.917153403264272,0.817404474342125,0.96104668933181,1.0950727833059755
2024,oe:team:fcec508e780bbd1ad493852640f5b36,2.551053803814777,2.819998867246448,-1.7908619453393635,-1.36255190466706,1.0984408186478414,0.8846348024726592,0.783960847053234,-0.8991145698902907
2024,oe:team:fe099196385a285d6d6edde504dc1f6,0.6849700054900875,0.7378555982724583,-0.3417136916177515,2.5754591534759874,1.627763723213899,-0.7654406090369411,-0.7113004363945946,0.5096838471543189
2025,oe:team:0916b3c324c8577b0c6344f3e067f62,0.7638553829517516,1.0854637918091636,-0.5519439053889292,-1.5552086413139328,0.1789952845200095,-0.3917291073485988,-0.6906182752912047,-1.2698477310471197
2025,oe:team:2e66da41dc460dd378e3bcc57042d31,1.280406028444319,1.4612593945240238,1.6543765756803377,-1.3215274491223783,-1.7980581384686545,0.1634231334078376,0.1261791597343972,-0.2281513318232866
2025,oe:team:3a1d18f46bcb3716ebcfcf4ef068934,2.0212799881037173,2.3241592727933678,-0.4547308496268232,-0.5466659765647237,0.302367161285996,1.4381607767143267,1.2976885852042082,-1.1312376974656917
2025,oe:team:4880b157399745e82e26e229d8bbf48,0.14103144385652577,0.4498815619199636,-1.5653163654545166,-0.286189944829241,1.3772716928457809,-1.330656802507628,-1.6754607111000321,-1.1754264917219845
2025,oe:team:4acc40654379b4da680be1bd3129dfa,0.7292408085260498,0.8301495250518727,0.7994832737766622,1.1138687257489792,-0.4993978519896647,-0.7688976698954639,-0.7453526868191501,0.3635010305649645
2025,oe:team:4bd1751425ef6a9bc9d4d8e9385b4a6,0.8497612755307631,0.9005373469802911,1.2510145964777608,-1.3529013128888372,-1.4342182619638753,-0.664915726564488,-0.5547792954653028,0.734521456042849
2025,oe:team:50f58982d91a36557ec8aec52ab014f,2.3916487843866703,2.637006162192419,-0.8306213319069655,0.2956526195669027,0.8251973017195207,1.9003206593975326,1.8833354824778823,-0.7055310080643004
2025,oe:team:53a258f289c26d94431c0496a54e151,1.4058071278518907,1.4408752912480742,-0.7130701265393576,-0.1581845806620894,0.6215431929929449,0.13331027277907612,0.3244700673913286,0.8507721489885335
2025,oe:team:740de582f50775c516c77ed7b923fd5,0.4241323902572298,0.534820709400778,-1.129091189285658,1.7138938702825022,1.3983578675068529,-1.2051785965061217,-1.227806393191058,0.2911243921747282
2025,oe:team:78f183fa5a7d8ecb22b9ad272c3abd7,0.7142238899438391,0.8706628347861642,1.314688166051882,-1.118224811915726,-1.443215029819266,-0.7090485005146373,-0.7690982395291689,-0.04746569392200531
2025,oe:team:7d6673d3a9d00363c6bebc1a630da6e,1.2017012819289206,1.0647726722865754,1.1201206537192894,0.762129847918983,-0.8680423538228963,-0.4222955144160062,0.0017270161951773463,2.123681563930865
2025,oe:team:b9e44c69c1a70fb35df9be96f9eafea,0.43793780192552306,0.32804002184032327,0.8161089156996131,-0.5620635744998261,-0.8680423538228963,-1.5106498718883539,-1.205976539838766,1.9236324767931419
2025,oe:team:ce499dea30cfce118f4fe85da0227e8,2.107497296834916,2.2618429638056643,-0.0639830360312603,1.3138771072601538,0.3357980226293338,1.346102651711615,1.4340199928618276,-0.03197381541900629
2025,oe:team:d356a144644879dabb5f34cd99c886d,1.380813874685545,1.613384502382037,-0.2933070536408467,0.979534738166847,0.4759164058411321,0.3881532630117493,0.28494940226903437,-0.6108991477506092
2025,oe:team:d723992568441c6bafa2658129eade7,1.606676730863301,1.8411246404994859,0.4416554335046463,0.6894606966886827,-0.2602497735165263,0.724587343327513,0.6420957986647428,-0.6247924889646383
2025,oe:team:ed28f87f0cfdba0a2a8f183cebae73a,1.4231159683730406,1.6791059918818474,-1.095111543984084,-0.0941818985785134,0.9859122911362764,0.4852417651072731,0.35183972932924185,-0.7842208263793042
2025,oe:team:fcec508e780bbd1ad493852640f5b36,1.5312246269456349,1.6376986885333635,-0.7002722130517551,0.1267305847422155,0.6698645429259316,0.42407192418437584,0.522786907106845,0.3223131640628661
