year,worlds_patch_oe,coded_release_date,worlds_start,calendar_days,source_urls
2016,6.18,2016-09-08,2016-09-29,21,https://web.archive.org/web/20161005/http://na.leagueoflegends.com/en/news/game-updates/patch/patch-618-notes
2017,7.18,2017-09-13,2017-09-23,10,https://web.archive.org/web/20170930/http://na.leagueoflegends.com/en/news/game-updates/patch/patch-718-notes
2018,8.19,2018-09-26,2018-10-01,5,https://web.archive.org/web/20180930/http://na.leagueoflegends.com/en/news/game-updates/patch/patch-819-notes | https://wiki.leagueoflegends.com/en-us/V8.19
2019,9.19,2019-09-25,2019-10-02,7,https://www.leagueoflegends.com/en-us/news/game-updates/patch-9-19-notes/
2020,10.19,2020-09-16,2020-09-25,9,https://www.leagueoflegends.com/en-us/news/game-updates/patch-10-19-notes/
2021,11.19,2021-09-22,2021-10-05,13,https://www.leagueoflegends.com/en-us/news/game-updates/patch-11-19-notes/
2022,12.18,2022-09-21,2022-09-29,8,https://wiki.leagueoflegends.com/en-us/V12.18 | https://www.leagueoflegends.com/en-us/news/game-updates/patch-12-18-notes/
2023,13.19,2023-09-27,2023-10-10,13,https://www.leagueoflegends.com/en-us/news/game-updates/patch-13-19-notes/
2024,14.18,2024-09-11,2024-09-25,14,https://www.leagueoflegends.com/en-us/news/game-updates/patch-14-18-notes/
2025,15.20,2025-10-08,2025-10-14,6,https://wiki.leagueoflegends.com/en-us/V25.20 | https://www.leagueoflegends.com/en-us/news/game-updates/patch-25-20-notes/
