year,champion,pull,denied_excess,other_pull,other_pull_rb,comfort,comfort_rb,comfort_other,familiar,breadth_z
2016,SK Telecom T1,5.0,1.0,2.0,2.0,7.0,6.0,6.0,4.0,4.0
2017,Samsung Galaxy,3.0,4.0,3.0,3.0,3.0,4.0,4.0,1.0,7.0
2018,Invictus Gaming,3.0,4.0,2.0,1.0,4.0,4.0,5.0,3.5,7.0
2019,FunPlus Phoenix,1.0,2.0,1.0,1.0,3.0,3.0,3.0,2.0,4.0
2020,Dplus Kia,8.0,8.0,7.0,7.0,6.0,6.0,6.0,7.0,5.0
2021,EDward Gaming,7.0,6.0,3.0,4.0,8.0,7.0,8.0,8.0,2.0
2022,Kiwoom DRX,8.0,4.0,3.0,3.0,7.0,5.0,7.0,7.0,2.0
2023,T1,2.0,2.0,1.0,2.0,8.0,4.0,8.0,7.0,1.0
2024,T1,2.0,6.0,1.0,2.0,8.0,5.0,8.0,3.0,1.0
2025,T1,4.5,5.0,4.0,5.0,7.0,4.0,7.0,4.0,1.0
