year,teamid,team,finish,buff_exposure,shared_pct,top_decile_pct,top_champions,top_champion_pct,top_champion_role,top_champion_role_share_pct,pre_presence_below_5_pct,pre_presence_5_to_20_pct,pre_presence_20_plus_pct,breadth,meta,buffs_z,buffs_z_res,buff_rank_qf,buff_adjusted_rank_qf,breadth_rank_qf,meta_rank_from_least_qf
2016,oe:team:056c3140a119e44a03d462e2c832f27,EDward Gaming,QF,0.4358974358974359,94.11764705882352,0.0,Thresh,76.4705882352941,sup,33.33333333333333,5.88235294117647,76.4705882352941,17.647058823529413,6.902550206512636,0.3551586158327731,1.3553257865722708,0.7723213657838793,1,1,2,1
2016,oe:team:73f3126d91d35faa5d5ce34abadb865,Royal Never Give Up,QF,0.30952380952380953,100.0,0.0,Ezreal,61.53846153846153,bot,19.047619047619047,0.0,23.076923076923073,76.9230769230769,7.28696284785792,0.4259864796450162,0.4714729829860985,0.2958366174531702,2,2,1,4
2016,oe:team:5b90b1fda6971ccdccf9eb32286aa50,H2k-Gaming,SF,0.21621621621621623,62.5,0.0,Draven,37.5,bot,8.108108108108109,37.5,12.499999999999998,49.99999999999999,6.750135747736732,0.4389061130956393,-0.1811171207193205,-0.1414206845479371,3,3,3,8
2016,oe:team:fc8e90107dabb9a35c490b0d86adea0,Cloud9,QF,0.19148936170212766,100.00000000000001,0.0,Thresh,66.66666666666667,sup,12.76595744680851,0.0,66.66666666666667,33.333333333333336,6.128329684387507,0.4315998825382418,-0.3540558921488125,-0.2211174004120814,4,4,7,6
2016,oe:team:3354e252e33ed55fd8fa14595ca1564,SK Telecom T1,Champion,0.15151515151515152,80.0,0.0,Ezreal,60.00000000000001,bot,9.090909090909092,20.0,0.0,80.0,6.453723668919281,0.4254145936981757,-0.6336341456084701,-0.619676401420573,5,5,4,3
2016,oe:team:93c730021ff69abdfccc4911a2f666f,ROX Tigers,SF,0.10714285714285714,100.0,0.0,Ezreal,66.66666666666667,bot,7.142857142857142,0.0,33.333333333333336,66.66666666666667,6.429338658161202,0.4350190417146399,-0.9439724488439312,-0.856996722931474,6,6,5,7
2016,oe:team:3b84bb916852d07609c83d1ce91c1a9,Samsung Galaxy,Runner-up,0.10256410256410256,100.0,0.0,Ezreal,75.0,bot,7.6923076923076925,0.0,0.0,100.0,6.368733971448188,0.4271487563622395,-0.975996101147778,-0.9301298822372366,7,7,6,5
2016,oe:team:f2357aab765dfb94659ba2223a6d4f0,Albus NoX Luna,QF,0.07692307692307693,100.0,0.0,Ezreal; Ryze,50.0,bot,3.8461538461538463,0.0,0.0,100.0,5.687559762924846,0.4027577994760657,-1.15532855404932,-1.1222342222724746,8,8,8,2
2017,oe:team:fbf53cf218dfaa8c2b2a864d13d2206,Longzhu Gaming,QF,0.7428571428571429,53.84615384615385,0.0,Jayce,42.30769230769231,top,31.428571428571427,3.8461538461538463,19.23076923076923,76.92307692307692,6.729544310417369,0.456537183746486,3.5951943354736584,3.936303880634698,1,1,8,8
2017,oe:team:3354e252e33ed55fd8fa14595ca1564,SK Telecom T1,Runner-up,0.4893617021276596,95.65217391304347,0.0,Fiora; Lee Sin,39.130434782608695,top,6.382978723404255,0.0,21.739130434782606,78.26086956521739,8.832352963372864,0.4013374406857492,1.955828431725381,1.6226074282908485,2,2,3,1
2017,oe:team:594b183f8fb081ef64820f31ab8d641,Misfits Gaming,QF,0.22857142857142856,100.0,0.0,Lee Sin,62.5,jng,14.285714285714285,0.0,37.5,62.5,8.060908355126175,0.409468438538206,0.2692865307469371,0.1019162890146053,3,3,5,3
2017,oe:team:73f3126d91d35faa5d5ce34abadb865,Royal Never Give Up,SF,0.19148936170212766,100.00000000000001,0.0,Lee Sin,66.66666666666667,jng,12.76595744680851,22.22222222222222,11.11111111111111,66.66666666666667,8.874659405586652,0.4403279504056329,0.029475211493592,-0.0475298538506967,4,5,1,7
2017,oe:team:62c1cd9465dc63824593ee5046f5aa8,Team WE,SF,0.18965517241379312,100.0,0.0,Lee Sin; Rengar,45.45454545454545,jng,8.620689655172415,9.09090909090909,45.45454545454545,45.45454545454545,8.05027559816898,0.4274054567835829,0.0176134305808348,-0.0275522996890762,5,4,6,5
2017,oe:team:78f183fa5a7d8ecb22b9ad272c3abd7,Fnatic,QF,0.175,85.71428571428572,0.0,Lee Sin,85.71428571428572,jng,15.0,14.285714285714286,0.0,85.71428571428572,8.137117243489993,0.4160488570147914,-0.0771621989120963,-0.2112423049557945,6,6,4,4
2017,oe:team:3b84bb916852d07609c83d1ce91c1a9,Samsung Galaxy,Champion,0.14583333333333331,100.0,0.0,Fiora; Lee Sin,42.85714285714286,mid,2.083333333333333,0.0,14.285714285714285,85.71428571428572,7.709449094296116,0.4022154745838955,-0.2657842850597923,-0.431311485312812,7,7,7,2
2017,oe:team:fc8e90107dabb9a35c490b0d86adea0,Cloud9,QF,0.12,100.0,0.0,Lee Sin,50.0,jng,6.0,0.0,50.0,50.0,8.844099565661171,0.4352237730751913,-0.4328495613620372,-0.5397903112117063,8,8,2,6
2018,oe:team:78f183fa5a7d8ecb22b9ad272c3abd7,Fnatic,Runner-up,1.2142857142857144,91.17647058823529,11.764705882352938,Pyke,52.94117647058823,sup,32.142857142857146,29.411764705882344,0.0,70.58823529411765,10.631795561183006,0.3448930885003166,1.7201772537279236,1.393780082507906,1,1,4,2
2018,oe:team:7d6673d3a9d00363c6bebc1a630da6e,G2 Esports,SF,0.8787878787878788,100.0,48.275862068965516,Aatrox,48.275862068965516,top,18.181818181818183,20.689655172413794,0.0,79.31034482758622,10.781635246260183,0.3830952972346415,0.5839861749658597,0.5770417716668195,2,3,2,4
2018,oe:team:53a258f289c26d94431c0496a54e151,Invictus Gaming,Champion,0.8545454545454546,93.61702127659574,25.531914893617017,Aatrox; Lucian,25.531914893617017,top,10.909090909090908,19.148936170212764,0.0,80.85106382978721,9.493688361866836,0.3904974034912094,0.5018872066940201,0.671128606230825,3,2,7,5
2018,oe:team:73f3126d91d35faa5d5ce34abadb865,Royal Never Give Up,QF,0.75,100.0,33.333333333333336,Aatrox,33.333333333333336,top,12.5,23.809523809523807,7.142857142857142,69.04761904761904,10.7552186929417,0.3922621096631424,0.1478354060217123,0.2229579227833089,4,4,3,6
2018,oe:team:fc8e90107dabb9a35c490b0d86adea0,Cloud9,SF,0.6296296296296297,88.23529411764706,23.52941176470588,Aatrox; Pyke,23.52941176470588,top,7.4074074074074066,11.76470588235294,29.41176470588235,58.8235294117647,9.92792569174733,0.311679163826403,-0.2598087767169343,-0.8141689715367595,5,5,6,1
2018,oe:team:056c3140a119e44a03d462e2c832f27,EDward Gaming,QF,0.43859649122807015,100.0,8.0,Darius,32.0,top,7.017543859649122,8.0,0.0,92.0,11.304077071900586,0.3509653955826204,-0.9067582489175404,-1.23865193282127,6,8,1,3
2018,oe:team:b3c72a20aa56f5d28022ac04a7dc294,DN SOOPers,QF,0.37254901960784315,89.47368421052632,0.0,Darius,73.6842105263158,top,13.725490196078432,10.526315789473683,0.0,89.47368421052632,10.315193473036627,0.3939963614311703,-1.1304334565931402,-1.002032928534948,7,6,5,7
2018,oe:team:d723992568441c6bafa2658129eade7,KT Rolster,QF,0.27906976744186046,83.33333333333333,0.0,Jarvan IV,33.333333333333336,top,4.651162790697675,83.33333333333333,0.0,16.666666666666668,9.379158119360408,0.3976616669588919,-1.4470086505962148,-1.2054810227967732,8,7,8,8
2019,oe:team:33d17f3717f58e12a3da80b377221fb,FunPlus Phoenix,Champion,2.5,68.75,0.0,Pantheon,25.0,mid,12.5,32.5,16.25,51.25,8.397075886100424,0.350539886258838,2.9778714826687422,2.750751398439423,1,1,4,2
2019,oe:team:78f183fa5a7d8ecb22b9ad272c3abd7,Fnatic,QF,1.212121212121212,95.0,0.0,Twisted Fate,45.0,mid,27.27272727272727,10.000000000000002,45.0,45.0,7.857837867302814,0.3555033732155503,0.3614579754377598,0.2225373766107749,2,2,6,3
2019,oe:team:7d6673d3a9d00363c6bebc1a630da6e,G2 Esports,Runner-up,1.1538461538461537,93.33333333333334,0.0,Lee Sin,26.66666666666667,jng,15.384615384615385,20.0,16.66666666666667,63.33333333333334,10.062061115156888,0.3476148889465859,0.2430682239793446,-0.1658028757297777,3,5,1,1
2019,oe:team:3354e252e33ed55fd8fa14595ca1564,SK Telecom T1,SF,1.0465116279069768,73.33333333333333,0.0,Lee Sin,31.11111111111111,jng,16.27906976744186,6.666666666666666,26.666666666666664,66.66666666666666,7.551801200629311,0.3937606702724416,0.0250108212931471,0.1950183840782952,4,3,7,6
2019,oe:team:53a258f289c26d94431c0496a54e151,Invictus Gaming,SF,1.0465116279069768,77.77777777777779,0.0,Rek'Sai,22.222222222222218,jng,11.627906976744185,15.555555555555555,0.0,84.44444444444444,10.02133907035319,0.4043570578023902,0.0250108212931467,0.0345321447282032,4,4,2,7
2019,oe:team:ef69efa6acebe94107f0cf1ba716806,Dplus Kia,QF,0.7105263157894737,100.0,0.0,Lee Sin,37.03703703703704,jng,13.157894736842104,18.51851851851852,7.4074074074074066,74.07407407407408,7.986447499426182,0.386134569562187,-0.6575662326416748,-0.5851318910614799,6,7,5,5
2019,oe:team:76b516358ee227ba806ba5d955b6314,Griffin,QF,0.6571428571428571,95.65217391304347,0.0,Ashe,26.08695652173913,bot,8.571428571428571,13.043478260869565,60.869565217391305,26.08695652173913,8.535361273062179,0.4184105494505495,-0.7660183661656408,-0.5107021352707561,7,6,3,8
2019,oe:team:3413ca4510110b5181f3e4b24d52719,Splyce,QF,0.34615384615384615,88.8888888888889,0.0,Vayne,44.44444444444445,bot,7.6923076923076925,55.555555555555564,0.0,44.44444444444445,6.638115586602017,0.384757004272193,-1.3978137312342938,-1.2055589244781717,8,8,8,4
2020,oe:team:1d0389df0c5eea93b04122ba167c010,Kiwoom DRX,QF,0.6981132075471698,91.89189189189189,16.216216216216218,Sylas,27.02702702702703,mid,9.433962264150944,16.216216216216218,64.86486486486487,18.91891891891892,12.021902158140913,0.3239109705118065,1.5208674597818266,0.9638929852233544,1,2,1,2
2020,oe:team:fcec508e780bbd1ad493852640f5b36,Top Esports,SF,0.6842105263157894,99.99999999999999,11.53846153846154,Kai'Sa,38.46153846153847,bot,13.157894736842104,7.6923076923076925,73.07692307692308,19.230769230769234,8.946014107038923,0.3687325712850144,1.4364817537619907,1.3997125847544247,2,1,4,5
2020,oe:team:50f58982d91a36557ec8aec52ab014f,Gen.G,QF,0.5,100.0,14.814814814814813,Gragas; Sylas,22.22222222222222,sup,11.11111111111111,0.0,77.77777777777777,22.22222222222222,9.52563578652013,0.3797778132708654,0.3183711489991795,0.3006818154050549,3,3,3,7
2020,oe:team:8d47748b0e2a0ac34c90891889805a8,Suning,Runner-up,0.4347826086956521,100.0,45.00000000000001,Aphelios,45.00000000000001,bot,19.565217391304348,10.000000000000002,45.00000000000001,45.00000000000001,7.086981527950462,0.3757844176907242,-0.0774816738050457,0.0797651391758696,4,4,8,6
2020,oe:team:ef69efa6acebe94107f0cf1ba716806,Dplus Kia,Champion,0.42857142857142855,100.0,16.666666666666668,Sylas,55.55555555555555,mid,9.523809523809524,11.111111111111112,55.55555555555555,33.333333333333336,8.689510595465658,0.3567924828794394,-0.1151819426435434,-0.2027651348277858,5,6,5,4
2020,oe:team:b42d0f31f2727621b963042276817c4,JD Gaming,QF,0.4090909090909091,100.0,55.55555555555555,Aphelios,55.55555555555555,bot,22.727272727272727,11.11111111111111,33.33333333333333,55.55555555555555,7.933467283078828,0.3944822266643489,-0.2334236949097406,-0.0328882472164853,6,5,7,8
2020,oe:team:78f183fa5a7d8ecb22b9ad272c3abd7,Fnatic,QF,0.3461538461538462,100.0,22.22222222222222,Kai'Sa,44.44444444444444,bot,7.6923076923076925,11.11111111111111,66.66666666666666,22.22222222222222,8.322955894147336,0.2867206092336983,-0.6154355099236083,-1.0941200627994974,7,8,6,1
2020,oe:team:7d6673d3a9d00363c6bebc1a630da6e,G2 Esports,SF,0.34375,100.0,9.090909090909092,Irelia; Kayle,36.36363636363637,mid,6.25,36.36363636363637,54.54545454545455,9.090909090909092,9.778660876832456,0.3553190538608198,-0.6300262389692768,-0.8153075973259531,8,7,2,3
2021,oe:team:6a0084dacefb228be863fbb64cefe11,MAD Lions KOI,QF,1.0,100.0,22.727272727272727,Gangplank,27.27272727272727,top,13.636363636363635,0.0,36.36363636363637,63.63636363636363,6.40079882031938,0.409281659998139,0.1493887089106403,0.3831188413091058,1,1,8,4
2021,oe:team:fc8e90107dabb9a35c490b0d86adea0,Cloud9,QF,0.8285714285714286,86.20689655172413,13.793103448275861,Gangplank,34.48275862068965,top,14.285714285714285,13.793103448275861,55.172413793103445,31.034482758620683,7.946836186287404,0.4393192737942417,-0.3223180381953381,-0.0590659154274422,2,2,6,7
2021,oe:team:3a1d18f46bcb3716ebcfcf4ef068934,Hanwha Life Esports,QF,0.7804878048780489,96.875,21.874999999999993,Gwen,21.874999999999993,jng,12.195121951219512,3.1249999999999996,37.5,59.37499999999999,10.30702823389204,0.4108461012612182,-0.4546260282372587,-0.6717180062425758,3,5,1,5
2021,oe:team:50f58982d91a36557ec8aec52ab014f,Gen.G,SF,0.7647058823529411,100.0,3.8461538461538463,Akali; Xayah; Zoe,15.384615384615385,mid,11.76470588235294,7.6923076923076925,61.53846153846154,30.76923076923077,8.784613961494905,0.3917275637154246,-0.4980519243720752,-0.6702748027609744,4,4,4,3
2021,oe:team:ef69efa6acebe94107f0cf1ba716806,Dplus Kia,Runner-up,0.7142857142857143,76.0,24.0,Gwen,24.0,jng,11.428571428571429,12.0,48.0,40.00000000000001,8.955783897499972,0.3915173299101412,-0.636789202932657,-0.8307376665027634,5,6,3,2
2021,oe:team:73f3126d91d35faa5d5ce34abadb865,Royal Never Give Up,QF,0.6666666666666667,100.0,12.499999999999996,Dr. Mundo,41.666666666666664,top,13.88888888888889,8.333333333333332,58.333333333333336,33.33333333333333,7.005808839781106,0.4353877760657421,-0.7678188549065397,-0.4210884976522269,6,3,7,6
2021,oe:team:056c3140a119e44a03d462e2c832f27,EDward Gaming,Champion,0.5750000000000001,100.0,13.043478260869565,Sylas,21.739130434782606,mid,12.5,17.391304347826086,21.739130434782606,60.8695652173913,9.14629590306274,0.4398380462724936,-1.020050934956264,-0.894958370199469,7,7,2,8
2021,oe:team:ce499dea30cfce118f4fe85da0227e8,T1,SF,0.5510204081632653,100.0,14.814814814814817,Jinx,29.629629629629633,bot,16.3265306122449,3.703703703703704,51.85185185185187,44.44444444444445,8.257402945179676,0.3900656784228765,-1.08603372398597,-1.2076655334016306,8,8,5,1
2022,oe:team:ce499dea30cfce118f4fe85da0227e8,T1,Runner-up,1.8297872340425532,93.02325581395348,0.0,Lee Sin,65.11627906976744,jng,27.659574468085108,4.651162790697675,16.27906976744186,79.06976744186046,10.77201670842032,0.3392863573899445,3.0864571548176234,2.6402661024638374,1,1,1,2
2022,oe:team:1d0389df0c5eea93b04122ba167c010,Kiwoom DRX,Champion,1.2,100.0,0.0,Lee Sin,48.484848484848484,jng,12.727272727272727,1.5151515151515151,33.333333333333336,65.15151515151514,10.53303223844246,0.3566078455235081,1.4873198861259258,1.2366928633259362,2,2,2,4
2022,oe:team:ef69efa6acebe94107f0cf1ba716806,Dplus Kia,QF,0.6666666666666666,94.11764705882354,0.0,Lee Sin,35.294117647058826,jng,5.88235294117647,0.0,35.294117647058826,64.70588235294119,10.395846852666722,0.3544806063308069,0.1330955324590812,-0.1250417481068748,3,4,3,3
2022,oe:team:50f58982d91a36557ec8aec52ab014f,Gen.G,SF,0.5813953488372092,76.0,0.0,Akali; Ashe; Singed,24.000000000000004,top,4.651162790697675,24.000000000000004,48.00000000000001,28.000000000000004,8.301297480570323,0.3834953064033699,-0.0834228961795131,0.1539544113785537,4,3,5,8
2022,oe:team:73f3126d91d35faa5d5ce34abadb865,Royal Never Give Up,QF,0.4814814814814814,96.15384615384616,0.0,Lee Sin,38.46153846153847,jng,9.25925925925926,3.8461538461538463,30.76923076923077,65.38461538461539,8.131743225255311,0.3701572194545649,-0.3371212570085731,-0.2152877940655453,5,5,6,7
2022,oe:team:b42d0f31f2727621b963042276817c4,JD Gaming,SF,0.4318181818181819,100.0,0.0,Lee Sin,42.10526315789473,jng,9.090909090909092,0.0,42.10526315789473,57.89473684210525,7.838267345096133,0.3640794771665013,-0.4632248505476254,-0.3726099335509407,6,6,8,5
2022,oe:team:cd62e47544f14f1d239afa659b9d243,Rogue,QF,0.39999999999999997,50.00000000000001,0.0,Caitlyn,50.00000000000001,bot,10.0,50.00000000000001,16.666666666666668,33.333333333333336,7.88756707036855,0.3383965683011611,-0.5440166443743407,-0.713132277924822,7,7,7,1
2022,oe:team:056c3140a119e44a03d462e2c832f27,EDward Gaming,QF,0.24999999999999997,100.0,0.0,Sett,28.571428571428573,sup,3.571428571428571,0.0,50.00000000000001,50.0,8.906650500686654,0.3646913954155641,-0.9248922438431406,-0.9341027969280528,8,8,4,6
2023,oe:team:ce499dea30cfce118f4fe85da0227e8,T1,Champion,0.9791666666666667,93.61702127659574,0.0,Gnar,34.042553191489354,top,16.666666666666664,12.76595744680851,19.148936170212764,68.08510638297871,8.299217509895728,0.4444028891630681,1.2382047173108224,0.8220536324559965,1,3,1,1
2023,oe:team:d356a144644879dabb5f34cd99c886d,Bilibili Gaming,SF,0.8181818181818182,100.0,0.0,Gwen,44.44444444444444,top,9.090909090909092,22.22222222222222,11.11111111111111,66.66666666666666,5.446465670562222,0.4936658506731946,0.7325301101115097,1.0787917330275318,2,1,8,6
2023,oe:team:a9145b7711873f53e610fbba0493484,LNG Esports,QF,0.7692307692307692,100.0,0.0,Gwen,40.00000000000001,top,7.6923076923076925,6.666666666666667,6.666666666666667,86.66666666666666,5.876012795589522,0.5137511929268311,0.5787684195966046,0.98123535845581,3,2,7,7
2023,oe:team:50f58982d91a36557ec8aec52ab014f,Gen.G,QF,0.7272727272727273,95.83333333333334,0.0,Gangplank,41.666666666666664,top,15.151515151515152,70.83333333333333,20.833333333333332,8.333333333333332,6.954106776687846,0.4697890790000095,0.4469726848695441,0.4037273626701796,4,5,2,3
2023,oe:team:b42d0f31f2727621b963042276817c4,JD Gaming,SF,0.6666666666666666,75.0,0.0,Gnar,37.5,top,12.5,0.0,49.99999999999999,49.99999999999999,6.523037520410028,0.4895616452337211,0.2566010680415673,0.4052162111457204,5,4,5,4
2023,oe:team:e758ebe9a5a2cc81b9c8078479c2d87,NRG,QF,0.4482758620689655,76.92307692307693,0.0,Gangplank,30.769230769230766,top,6.896551724137931,53.84615384615385,15.384615384615383,30.769230769230766,6.729306314264275,0.5287736996267275,-0.4293932063902794,-0.0699506826089371,6,6,4,8
2023,oe:team:606c6ac695907af3823ee6405c58ff1,Weibo Gaming,Runner-up,0.375,100.0,0.0,Gwen; Wukong,33.333333333333336,top,3.125,8.333333333333334,8.333333333333334,83.33333333333333,6.236439289693552,0.4913808317986495,-0.6595623379430704,-0.453813299729827,7,7,6,5
2023,oe:team:d723992568441c6bafa2658129eade7,KT Rolster,QF,0.275,81.8181818181818,0.0,Lulu,54.54545454545454,sup,7.5,45.45454545454545,0.0,54.54545454545454,6.902570034253432,0.4548676923076923,-0.973675505709232,-1.1014567809137583,8,8,3,2
2024,oe:team:ce499dea30cfce118f4fe85da0227e8,T1,Champion,0.6666666666666667,70.0,0.0,Caitlyn,28.0,bot,8.0,4.0,56.0,40.0,12.555185079976567,0.3486697424067666,0.709681274886408,-0.0714389218839887,1,4,1,1
2024,oe:team:3a1d18f46bcb3716ebcfcf4ef068934,Hanwha Life Esports,QF,0.5490196078431372,100.0,0.0,Jax,57.142857142857146,top,15.686274509803921,0.0,14.285714285714286,85.71428571428572,8.586297293059026,0.3984569772926353,0.181895963462752,0.1206462747226908,2,2,3,4
2024,oe:team:d356a144644879dabb5f34cd99c886d,Bilibili Gaming,Runner-up,0.5476190476190476,82.6086956521739,0.0,Gnar,39.130434782608695,top,21.428571428571427,17.39130434782609,8.695652173913045,73.91304347826087,7.339081687940572,0.4159219814746807,0.1756128049934223,0.3548823756400238,3,1,7,6
2024,oe:team:a9145b7711873f53e610fbba0493484,LNG Esports,QF,0.5,100.0,0.0,Ryze,31.57894736842105,top,7.894736842105263,31.57894736842105,10.526315789473683,57.89473684210527,7.812215343273667,0.4098565958405286,-0.0380145829637716,0.054415228960766,4,3,5,5
2024,oe:team:606c6ac695907af3823ee6405c58ff1,Weibo Gaming,SF,0.35185185185185186,99.99999999999999,0.0,Gnar,26.315789473684212,top,9.25925925925926,0.0,31.57894736842105,68.42105263157895,7.632112666826802,0.4229939598526586,-0.7026331232750428,-0.4920327174762214,5,5,6,7
2024,oe:team:50f58982d91a36557ec8aec52ab014f,Gen.G,SF,0.3333333333333333,87.50000000000001,0.0,Jax,37.5,top,6.25,18.75,24.999999999999996,56.25,9.151869332601098,0.3773700524558894,-0.7857104408139516,-1.0595238595898628,6,7,2,2
2024,oe:team:fcec508e780bbd1ad493852640f5b36,Top Esports,QF,0.17391304347826086,75.0,0.0,Jayce,50.0,top,4.3478260869565215,0.0,50.0,50.0,6.234342771947636,0.4454488940831272,-1.5008977831054278,-0.998093851901848,7,6,8,8
2024,oe:team:2e66da41dc460dd378e3bcc57042d31,FlyQuest,QF,0.10526315789473684,75.0,0.0,Twisted Fate,50.0,top,5.263157894736842,0.0,25.0,75.0,8.545539561045034,0.3871717095878069,-1.808873193661566,-1.9554534451364507,8,8,4,3
2025,oe:team:ce499dea30cfce118f4fe85da0227e8,T1,Champion,0.3333333333333333,65.21739130434783,0.0,Ahri; Hwei; Jinx; Lillia,17.39130434782609,mid,2.898550724637681,39.130434782608695,43.47826086956522,17.39130434782609,12.14047685652691,0.3083068435570734,1.3138771072601538,0.9452639588185568,1,1,1,3
2025,oe:team:7d6673d3a9d00363c6bebc1a630da6e,G2 Esports,QF,0.27586206896551724,100.0,0.0,LeBlanc,50.0,mid,6.896551724137931,75.0,25.0,0.0,9.14334157034385,0.290112197632527,0.762129847918983,0.5296798687969569,2,3,8,1
2025,oe:team:d723992568441c6bafa2658129eade7,KT Rolster,Runner-up,0.2682926829268293,100.0,0.0,Ahri,54.54545454545454,mid,7.317073170731707,36.36363636363636,9.09090909090909,54.54545454545454,9.25193262062282,0.3298294582706162,0.6894606966886827,0.891942989815544,3,2,7,7
2025,oe:team:50f58982d91a36557ec8aec52ab014f,Gen.G,SF,0.22727272727272727,100.0,0.0,Ahri,40.00000000000001,mid,4.545454545454546,33.333333333333336,26.666666666666668,40.00000000000001,11.656436882962122,0.3198757877598807,0.2956526195669027,0.112410018237413,4,4,3,4
2025,oe:team:fcec508e780bbd1ad493852640f5b36,Top Esports,SF,0.20967741935483872,100.0,0.0,Ahri,61.53846153846153,mid,6.451612903225806,23.076923076923077,15.384615384615383,61.53846153846153,10.661220845719658,0.3033347272603499,0.1267305847422155,-0.1295411587729452,5,5,4,2
2025,oe:team:ed28f87f0cfdba0a2a8f183cebae73a,Anyone's Legend,QF,0.18666666666666668,92.85714285714286,0.0,Jinx,42.857142857142854,bot,4.0,21.428571428571427,78.57142857142857,0.0,11.71714628787907,0.3213575464083938,-0.0941818985785134,-0.2676457788184239,6,7,2,6
2025,oe:team:3a1d18f46bcb3716ebcfcf4ef068934,Hanwha Life Esports,QF,0.13953488372093023,100.0,0.0,Ahri,66.66666666666667,mid,4.651162790697675,33.333333333333336,0.0,66.66666666666667,10.158727225774276,0.3522963024928894,-0.5466659765647237,-0.1943570715424534,7,6,5,8
2025,oe:team:0916b3c324c8577b0c6344f3e067f62,CTBC Flying Oyster,QF,0.034482758620689655,100.0,0.0,Caitlyn,100.0,bot,3.4482758620689653,100.0,0.0,0.0,9.34006139897969,0.3202202779207411,-1.5552086413139328,-1.4709723657359597,8,8,6,5
