year,team,gameid,date,league,days_before_worlds,regular_players,players,leaguepedia_team,leaguepedia_same_team
2016,Royal Never Give Up,lp:LPL/2016 Season/Spring Season_Week 6_3_1,2016-03-11 09:00:00,LPL,201,0,"InSec, LetMe, Ley, NaMei, Sask",Royal Never Give Up,
2016,Royal Never Give Up,lp:LPL/2016 Season/Spring Season_Week 6_3_2,2016-03-11 10:00:00,LPL,201,0,"InSec, LetMe, Ley, NaMei, Sask",Royal Never Give Up,
2019,Cloud9,ESPORTSTMNT01/1074512,2019-03-24 20:48:53,LCS,191,0,"Blaber, Diamond, Goldenglue, Keith, Kumo",Cloud9,True
2020,INTZ,ESPORTSTMNT02/1404312,2020-08-09 17:49:27,CBLOL,46,0,"Accez, Bounty, Hanor, Mills, Yupps",INTZ,True
2020,Papara SuperMassive,ESPORTSTMNT04/1220214,2020-06-06 15:10:48,TCL,110,0,"Coldraa, Fastlegged, Kituruken, Rhemio, Skewer",Papara SuperMassive,True
2020,Papara SuperMassive,ESPORTSTMNT04/1230192,2020-06-07 12:00:40,TCL,109,0,"Coldraa, Fastlegged, Kituruken, Rhemio, Skewer",Papara SuperMassive,True
2020,Papara SuperMassive,ESPORTSTMNT04/1220789,2020-06-13 10:36:05,TCL,103,0,"Coldraa, Fastlegged, Kituruken, Rhemio, Skewer",Papara SuperMassive,True
2020,Papara SuperMassive,ESPORTSTMNT04/1220920,2020-06-14 13:50:21,TCL,102,0,"Coldraa, Fastlegged, Kituruken, Rhemio, Skewer",Papara SuperMassive,True
2021,100 Thieves,ESPORTSTMNT03_2072623,2021-08-01 22:41:19,LCS,64,0,"Kenvi, Luger, Poome, Ryoma, Tenacity",100 Thieves,True
2021,FunPlus Phoenix,66621-71440,2020-11-20 14:49:00,NEST,318,1,"Insulator, Lwx, Shenyi, Youxin, xiao7",FunPlus Phoenix,True
2021,FunPlus Phoenix,66621-71441,2020-11-20 15:53:00,NEST,318,1,"Insulator, Lwx, Shenyi, Youxin, xiao7",FunPlus Phoenix,True
2021,FunPlus Phoenix,66621-71442,2020-11-20 16:42:00,NEST,318,1,"Insulator, Lwx, Shenyi, Youxin, xiao7",FunPlus Phoenix,True
2021,FunPlus Phoenix,lp:National Electronic Sports Tournament 2020_Semifinals_1_1,2020-11-21 09:16:00,NEST,317,1,"Insulator, Lwx, Shenyi, Xiao7, Youxin",FunPlus Phoenix,
2021,FunPlus Phoenix,lp:National Electronic Sports Tournament 2020_Semifinals_1_2,2020-11-21 10:08:00,NEST,317,1,"Insulator, Lwx, Shenyi, Xiao7, Youxin",FunPlus Phoenix,
2021,FunPlus Phoenix,66629-71466,2020-11-22 06:13:00,NEST,316,1,"Insulator, Lwx, Shenyi, Youxin, xiao7",FunPlus Phoenix,True
2021,FunPlus Phoenix,66629-71469,2020-11-22 07:03:00,NEST,316,1,"Insulator, Lwx, Shenyi, Youxin, xiao7",FunPlus Phoenix,True
2021,FunPlus Phoenix,66629-71472,2020-11-22 07:54:00,NEST,316,1,"Insulator, Lwx, Shenyi, Youxin, xiao7",FunPlus Phoenix,True
2021,Gen.G,ESPORTSTMNT03/1631747,2020-12-22 10:01:18,KeSPA,286,0,"Envyy, Kael, Karis, Lonely, YoungJae",Gen.G,True
2021,Gen.G,ESPORTSTMNT03/1631764,2020-12-22 12:07:51,KeSPA,286,0,"Envyy, Kael, Karis, Lonely, YoungJae",Gen.G,True
2021,Gen.G,ESPORTSTMNT03/1642096,2020-12-24 09:19:39,KeSPA,284,0,"DICE, Envyy, Kael, Lonely, YoungJae",Gen.G,True
2021,Gen.G,ESPORTSTMNT03/1642162,2020-12-25 10:58:37,KeSPA,283,0,"Envyy, Kael, Lonely, Ophelia, YoungJae",Gen.G,True
2021,Gen.G,ESPORTSTMNT03/1642164,2020-12-25 12:22:14,KeSPA,283,0,"DICE, Envyy, Kael, Lonely, YoungJae",Gen.G,True
2021,T1,ESPORTSTMNT03/1631733,2020-12-22 09:00:20,KeSPA,286,0,"Asper, Berserker, Mireu, Mowgli, Roach",T1,True
2021,T1,ESPORTSTMNT03/1631764,2020-12-22 12:07:51,KeSPA,286,0,"Asper, Berserker, Mireu, Mowgli, Roach",T1,True
2021,T1,ESPORTSTMNT03/1642105,2020-12-24 10:46:03,KeSPA,284,0,"Asper, Berserker, Mireu, Mowgli, Roach",T1,True
2022,EDward Gaming,8367-8367_game_1,2021-12-22 09:07:36,DCup,280,0,"Brave, Leave, Xiamu, Xiaoxiang, maolv",EDward Gaming,True
2022,EDward Gaming,8367-8367_game_2,2021-12-22 09:53:38,DCup,280,0,"Brave, Leave, Xiamu, Xiaoxiang, maolv",EDward Gaming,True
2022,EDward Gaming,8367-8367_game_3,2021-12-22 10:49:14,DCup,280,0,"Brave, Leave, Xiamu, Xiaoxiang, maolv",EDward Gaming,True
2022,EDward Gaming,8367-8367_game_4,2021-12-22 11:37:16,DCup,280,0,"Brave, Leave, Xiamu, Xiaoxiang, maolv",EDward Gaming,True
2022,Kiwoom DRX,ESPORTSTMNT02_2557701,2022-02-09 11:51:00,LCK,231,1,"Clear, Deft, Jun, Peach, SeTab",DRX,True
2023,JD Gaming,9684-9684_game_1,2022-12-24 09:10:50,DCup,289,0,"1xn, Feather, Lzq, redwall, zzx",JD Gaming,True
2023,JD Gaming,9684-9684_game_2,2022-12-24 09:54:54,DCup,289,0,"1xn, Feather, Lzq, redwall, zzx",JD Gaming,True
2023,JD Gaming,9684-9684_game_3,2022-12-24 10:40:29,DCup,289,0,"1xn, Feather, Lzq, redwall, zzx",JD Gaming,True
2023,KT Rolster,ESPORTSTMNT01_3410111,2023-08-06 09:43:51,LCK,64,0,"Feisty, HamBak, Hype, PerfecT, Way",KT Rolster,True
2025,Anyone's Legend,lp:National Electronic Sports Tournament 2024_Group Stage Day 3_2_1,2024-12-04 08:11:00,NEST,313,0,"Dante, Ljun, Ranchen, Yuanyue, xiaohanbao",Anyone's Legend,
2025,Anyone's Legend,lp:National Electronic Sports Tournament 2024_Group Stage Day 3_2_2,2024-12-04 08:58:00,NEST,313,0,"Dante, Ljun, Ranchen, Yuanyue, xiaohanbao",Anyone's Legend,
2025,Anyone's Legend,lp:National Electronic Sports Tournament 2024_Group Stage Day 5_1_1,2024-12-06 06:08:00,NEST,311,0,"Dante, Ljun, Ranchen, Yuanyue, xiaohanbao",Anyone's Legend,
2025,Anyone's Legend,lp:National Electronic Sports Tournament 2024_Group Stage Day 5_1_2,2024-12-06 07:03:00,NEST,311,0,"Dante, Ljun, Ranchen, Yuanyue, xiaohanbao",Anyone's Legend,
2025,Anyone's Legend,lp:National Electronic Sports Tournament 2024_Group Stage Day 6_2_1,2024-12-07 08:09:00,NEST,310,0,"Dante, Ljun, Ranchen, Yuanyue, xiaohanbao",Anyone's Legend,
2025,Anyone's Legend,lp:National Electronic Sports Tournament 2024_Group Stage Day 6_2_2,2024-12-07 09:05:00,NEST,310,0,"Dante, Ljun, Ranchen, Yuanyue, xiaohanbao",Anyone's Legend,
2025,Bilibili Gaming,lp:National Electronic Sports Tournament 2024_Group Stage Day 5_1_1,2024-12-06 06:08:00,NEST,311,0,"Baiye, Junhao, Liangchen, Xiaoxia, Yxl",Bilibili Gaming,
2025,Bilibili Gaming,lp:National Electronic Sports Tournament 2024_Group Stage Day 5_1_2,2024-12-06 07:03:00,NEST,311,0,"Baiye, Junhao, Liangchen, Xiaoxia, Yxl",Bilibili Gaming,
2025,T1,LOLTMNT02_189752,2024-12-01 07:53:19,KeSPA,316,0,"Cloud, Haetae, Poby, Smash, Vincenzo",T1,True
2025,T1,LOLTMNT02_190757,2024-12-01 12:51:59,KeSPA,316,0,"Cloud, Haetae, Poby, Smash, Vincenzo",T1,True
2025,T1,LOLTMNT02_192155,2024-12-03 08:52:55,KeSPA,314,0,"Cloud, Haetae, Poby, Smash, Vincenzo",T1,True
2025,T1,LOLTMNT02_191258,2024-12-03 12:37:22,KeSPA,314,0,"Cloud, Haetae, Poby, Smash, Vincenzo",T1,True
2025,Top Esports,lp:National Electronic Sports Tournament 2024_Group Stage Day 1_3_1,2024-12-02 10:11:00,NEST,315,0,"JiaQi, Niket, Wangxiao, naiyou, pool",Top Esports,
2025,Top Esports,lp:National Electronic Sports Tournament 2024_Group Stage Day 1_3_2,2024-12-02 10:58:00,NEST,315,0,"JiaQi, Niket, Wangxiao, naiyou, pool",Top Esports,
2025,Top Esports,lp:National Electronic Sports Tournament 2024_Group Stage Day 6_3_1,2024-12-07 10:08:00,NEST,310,0,"JiaQi, Niket, Wangxiao, naiyou, pool",Top Esports,
2025,Top Esports,lp:National Electronic Sports Tournament 2024_Group Stage Day 6_3_2,2024-12-07 11:11:00,NEST,310,0,"JiaQi, Niket, Wangxiao, naiyou, pool",Top Esports,
2025,Top Esports,lp:National Electronic Sports Tournament 2024_Group Stage Day 7_2_1,2024-12-08 08:20:00,NEST,309,0,"JiaQi, Niket, Wangxiao, naiyou, pool",Top Esports,
2025,Top Esports,lp:National Electronic Sports Tournament 2024_Group Stage Day 7_2_2,2024-12-08 09:08:00,NEST,309,0,"JiaQi, Niket, Wangxiao, naiyou, pool",Top Esports,
2025,Top Esports,lp:National Electronic Sports Tournament 2024_Semifinals_2_1,2024-12-14 11:38:00,NEST,303,0,"JiaQi, Niket, Wangxiao, naiyou, pool",Top Esports,
2025,Top Esports,lp:National Electronic Sports Tournament 2024_Semifinals_2_2,2024-12-14 12:33:00,NEST,303,0,"JiaQi, Niket, Wangxiao, naiyou, pool",Top Esports,
2025,Top Esports,lp:National Electronic Sports Tournament 2024_Semifinals_2_3,2024-12-14 13:29:00,NEST,303,0,"JiaQi, Niket, Wangxiao, naiyou, pool",Top Esports,
2025,Top Esports,lp:National Electronic Sports Tournament 2024_Third-Place Match_1_1,2024-12-15 04:42:00,NEST,302,0,"JiaQi, Niket, Wangxiao, naiyou, pool",Top Esports,
2025,Top Esports,lp:National Electronic Sports Tournament 2024_Third-Place Match_1_2,2024-12-15 05:32:00,NEST,302,0,"JiaQi, Niket, Wangxiao, naiyou, pool",Top Esports,
