year,champion,scope,unavailable_from_utc,unavailable_to_utc,games_or_days_affected,reason,source_urls,confidence,notes,checked
2016,Aurelion Sol,partial,2016-09-30T05:32Z,2016-10-02T21:59Z,"Group stage Day 1 last game (TSM vs RNG, remade without A-Sol) + all of Day 2 (30 Sep PDT, 6 games) + Day 3 (1 Oct PDT, 6 games) = 13 games; re-enabled from Day 4 (2 Oct PDT)","bug_disable: passive stars became invisible after leaving/entering vision (spotted by Bjergsen in RNG Xiaohu's A-Sol, TSM vs RNG); game remade with A-Sol disabled",https://lol.fandom.com/wiki/List_of_Remakes_in_Professional_Play;https://blogoflegends.com/2016/09/30/aurelion-sol-disabled-days-two-three-world-championship/;https://www.riftherald.com/lol-worlds/2016/9/30/13119016/aurelion-sol-disabled-worlds-bug-tsm;https://www.riftherald.com/lol-worlds/2016/10/1/13131576/aurelion-sol-worlds-bug-enabled-fix;https://esports.inquirer.net/16824/aurelion-sol-visual-bug-disrupts-last-game-2016-worlds-group-stage-day-1;https://oracleselixir.com/tools/downloads,high,"Start = recorded start of the remade TSM-RNG game (the original game was paused ~2 min in, minutes earlier; Leaguepedia lists the remake under 2016-09-29 local date). End = start of first Day 4 game (ahq vs INTZ); Riot announced the Day-4 re-enable on 1 Oct (PDT). A-Sol was banned in 2 Day-1 games before the disable, then absent until CLG vs ROX (2016-10-03T02:09Z, picked by Huhi). Only secondary/news sources found for the Riot statement (Rift Herald domain is now offline). Oracle's Elixir Worlds data: 12 picks / 20 bans in 77 games; first seen 2016-09-29 22:28Z, last 2016-10-30 04:13Z.",2026-09-29: no Worlds pick or ban of the champion inside the unavailable window (Oracle's Elixir)
2016,Yorick,whole_event,,,All Worlds 2016 games,policy_disable: VGU (rework) shipped in the Worlds patch 6.18; Riot patch notes: disabled for Worlds because he was 'fresh-off-the-press',https://lol.fandom.com/wiki/Patch_6.18;https://wiki.leagueoflegends.com/en-us/V6.18;https://www.surrenderat20.net/2016/09/patch-618-yorick-champion-update.html,high,"Primary source = official 6.18 patch notes (quoted on Leaguepedia Patch 6.18 page). Old Yorick no longer existed on 6.18, so the champion was unavailable entirely. Oracle's Elixir Worlds data: 0 picks / 0 bans in 77 games.",2026-09-29: no Worlds pick or ban of the champion inside the unavailable window (Oracle's Elixir)
2017,Ornn,whole_event,,,All Worlds 2017 games (play-in to final),"policy_disable: new champion released 2017-08-23 (patch 7.17), judged too new for Worlds (Riot Meddler: releasing too soon; kit incl. item upgrades for allies needs time to assess)",https://lol.fandom.com/wiki/2017_Season_World_Championship;https://lol.fandom.com/wiki/Archive:Blitz_Esports/Ornn_will_not_be_playable_at_Worlds;https://www.riftherald.com/lol-worlds/2017/8/18/16169594/ornn-lol-worlds-2017-disabled;https://slingshotesports.com/2017/08/18/ornn-disabled-world-championship/;https://comicbook.com/gaming/news/league-of-legends-pros-cant-play-as-ornn-during-worlds/,high,Leaguepedia: 'v7.18 with Ornn disabled'. Announced 2017-08-18. Oracle's Elixir Worlds data: 0 picks / 0 bans in 119 games.,2026-09-29: no Worlds pick or ban of the champion inside the unavailable window (Oracle's Elixir)
2020,Yone,whole_event,,,All Worlds 2020 games (play-in to final),policy_disable: released 2020-08-06 (patch 10.16); not enabled in all four major-region playoffs ('New champions and VGUs must be enabled for Playoffs in all four of the top regions in order to be playable at the next international tournament'),https://www.leagueoflegends.com/en-us/news/dev/dev-balancing-for-pro-play/;https://lol.fandom.com/wiki/2020_Season_World_Championship;https://liquipedia.net/leagueoflegends/World_Championship/2020;https://www.invenglobal.com/articles/12027/newest-league-of-legends-champion-yone-disabled-for-worlds-2020,high,"Official /dev blog (Aug 2020): 'Lillia will be enabled for Worlds, but Yone will not be.' Oracle's Elixir Worlds data: 0 picks / 0 bans in 114 games.",2026-09-29: no Worlds pick or ban of the champion inside the unavailable window (Oracle's Elixir)
2020,Samira,whole_event,,,All Worlds 2020 games (play-in to final),"policy_disable: released 2020-09-21 on the Worlds patch 10.19, after all regional playoffs",https://lol.fandom.com/wiki/2020_Season_World_Championship;https://liquipedia.net/leagueoflegends/World_Championship/2020;https://www.leagueoflegends.com/en-us/news/dev/dev-balancing-for-pro-play/,high,"Leaguepedia and Liquipedia both list 'Samira and Yone disabled'; no Samira-specific Riot statement found, but she could not satisfy the published rule. Oracle's Elixir Worlds data: 0 picks / 0 bans in 114 games.",2026-09-29: no Worlds pick or ban of the champion inside the unavailable window (Oracle's Elixir)
2021,Akshan,whole_event,,,All Worlds 2021 games (play-in to final),"policy_disable: released 2021-07-22 (patch 11.15); disabled in LEC/LCS playoffs, so not enabled in all four major playoffs",https://lol.fandom.com/wiki/2021_Season_World_Championship;https://twitter.com/lolesports/status/1423030842696339469;https://www.invenglobal.com/articles/14702/updated-81-akshan-will-be-disabled-for-worlds-2021-in-addition-to-remainder-of-lec-lcs-seasons;https://www.dexerto.com/league-of-legends/akshan-to-be-disabled-for-lol-worlds-2021-1622571/;https://liquipedia.net/leagueoflegends/World_Championship/2021,high,"Announced 2021-08-01 by Riot's Maximilian Peter Schmidt; Leaguepedia: '11.19 with Akshan and Vex disabled' (lolesports tweet, 2021-08-04). Oracle's Elixir Worlds data: 0 picks / 0 bans in 121 games.",2026-09-29: no Worlds pick or ban of the champion inside the unavailable window (Oracle's Elixir)
2021,Vex,whole_event,,,All Worlds 2021 games (play-in to final),"policy_disable: released 2021-09-22/23 on the Worlds patch 11.19, after all regional playoffs",https://lol.fandom.com/wiki/2021_Season_World_Championship;https://twitter.com/lolesports/status/1423030842696339469;https://liquipedia.net/leagueoflegends/World_Championship/2021,high,Leaguepedia and Liquipedia both list Vex as disabled. Oracle's Elixir Worlds data: 0 picks / 0 bans in 121 games.,2026-09-29: no Worlds pick or ban of the champion inside the unavailable window (Oracle's Elixir)
2022,Udyr,whole_event,,,All Worlds 2022 games (play-in to final),"policy_disable: VGU released in patch 12.16 (Aug 2022), too late for LCK (12.14) / LPL (12.15) playoffs; 'new champions must be enabled for playoffs in all four of the top regions to be enabled at Worlds'",https://lol.fandom.com/wiki/2022_Season_World_Championship;https://twitter.com/GregAdler7/status/1562900723087470593;https://earlygame.com/lol/udyr-disabled-for-worlds-2022;https://riftfeed.gg/lol-news/udyrs-new-vgu-disabled-at-worlds-2022;https://liquipedia.net/leagueoflegends/World_Championship/2022,high,Confirmed 2022-08-25 (Riot's Greg Adler tweet cited by Leaguepedia). Old Udyr no longer existed on 12.18. Oracle's Elixir Worlds data: 0 picks / 0 bans in 127 games.,2026-09-29: no Worlds pick or ban of the champion inside the unavailable window (Oracle's Elixir)
2022,Orianna,partial,2022-10-10T14:17Z,2022-10-12T00:00Z,"Groups Day 4 only (Mon 10 Oct 2022, New York): JDG-G2, RGE-TES, DK-EG, 100T-RNG, GEN-CFO, GAM-DRX = 6 games, played 2022-10-10T20:15Z to about 2022-10-11T02:20Z","bug_disable: Command: Shockwave (R) visual appeared on Orianna after Command: Protect on an ally, making the real AoE invisible (seen in GAM vs Rogue, Groups Day 3, 2022-10-09T20:19Z)",https://twitter.com/lolesports/status/1579476329468424194;https://twitter.com/lolesports/status/1579985320220598272;https://lol.fandom.com/wiki/2022_Season_World_Championship;https://liquipedia.net/leagueoflegends/World_Championship/2022;https://www.nme.com/news/gaming-news/league-of-legends-world-championships-disables-orianna-until-further-notice-3326669;https://www.dexerto.com/league-of-legends/orianna-disabled-at-lol-worlds-2022-over-game-breaking-bug-1954231/;https://dotesports.com/league-of-legends/news/bugged-no-more-orianna-re-enabled-at-worlds-2022,high,"From/to = LoL Esports disable tweet ('Due to a recently discovered bug, Orianna will be disabled for Worlds 2022 until further notice') and re-enable tweet; times decoded from tweet IDs. Leaguepedia: 'disabled only for Groups Day 4'; Liquipedia: 'disabled during the October 10th matches'. The remaining Day 3 games after the bug game were played with her still enabled. Next game day 13 Oct: picked in FNC-C9 (2022-10-13T17:58Z). Oracle's Elixir Worlds data: 3 picks / 0 bans in 127 games; first seen 2022-10-09 20:19Z, last 2022-10-23 20:09Z.",2026-09-29: no Worlds pick or ban of the champion inside the unavailable window (Oracle's Elixir)
2023,Briar,whole_event,,,All Worlds 2023 games (play-in to final),"policy_disable: released 2023-09-13 (patch 13.18), after all regional playoffs; Riot August: 'Briar will not be available for Worlds. She comes out too late.'",https://lol.fandom.com/wiki/2023_Season_World_Championship;https://www.reddit.com/r/leagueoflegends/comments/15bzuqu/comment/jttuv6s/;https://esports-news.co.uk/2023/09/13/briar-lol-champion-riot-roundtable/;https://dotesports.com/league-of-legends/news/will-briar-be-enabled-for-lol-worlds-2023;https://liquipedia.net/leagueoflegends/World_Championship/2023,high,"Leaguepedia: '13.19 with Briar disabled', citing a Riot dev reply in the Mid-Year Check-In Reddit thread (Jul 2023). Oracle's Elixir Worlds data: 0 picks / 0 bans in 110 games.",2026-09-29: no Worlds pick or ban of the champion inside the unavailable window (Oracle's Elixir)
2023,Naafiri,uncertain,,,,available (conflicting sources): released 2023-07-19 (patch 13.14); Riot Meddler reportedly said Naafiri would be playable at Worlds,https://lol.fandom.com/wiki/2023_Season_World_Championship;https://www.reddit.com/r/leagueoflegends/comments/15bzuqu/comment/jttuv6s/;https://riftfeed.gg/champions/worlds-2023-are-naafiri-and-briar-going-to-be-played;https://earlygame.com/lol/worlds-2023-are-briar-naafiri-playable;https://gameriv.com/naafiri-playable-worlds-2023/;https://liquipedia.net/leagueoflegends/World_Championship/2023,medium,"CONFLICT: Liquipedia lists 'Naafiri and Briar' as disabled, but cites only the generic 2020 policy blog. Leaguepedia lists only Briar, citing the Riot dev Reddit reply; riftfeed/earlygame/gameriv (Jul-Sep 2023) and Namuwiki say Naafiri was allowed. The Reddit comment could not be read directly (blocked). Zero picks/bans, so match data cannot settle it. Oracle's Elixir Worlds data: 0 picks / 0 bans in 110 games.",2026-09-29: sources conflict; not applied (champion absent from all pools and never picked or banned)
