gameid,issue,action,winner_side,reason,blue,red,league,date,oe,stats,lp,external,sides_consistent,external_source,external_url,external_basis,side,old_teamid,new_teamid,new_teamname,winner_teamid
10867-10867_game_1,no winner recorded,set_winner,Red,two or more sources agree,Ultra Prime Academy,Oh My God Academy,LDL,2024-03-18 06:05:52,,Red,Red,,True,,,,,,,,oe:team:d6ede6ace357c075af068ccac12ae9f
4089-5280,no winner recorded,set_winner,Red,two or more sources agree,Team Fighter,Victorious Gaming,LDL,2018-09-19 03:26:00,,Red,Red,,True,,,,,,,,oe:team:661399cd57d6efe4a62201665c4ebc8
4089-5281,no winner recorded,set_winner,Blue,two or more sources agree,Victorious Gaming,Team Fighter,LDL,2018-09-19 04:30:00,,Blue,Blue,,True,,,,,,,,oe:team:661399cd57d6efe4a62201665c4ebc8
4090-5278,no winner recorded,set_winner,Red,two or more sources agree,Mighty Eagle,SinoDragon Gaming,LDL,2018-09-19 05:48:00,,Red,Red,,True,,,,,,,,oe:team:cd62fe7f473afa37527d2d15e9565cd
4090-5279,no winner recorded,set_winner,Blue,two or more sources agree,SinoDragon Gaming,Mighty Eagle,LDL,2018-09-19 06:48:00,,Blue,Blue,,True,,,,,,,,oe:team:cd62fe7f473afa37527d2d15e9565cd
4091-5282,no winner recorded,set_winner,Red,two or more sources agree,Unlimited Potential,Moss Seven Club,LDL,2018-09-19 08:07:00,,Red,Red,,True,,,,,,,,oe:team:f58a8d352e90ae75eeedd400a5bad78
4091-5283,no winner recorded,set_winner,Red,two or more sources agree,Moss Seven Club,Unlimited Potential,LDL,2018-09-19 09:16:00,,Red,Red,,True,,,,,,,,oe:team:35d01dfcb4df96b0fe4ccb8db0ce83b
4091-5284,no winner recorded,set_winner,Red,two or more sources agree,Moss Seven Club,Unlimited Potential,LDL,2018-09-19 10:17:00,,Red,Red,,True,,,,,,,,oe:team:35d01dfcb4df96b0fe4ccb8db0ce83b
4092-5285,no winner recorded,set_winner,Blue,two or more sources agree,Young Miracles,OnlyGame,LDL,2018-09-19 11:35:00,,Blue,Blue,,True,,,,,,,,oe:team:1486bbe432b1153d9a83ff6e75d6c90
4092-5286,no winner recorded,exclude,,mixed record whose teams sit on different sides in the two sources,OnlyGame,Young Miracles,LDL,2018-09-19 12:27:00,,,Red,,False,,,,,,,,
4092-5287,no winner recorded,exclude,,"fewer than two agreeing sources, or sources contradict",Young Miracles,OnlyGame,LDL,2018-09-19 13:14:00,,Blue,Red,Red,True,Liquipedia,https://liquipedia.net/leagueoflegends/LDL/2018/Summer,"series OnlyGame 2-1 Young Miracles; game 1 was Young Miracles', so games 2 and 3 were OnlyGame's",,,,,
4093-5288,no winner recorded,set_winner,Red,two or more sources agree,Victorious Gaming,SinoDragon Gaming,LDL,2018-09-20 03:19:00,,Red,Red,,True,,,,,,,,oe:team:cd62fe7f473afa37527d2d15e9565cd
4093-5289,no winner recorded,set_winner,Red,two or more sources agree,Victorious Gaming,SinoDragon Gaming,LDL,2018-09-20 04:18:00,,,Red,Red,True,Liquipedia,https://liquipedia.net/leagueoflegends/LDL/2018/Summer,"series SinoDragon 2-0 Victorious Gaming, so both games were SinoDragon's",,,,,oe:team:cd62fe7f473afa37527d2d15e9565cd
4094-5290,no winner recorded,set_winner,Red,two or more sources agree,OnlyGame,Unlimited Potential,LDL,2018-09-20 05:39:00,,Red,Red,,True,,,,,,,,oe:team:35d01dfcb4df96b0fe4ccb8db0ce83b
4094-5291,no winner recorded,set_winner,Blue,two or more sources agree,Unlimited Potential,OnlyGame,LDL,2018-09-20 06:52:00,,Blue,Blue,,True,,,,,,,,oe:team:35d01dfcb4df96b0fe4ccb8db0ce83b
4095-5292,no winner recorded,set_winner,Blue,two or more sources agree,Mighty Eagle,Team Fighter,LDL,2018-09-20 08:39:00,,Blue,Blue,,True,,,,,,,,oe:team:590084186c6389b83116f1f83567149
4095-5293,no winner recorded,set_winner,Blue,two or more sources agree,Mighty Eagle,Team Fighter,LDL,2018-09-20 09:47:00,,,Blue,Blue,True,Liquipedia,https://liquipedia.net/leagueoflegends/LDL/2018/Summer,both recorded maps of Team Fighter vs Mighty Eagle won by Mighty Eagle (2-0),,,,,oe:team:590084186c6389b83116f1f83567149
4096-5294,no winner recorded,set_winner,Red,two or more sources agree,Moss Seven Club,Young Miracles,LDL,2018-09-20 11:31:00,,,Red,Red,True,Liquipedia,https://liquipedia.net/leagueoflegends/LDL/2018/Summer,both recorded maps of Moss Seven Club vs Young Miracles won by Young Miracles (2-0),,,,,oe:team:1486bbe432b1153d9a83ff6e75d6c90
4096-5295,no winner recorded,set_winner,Blue,two or more sources agree,Young Miracles,Moss Seven Club,LDL,2018-09-20 12:38:00,,Blue,Blue,,True,,,,,,,,oe:team:1486bbe432b1153d9a83ff6e75d6c90
4097-5296,no winner recorded,set_winner,Blue,two or more sources agree,SinoDragon Gaming,Unlimited Potential,LDL,2018-09-21 05:17:00,,Blue,Blue,,True,,,,,,,,oe:team:cd62fe7f473afa37527d2d15e9565cd
4097-5297,no winner recorded,set_winner,Red,two or more sources agree,SinoDragon Gaming,Unlimited Potential,LDL,2018-09-21 06:15:00,,Red,Red,,True,,,,,,,,oe:team:35d01dfcb4df96b0fe4ccb8db0ce83b
4097-5298,no winner recorded,set_winner,Blue,two or more sources agree,Unlimited Potential,SinoDragon Gaming,LDL,2018-09-21 07:21:00,,Blue,Blue,,True,,,,,,,,oe:team:35d01dfcb4df96b0fe4ccb8db0ce83b
4098-5299,no winner recorded,set_winner,Red,two or more sources agree,Mighty Eagle,Victorious Gaming,LDL,2018-09-21 08:31:00,,Red,Red,,True,,,,,,,,oe:team:661399cd57d6efe4a62201665c4ebc8
4098-5300,no winner recorded,set_winner,Red,two or more sources agree,Mighty Eagle,Victorious Gaming,LDL,2018-09-21 09:28:00,,Red,Red,,True,,,,,,,,oe:team:661399cd57d6efe4a62201665c4ebc8
4099-5301,no winner recorded,set_winner,Blue,two or more sources agree,Young Miracles,OnlyGame,LDL,2018-09-21 10:42:00,,Blue,Blue,,True,,,,,,,,oe:team:1486bbe432b1153d9a83ff6e75d6c90
4099-5302,no winner recorded,set_winner,Blue,two or more sources agree,OnlyGame,Young Miracles,LDL,2018-09-21 11:31:00,,Blue,Blue,,True,,,,,,,,oe:team:591045589c51305cadf216042381acc
4099-5303,no winner recorded,set_winner,Red,two or more sources agree,Young Miracles,OnlyGame,LDL,2018-09-21 12:40:00,,Red,Red,,True,,,,,,,,oe:team:591045589c51305cadf216042381acc
4100-5304,no winner recorded,set_winner,Red,two or more sources agree,OnlyGame,Victorious Gaming,LDL,2018-09-22 09:32:00,,Red,Red,,True,,,,,,,,oe:team:661399cd57d6efe4a62201665c4ebc8
4100-5305,no winner recorded,set_winner,Red,two or more sources agree,Victorious Gaming,OnlyGame,LDL,2018-09-22 10:28:00,,Red,Red,,True,,,,,,,,oe:team:591045589c51305cadf216042381acc
4100-5306,no winner recorded,set_winner,Red,two or more sources agree,OnlyGame,Victorious Gaming,LDL,2018-09-22 11:23:00,,Red,Red,,True,,,,,,,,oe:team:661399cd57d6efe4a62201665c4ebc8
4101-5307,no winner recorded,set_winner,Red,two or more sources agree,Victorious Gaming,SinoDragon Gaming,LDL,2018-09-22 13:03:00,,Red,Red,,True,,,,,,,,oe:team:cd62fe7f473afa37527d2d15e9565cd
4101-5308,no winner recorded,set_winner,Blue,two or more sources agree,SinoDragon Gaming,Victorious Gaming,LDL,2018-09-22 13:58:00,,Blue,Blue,,True,,,,,,,,oe:team:cd62fe7f473afa37527d2d15e9565cd
4102-5309,no winner recorded,set_winner,Blue,two or more sources agree,SinoDragon Gaming,Unlimited Potential,LDL,2018-09-23 08:19:00,,Blue,Blue,,True,,,,,,,,oe:team:cd62fe7f473afa37527d2d15e9565cd
4102-5310,no winner recorded,set_winner,Blue,two or more sources agree,SinoDragon Gaming,Unlimited Potential,LDL,2018-09-23 09:09:00,,Blue,Blue,,True,,,,,,,,oe:team:cd62fe7f473afa37527d2d15e9565cd
4102-5311,no winner recorded,set_winner,Blue,two or more sources agree,Unlimited Potential,SinoDragon Gaming,LDL,2018-09-23 10:12:00,,,Blue,Blue,True,Liquipedia,https://liquipedia.net/leagueoflegends/LDL/2018/Summer,"series SinoDragon 3-1 Unlimited Potential; games 1, 2 and 4 were SinoDragon's by Leaguepedia and OE statistics, so game 3 was Unlimited Potential's (Liquipedia's map order is not used: it conflicts with both other sources in several series of this event)",,,,,oe:team:35d01dfcb4df96b0fe4ccb8db0ce83b
4102-5312,no winner recorded,set_winner,Blue,two or more sources agree,SinoDragon Gaming,Unlimited Potential,LDL,2018-09-23 11:30:00,,Blue,Blue,,True,,,,,,,,oe:team:cd62fe7f473afa37527d2d15e9565cd
7685-10362,no winner recorded,set_winner,Blue,two or more sources agree,Team Pinnacle,Kaisa Gaming,LDL,2021-06-15 14:10:08,,Blue,Blue,,True,,,,,,,,oe:team:f5ae665c5b772f9c081b30593177b9d
7691-10382,no winner recorded,set_winner,Blue,two or more sources agree,Rare Atom Period,V5 87,LDL,2021-06-16 13:11:47,,Blue,Blue,,True,,,,,,,,oe:team:67140a291d66109643b99e9dff2cbc3
7695-10390,no winner recorded,set_winner,Blue,two or more sources agree,Joy Dream,MAX,LDL,2021-06-17 09:03:38,,Blue,Blue,,True,,,,,,,,oe:team:ae2a2737a8d8d2b8e396dabae0e149b
7798-10741,no winner recorded,set_winner,Blue,two or more sources agree,FunPlus Phoenix Blaze,Kaisa Gaming,LDL,2021-07-07 10:03:29,,Blue,Blue,,True,,,,,,,,oe:team:68d9c4b067b3b6d5f3d5e4b1adc9f6e
ESPORTSTMNT01_3408461,no winner recorded,set_winner,Blue,two or more sources agree,Liiv SANDBOX,T1,LCK,2023-08-04 08:57:00,,,Blue,Blue,True,Games of Legends (gol.gg),https://gol.gg/game/stats/52586/page-game/,"game page: Liiv SANDBOX win, game time 40:43 (OE records 201 seconds and no winner)",,,,,oe:team:c75f1f337fc5867914749d438a4871d
LOLTMNT01_52116,no winner recorded,exclude,,"fewer than two agreeing sources, or sources contradict",A One Man Army,Once Upon A Team,ESLOL,2024-02-08 20:00:29,,,Blue,,True,,,,,,,,
1364-1428,OE and Leaguepedia winners differ,exclude,,the two sources contradict each other,EDward Gaming,I May,DCup,2016-11-13 08:23:00,Red,,Blue,Blue,True,Liquipedia,https://liquipedia.net/leagueoflegends/Demacia_Cup/2016/Playoffs,"final I May 0-3 EDward Gaming, so every game was EDward Gaming's; recorded for documentation: Leaguepedia and OE disagree on this game, so it stays excluded",,,,,
1623-1958,OE and Leaguepedia winners differ,exclude,,the two sources contradict each other,Now or Never,IN Gaming,LSPL,2017-03-28 10:51:36,Blue,Blue,Red,,True,,,,,,,,
1623-1957,OE and Leaguepedia winners differ,exclude,,the two sources contradict each other,IN Gaming,Now or Never,LSPL,2017-03-28 09:57:13,Red,Red,Blue,,True,,,,,,,,
2448-2264,OE and Leaguepedia winners differ,exclude,,the two sources contradict each other,Game Talents,Oh My God Academy,LSPL,2017-06-09 07:15:05,Red,,Blue,,True,,,,,,,,
3876-4949,OE and Leaguepedia winners differ,exclude,,the two sources contradict each other,Si Yi Xuan E-Sport,Rogue Warriors Shark,LDL,2018-07-29 05:18:47,Red,Red,Blue,,True,,,,,,,,
5422-6854,OE and Leaguepedia winners differ,exclude,,the two sources contradict each other,Top Esports,Oh My God,LPL,2019-08-16 11:19:23,Red,,Blue,,True,,,,,,,,
NA1/3313692261,OE and Leaguepedia winners differ,exclude,,the two sources contradict each other,Horizon Esports,Vital Point Esports,UPL,2020-03-04 02:30:52,Red,Red,Blue,,False,,,,,,,,
EUW1_5339732148,OE and Leaguepedia winners differ,exclude,,the two sources contradict each other,Rocket Core Esports,MOUCHE GAMING,OTBLX,2021-06-26 13:58:39,Blue,,Red,,False,,,,,,,,
EUW1_5339782117,OE and Leaguepedia winners differ,exclude,,the two sources contradict each other,Dutch Community Team,Phoenix Rising,OTBLX,2021-06-26 14:40:24,Red,,Blue,,False,,,,,,,,
EUW1_5339462442,OE and Leaguepedia winners differ,exclude,,the two sources contradict each other,PXP Esports,Starlan Gaming Club Academy,OTBLX,2021-06-26 13:58:39,Blue,,Red,,False,,,,,,,,
EUW1_5339462752,OE and Leaguepedia winners differ,exclude,,the two sources contradict each other,Starlan Gaming Club Academy,PXP Esports,OTBLX,2021-06-26 14:40:24,Red,,Blue,,False,,,,,,,,
EUW1_5339662633,OE and Leaguepedia winners differ,exclude,,the two sources contradict each other,MOUCHE GAMING,Rocket Core Esports,OTBLX,2021-06-26 14:40:24,Red,,Blue,,False,,,,,,,,
7798-10733,OE and Leaguepedia winners differ,exclude,,the two sources contradict each other,FunPlus Phoenix Blaze,Kaisa Gaming,LDL,2021-07-07 09:11:12,Blue,Red,Red,,True,,,,,,,,
ESPORTSTMNT01/1896787,team rows from another game,keep_ignore_team_bans,Blue,"Leaguepedia, OE result and statistics agree; teams on the same sides",Impunity,BOOM Esports,PCS,2021-03-12 11:46:55,Blue,Blue,Blue,,True,,,,,,,,oe:team:215b3bc4217842708191cc9be161132
ESPORTSTMNT01_3316930,team rows from another game,keep_ignore_team_bans,Red,"Leaguepedia, OE result and statistics agree; teams on the same sides",The Kings Moon,Zylant Esports,DDH,2023-02-19 02:07:47,Red,Red,Red,,True,,,,,,,,oe:team:479dc9903b6f233af09b0227170a0cc
ESPORTSTMNT01_3391265,team rows from another game,keep_ignore_team_bans,Red,"Leaguepedia, OE result and statistics agree; teams on the same sides",Cyber Wolves,Partizan Esports,EBL,2023-06-29 19:26:24,Red,Red,Red,,True,,,,,,,,oe:team:e42ade212c09777da0f54bffe481f6d
ESPORTSTMNT05_2951314,team rows from another game,keep_ignore_team_bans,Blue,"Leaguepedia, OE result and statistics agree; teams on the same sides",Joblife,Team MCES,LFL2,2022-07-12 18:36:48,Blue,Blue,Blue,,True,,,,,,,,oe:team:7380b73561abdd86c2391e9481acd4b
LOLTMNT01_273464,team rows from another game,exclude,,result not confirmed by two independent lines,Golden Lions,Farenvehn,LRS,2025-08-05 18:32:53,Blue,,,,,,,,,,,,
ESPORTSTMNT02_2240375,duplicate records naming different team pairs,drop,,"copy of ESPORTSTMNT02_2260420, whose pair Leaguepedia confirms",Lanomania,London Esports,NLC,2021-10-07 17:48:40,,,,,,,,,,,,,
ESPORTSTMNT02_2260420,duplicate records naming different team pairs,keep,,team pair confirmed by the Leaguepedia game,Lanomania,AaB Esport,NLC,2021-10-07 17:48:40,,,,,,,,,,,,,
ESPORTSTMNT03_3212760,duplicate records naming different team pairs,drop,,no record's pair confirmed,Vlaams Erfgoed,Mind Blue eSports,ESLOL,2023-10-10 19:33:47,,,,,,,,,,,,,
ESPORTSTMNT03_3212763,duplicate records naming different team pairs,drop,,no record's pair confirmed,MonKings,Mind Blue eSports,ESLOL,2023-10-10 19:33:47,,,,,,,,,,,,,
ESPORTSTMNT03_3214697,duplicate records naming different team pairs,drop,,no record's pair confirmed,Once Upon A Team,Mind Blue eSports,ESLOL,2023-10-10 19:33:47,,,,,,,,,,,,,
ESPORTSTMNT03_3214700,duplicate records naming different team pairs,drop,,no record's pair confirmed,Domme Jongens,Mind Blue eSports,ESLOL,2023-10-10 19:33:47,,,,,,,,,,,,,
ESPORTSTMNT03_3212770,duplicate records naming different team pairs,drop,,no record's pair confirmed,MonKings,Mind Blue eSports,ESLOL,2023-10-10 20:20:52,,,,,,,,,,,,,
ESPORTSTMNT03_3212773,duplicate records naming different team pairs,drop,,no record's pair confirmed,Once Upon A Team,Mind Blue eSports,ESLOL,2023-10-10 20:20:52,,,,,,,,,,,,,
ESPORTSTMNT03_3212775,duplicate records naming different team pairs,drop,,no record's pair confirmed,Vlaams Erfgoed,Mind Blue eSports,ESLOL,2023-10-10 20:20:52,,,,,,,,,,,,,
ESPORTSTMNT03_3213740,duplicate records naming different team pairs,drop,,no record's pair confirmed,24 7 Tower Dive,Mind Blue eSports,ESLOL,2023-10-10 20:20:52,,,,,,,,,,,,,
ESPORTSTMNT03_3215106,duplicate records naming different team pairs,drop,,no record's pair confirmed,Once Upon A Team,MonKings,ESLOL,2023-10-12 19:21:42,,,,,,,,,,,,,
ESPORTSTMNT03_3216087,duplicate records naming different team pairs,drop,,no record's pair confirmed,Once Upon A Team,Vlaams Erfgoed,ESLOL,2023-10-12 19:21:42,,,,,,,,,,,,,
ESPORTSTMNT03_3217058,duplicate records naming different team pairs,drop,,no record's pair confirmed,Once Upon A Team,Vlaams Erfgoed,ESLOL,2023-10-12 20:10:30,,,,,,,,,,,,,
ESPORTSTMNT03_3217059,duplicate records naming different team pairs,drop,,no record's pair confirmed,Once Upon A Team,La Menace Francophone,ESLOL,2023-10-12 20:10:30,,,,,,,,,,,,,
ESPORTSTMNT03_3217061,duplicate records naming different team pairs,drop,,no record's pair confirmed,Once Upon A Team,Vlaams Erfgoed,ESLOL,2023-10-12 20:59:07,,,,,,,,,,,,,
ESPORTSTMNT03_3217062,duplicate records naming different team pairs,drop,,no record's pair confirmed,Once Upon A Team,MonKings,ESLOL,2023-10-12 20:59:07,,,,,,,,,,,,,
ESPORTSTMNT06_2824576,duplicate records naming different team pairs,drop,,no record's pair confirmed,cram for match,YenyenChallenger Gaming,PCL,2023-09-16 09:13:42,,,,,,,,,,,,,
ESPORTSTMNT06_2826584,duplicate records naming different team pairs,drop,,no record's pair confirmed,microg esports,Godsend Esports,PCL,2023-09-16 09:13:42,,,,,,,,,,,,,
ESPORTSTMNT06_2826591,duplicate records naming different team pairs,drop,,no record's pair confirmed,Hungkuang Falcon,Alternative Gaming,PCL,2023-09-16 09:13:42,,,,,,,,,,,,,
ESPORTSTMNT06_2825532,duplicate records naming different team pairs,drop,,no record's pair confirmed,Another Day,team last,PCL,2023-09-15 09:12:33,,,,,,,,,,,,,
ESPORTSTMNT06_2825533,duplicate records naming different team pairs,drop,,no record's pair confirmed,bangbangbangb,TES,PCL,2023-09-15 09:12:33,,,,,,,,,,,,,
EUW1_5317098960,duplicate records naming different team pairs,drop,,no record's pair confirmed,Phoenix Rising,Domme Jongens,OTBLX,2021-06-13 09:53:10,,,,,,,,,,,,,
EUW1_5317339064,duplicate records naming different team pairs,drop,,no record's pair confirmed,Bastards Esports,Domme Jongens,OTBLX,2021-06-13 09:53:10,,,,,,,,,,,,,
EUW1_5317368770,duplicate records naming different team pairs,drop,,no record's pair confirmed,KV Mechelen Esports Academy,Domme Jongens,OTBLX,2021-06-13 09:53:10,,,,,,,,,,,,,
EUW1_5317588573,duplicate records naming different team pairs,drop,,no record's pair confirmed,Team THRLL Academy,Domme Jongens,OTBLX,2021-06-13 09:53:10,,,,,,,,,,,,,
EUW1_5317099576,duplicate records naming different team pairs,drop,,no record's pair confirmed,MOUCHE GAMING,Domme Jongens,OTBLX,2021-06-13 11:51:12,,,,,,,,,,,,,
EUW1_5317420001,duplicate records naming different team pairs,drop,,no record's pair confirmed,Bastards Esports,Domme Jongens,OTBLX,2021-06-13 11:51:12,,,,,,,,,,,,,
EUW1_5317218978,duplicate records naming different team pairs,drop,,no record's pair confirmed,Phoenix Rising,Domme Jongens,OTBLX,2021-06-13 10:40:45,,,,,,,,,,,,,
EUW1_5317299340,duplicate records naming different team pairs,drop,,no record's pair confirmed,PSV Esports Academy,Domme Jongens,OTBLX,2021-06-13 10:40:45,,,,,,,,,,,,,
EUW1_5317389341,duplicate records naming different team pairs,drop,,no record's pair confirmed,MOUCHE GAMING,Domme Jongens,OTBLX,2021-06-13 10:40:45,,,,,,,,,,,,,
EUW1_5317588878,duplicate records naming different team pairs,drop,,no record's pair confirmed,Dutch Community Team,Domme Jongens,OTBLX,2021-06-13 10:40:45,,,,,,,,,,,,,
EUW1_5317390162,duplicate records naming different team pairs,drop,,no record's pair confirmed,MOUCHE GAMING,Domme Jongens,OTBLX,2021-06-13 12:56:41,,,,,,,,,,,,,
EUW1_5319510485,duplicate records naming different team pairs,drop,,no record's pair confirmed,Team THRLL Academy,Domme Jongens,OTBLX,2021-06-13 12:56:41,,,,,,,,,,,,,
EUW1_5326250233,duplicate records naming different team pairs,drop,,no record's pair confirmed,Starlan Gaming Club Academy,Hyperstorm,OTBLX,2021-06-19 15:45:22,,,,,,,,,,,,,
EUW1_5326279447,duplicate records naming different team pairs,drop,,no record's pair confirmed,Starlan Gaming Club Academy,PSV Esports Academy,OTBLX,2021-06-19 15:45:22,,,,,,,,,,,,,
EUW1_5326259383,duplicate records naming different team pairs,drop,,no record's pair confirmed,MOUCHE GAMING,Bastards Esports,OTBLX,2021-06-19 13:49:55,,,,,,,,,,,,,
EUW1_5326608840,duplicate records naming different team pairs,drop,,no record's pair confirmed,Team THRLL Academy,Bastards Esports,OTBLX,2021-06-19 13:49:55,,,,,,,,,,,,,
EUW1_5326279116,duplicate records naming different team pairs,drop,,no record's pair confirmed,Starlan Gaming Club Academy,Ion Squad Academy,OTBLX,2021-06-19 14:44:07,,,,,,,,,,,,,
EUW1_5326369395,duplicate records naming different team pairs,drop,,no record's pair confirmed,Starlan Gaming Club Academy,Hyperstorm,OTBLX,2021-06-19 14:44:07,,,,,,,,,,,,,
EUW1_5326338843,duplicate records naming different team pairs,drop,,no record's pair confirmed,Tribute,Bastards Esports,OTBLX,2021-06-19 13:05:53,,,,,,,,,,,,,
EUW1_5326549184,duplicate records naming different team pairs,drop,,no record's pair confirmed,Dynasty Academy,Bastards Esports,OTBLX,2021-06-19 13:05:53,,,,,,,,,,,,,
EUW1_5339442734,duplicate records naming different team pairs,drop,,"copy of EUW1_5339502685, whose pair Leaguepedia confirms",mCon esports Academy,PSV Esports Academy,OTBLX,2021-06-26 14:40:24,,,,,,,,,,,,,
EUW1_5339482359,duplicate records naming different team pairs,drop,,"copy of EUW1_5339502685, whose pair Leaguepedia confirms",mCon esports Academy,Bastards Esports,OTBLX,2021-06-26 14:40:24,,,,,,,,,,,,,
EUW1_5339502685,duplicate records naming different team pairs,keep,,team pair confirmed by the Leaguepedia game,mCon esports Academy,ZennIT,OTBLX,2021-06-26 14:40:24,,,,,,,,,,,,,
EUW1_5339941648,duplicate records naming different team pairs,drop,,"copy of EUW1_5339502685, whose pair Leaguepedia confirms",mCon esports Academy,Ion Squad Academy,OTBLX,2021-06-26 14:40:24,,,,,,,,,,,,,
EUW1_5339982106,duplicate records naming different team pairs,drop,,"copy of EUW1_5339502685, whose pair Leaguepedia confirms",mCon esports Academy,Tribute,OTBLX,2021-06-26 14:40:24,,,,,,,,,,,,,
EUW1_5339482011,duplicate records naming different team pairs,drop,,"copy of EUW1_5339512326, whose pair Leaguepedia confirms",KRC Genk Esports Talent Team,mCon esports Academy,OTBLX,2021-06-26 13:58:39,,,,,,,,,,,,,
EUW1_5339512326,duplicate records naming different team pairs,keep,,team pair confirmed by the Leaguepedia game,ZennIT,mCon esports Academy,OTBLX,2021-06-26 13:58:39,,,,,,,,,,,,,
EUW1_5339781759,duplicate records naming different team pairs,drop,,"copy of EUW1_5339512326, whose pair Leaguepedia confirms",Dutch Community Team,mCon esports Academy,OTBLX,2021-06-26 13:58:39,,,,,,,,,,,,,
EUW1_5339811768,duplicate records naming different team pairs,drop,,"copy of EUW1_5339512326, whose pair Leaguepedia confirms",PSV Esports Academy,mCon esports Academy,OTBLX,2021-06-26 13:58:39,,,,,,,,,,,,,
EUW1_5339941333,duplicate records naming different team pairs,drop,,"copy of EUW1_5339512326, whose pair Leaguepedia confirms",Dynasty Academy,mCon esports Academy,OTBLX,2021-06-26 13:58:39,,,,,,,,,,,,,
EUW1_5339981531,duplicate records naming different team pairs,drop,,"copy of EUW1_5339512326, whose pair Leaguepedia confirms",Tribute,mCon esports Academy,OTBLX,2021-06-26 13:58:39,,,,,,,,,,,,,
2448-2263,statistics copied from another game,keep,Red,Leaguepedia records the same winner,Oh My God Academy,Game Talents,LSPL,2017-06-09 07:15:05,Red,,Red,,True,,,,,,,,oe:team:a0995be66c38dc996c6fd94bd9db9c3
4950-6195,statistics copied from another game,keep,Blue,Leaguepedia records the same winner,Team WE Academy,Legend Esport Gaming,LDL,2019-06-21 12:13:22,Blue,,Blue,,True,,,,,,,,oe:team:85bf857a01b615a257739e34d9f0720
4950-6196,statistics copied from another game,keep,Blue,Leaguepedia records the same winner,Legend Esport Gaming,Team WE Academy,LDL,2019-06-21 12:13:22,Blue,,Blue,,True,,,,,,,,oe:team:587ebdbf24034c9cf825a6e731ad058
5422-6850,statistics copied from another game,keep,Red,Leaguepedia records the same winner,Oh My God,Top Esports,LPL,2019-08-16 11:19:23,Red,,Red,,True,,,,,,,,oe:team:fcec508e780bbd1ad493852640f5b36
EUW1_5339502685,statistics copied from another game,keep,Red,Leaguepedia records the same winner,mCon esports Academy,ZennIT,OTBLX,2021-06-26 14:40:24,Red,,Red,,True,,,,,,,,oe:team:79fc65ce199f2e4fe97e277bdef6695
EUW1_5339512326,statistics copied from another game,keep,Blue,Leaguepedia records the same winner,ZennIT,mCon esports Academy,OTBLX,2021-06-26 13:58:39,Blue,,Blue,,True,,,,,,,,oe:team:79fc65ce199f2e4fe97e277bdef6695
NA1/3478821213,team label,keep,,"0 of the players in the regular roster of Leaguepedia's team (ANEW Esports), 5 in the recorded team's",100 Thieves Next,Radiance,UPL,2020-06-30 23:39:16,,,,,,,,,Blue,oe:team:a3e5d7937cfb8a6d810b5d18d0b1fe7,,,
NA1/3478821213,team label,keep,,"0 of the players in the regular roster of Leaguepedia's team (Maryville University), 5 in the recorded team's",100 Thieves Next,Radiance,UPL,2020-06-30 23:39:16,,,,,,,,,Red,oe:team:955d9ba35580bdcc7bed3f11736b0f7,,,
ESPORTSTMNT02_2260368,team label,keep,,"0 of the players in the regular roster of Leaguepedia's team (mYinsanity), 0 in the recorded team's",,404 Multigaming e.V.,PRM,2021-10-06 16:57:14,,,,,,,,,Blue,,,,
ESPORTSTMNT02_2260516,team label,keep,,"0 of the players in the regular roster of Leaguepedia's team (mYinsanity), 0 in the recorded team's",,Sprout,PRM,2021-10-08 18:50:16,,,,,,,,,Blue,,,,
ESPORTSTMNT02_2260746,team label,keep,,"0 of the players in the regular roster of Leaguepedia's team (mYinsanity), 0 in the recorded team's",Flayn eSports,,PRM,2021-10-11 17:33:37,,,,,,,,,Red,,,,
ESPORTSTMNT02_2280091,team label,keep,,"0 of the players in the regular roster of Leaguepedia's team (mYinsanity), 0 in the recorded team's",TT willhaben,,PRM,2021-10-15 16:45:49,,,,,,,,,Red,,,,
ESPORTSTMNT03_2290251,team label,keep,,"0 of the players in the regular roster of Leaguepedia's team (mYinsanity), 0 in the recorded team's",Austrian Force willhaben,,PRM,2021-10-18 18:35:51,,,,,,,,,Red,,,,
ESPORTSTMNT03_2290428,team label,keep,,"0 of the players in the regular roster of Leaguepedia's team (mYinsanity), 0 in the recorded team's",TeamOrangeGaming,,PRM,2021-10-20 15:45:46,,,,,,,,,Red,,,,
ESPORTSTMNT03_2290611,team label,keep,,"0 of the players in the regular roster of Leaguepedia's team (mYinsanity), 0 in the recorded team's",No Need Orga,,PRM,2021-10-22 15:41:07,,,,,,,,,Red,,,,
ESPORTSTMNT03_2270914,team label,keep,,"0 of the players in the regular roster of Leaguepedia's team (mYinsanity), 0 in the recorded team's",,Eintracht Frankfurt,PRM,2021-10-25 17:43:10,,,,,,,,,Blue,,,,
ESPORTSTMNT03_2271106,team label,keep,,"0 of the players in the regular roster of Leaguepedia's team (mYinsanity), 0 in the recorded team's",,,PRM,2021-10-27 19:31:06,,,,,,,,,Blue,,,,
ESPORTSTMNT03_2291136,team label,keep,,"0 of the players in the regular roster of Leaguepedia's team (mYinsanity), 0 in the recorded team's",404 Multigaming e.V.,,PRM,2021-10-29 16:30:47,,,,,,,,,Red,,,,
ESPORTSTMNT01_2706703,team label,relabel,,"5 of the players in the regular roster of Leaguepedia's team (Meta Gaming), 0 in the recorded team's",Newstar,Master Girl,LHE,2022-01-24 23:08:15,,,,,,,,,Red,oe:team:bea97eb104070ed8d6448e6faece132,oe:team:541d18c9fef51d35e84731aeff4fc70,Meta Gaming,
NA1_4315197950,team label,relabel,,"5 of the players in the regular roster of Leaguepedia's team (Wulf Pack Esports), 0 in the recorded team's",Taco Gaming,Wulf Pack Cascade,PGC,2022-05-23 22:14:20,,,,,,,,,Red,oe:team:e95881e704b8d441f8bd5413fe97e10,oe:team:c3c53a2526d32e8ccd259465e37f1a0,Wulf Pack Esports,
ESPORTSTMNT03_2797268,team label,keep,,"5 of the players in the regular roster of Leaguepedia's team (IKISEQ Gaming), 5 in the recorded team's",Team Sampi,IKISEQ,HC,2022-06-26 14:16:08,,,,,,,,,Red,oe:team:b30ea1fcb1eafc1cf974fcc3988ae78,,,
ESPORTSTMNT03_2797485,team label,keep,,"5 of the players in the regular roster of Leaguepedia's team (IKISEQ Gaming), 5 in the recorded team's",ERKO Esports,IKISEQ,HC,2022-06-26 18:24:10,,,,,,,,,Red,oe:team:b30ea1fcb1eafc1cf974fcc3988ae78,,,
ESPORTSTMNT01_3170314,team label,keep,,"0 of the players in the regular roster of Leaguepedia's team (Hurricane of Feathers), 0 in the recorded team's",Hurricanes of Feathers EVO,Cidade Curiosa Esports,LPLOL,2022-10-24 18:56:02,,,,,,,,,Blue,,,,
ESPORTSTMNT01_3161195,team label,keep,,"0 of the players in the regular roster of Leaguepedia's team (Hurricane of Feathers), 0 in the recorded team's",ZeroZone Gaming,Hurricanes of Feathers EVO,LPLOL,2022-10-28 19:44:21,,,,,,,,,Red,,,,
ESPORTSTMNT02_3214746,team label,relabel,,"5 of the players in the regular roster of Leaguepedia's team (West Point Esports), 0 in the recorded team's",Deep Cross Gaming,WP Gaming,PCS,2023-06-30 10:09:25,,,,,,,,,Red,oe:team:2a20f01b9c2fec8d3b781133e2bb7b2,oe:team:0092987a7da75e9fd0cbf8110d10b76,West Point Esports,
ESPORTSTMNT05_3244404,team label,relabel,,"3 of the players in the regular roster of Leaguepedia's team (Team BDS Academy), 0 in the recorded team's",Team BDS,GameWard,CDF,2023-09-28 13:44:58,,,,,,,,,Blue,oe:team:7338408a0fe0217451d2c9a567db999,oe:team:9adc852fe2e027c5e4abd53ae8915ff,Team BDS Academy,
ESPORTSTMNT05_3242402,team label,relabel,,"3 of the players in the regular roster of Leaguepedia's team (Team BDS Academy), 0 in the recorded team's",GameWard,Team BDS,CDF,2023-09-28 14:24:21,,,,,,,,,Red,oe:team:7338408a0fe0217451d2c9a567db999,oe:team:9adc852fe2e027c5e4abd53ae8915ff,Team BDS Academy,
2562-2748,"duplicate: 2 records of one game (identical player rows, or the same draft, game length and player statistics); team-row picks agree with player rows",drop,,copy of 2562-2746,,,LSPL,2017-08-11 09:33:29,,,,,,,,,,,,,
2897-3152,"duplicate: 2 records of one game (identical player rows, or the same draft, game length and player statistics); team-row picks agree with player rows",drop,,copy of 2897-3151,,,DCup,2018-01-07 06:13:20,,,,,,,,,,,,,
3320-4209,"duplicate: 2 records of one game (identical player rows, or the same draft, game length and player statistics); team-row picks agree with player rows",drop,,copy of 3320-4207,,,LDL,2018-04-23 11:59:30,,,,,,,,,,,,,
3327-4230,"duplicate: 2 records of one game (identical player rows, or the same draft, game length and player statistics); team-row picks agree with player rows",drop,,copy of 3327-4223,,,LDL,2018-04-27 06:35:10,,,,,,,,,,,,,
3528-4341,"duplicate: 2 records of one game (identical player rows, or the same draft, game length and player statistics); team-row picks agree with player rows",drop,,copy of 3528-4340,,,DCup,2018-06-01 08:52:32,,,,,,,,,,,,,
ESPORTSTMNT01/1882184,"duplicate: 2 records of one game (identical player rows, or the same draft, game length and player statistics); team-row picks disagree with player rows",drop,,copy of ESPORTSTMNT01/1881617,,,PGN,2021-03-01 18:39:22,,,,,,,,,,,,,
ESPORTSTMNT01/1882758,"duplicate: 2 records of one game (identical player rows, or the same draft, game length and player statistics); team-row picks disagree with player rows",drop,,copy of ESPORTSTMNT01/1881636,,,PGN,2021-03-01 19:42:11,,,,,,,,,,,,,
ESPORTSTMNT01/1882804,"duplicate: 2 records of one game (identical player rows, or the same draft, game length and player statistics); team-row picks disagree with player rows",drop,,copy of ESPORTSTMNT01/1882880,,,PGN,2021-03-03 20:05:51,,,,,,,,,,,,,
ESPORTSTMNT01/1896735,"duplicate: 2 records of one game (identical player rows, or the same draft, game length and player statistics); team-row picks disagree with player rows",drop,,copy of ESPORTSTMNT01/1896782,,,PCS,2021-03-12 10:07:12,,,,,,,,,,,,,
ESPORTSTMNT01/1896807,"duplicate: 2 records of one game (identical player rows, or the same draft, game length and player statistics); team-row picks disagree with player rows",drop,,copy of ESPORTSTMNT01/1896817,,,PCS,2021-03-12 13:05:19,,,,,,,,,,,,,
ESPORTSTMNT01_3311780,"duplicate: 2 records of one game (identical player rows, or the same draft, game length and player statistics); team-row picks agree with player rows",drop,,copy of ESPORTSTMNT01_3311682,,,NACL,2023-02-11 21:34:14,,,,,,,,,,,,,
ESPORTSTMNT01_3318032,"duplicate: 2 records of one game (identical player rows, or the same draft, game length and player statistics); team-row picks disagree with player rows",drop,,copy of ESPORTSTMNT01_3316937,,,DDH,2023-02-19 03:02:31,,,,,,,,,,,,,
ESPORTSTMNT01_3353082,"duplicate: 2 records of one game (identical player rows, or the same draft, game length and player statistics); team-row picks agree with player rows",drop,,copy of ESPORTSTMNT01_3352107,,,LAS,2023-05-07 06:55:35,,,,,,,,,,,,,
ESPORTSTMNT01_3387089,"duplicate: 2 records of one game (identical player rows, or the same draft, game length and player statistics); team-row picks agree with player rows",drop,,copy of ESPORTSTMNT01_3386154,,,LJLA,2023-06-22 11:08:24,,,,,,,,,,,,,
ESPORTSTMNT02_3049489,"duplicate: 2 records of one game (identical player rows, or the same draft, game length and player statistics); team-row picks agree with player rows",drop,,copy of ESPORTSTMNT02_3049466,,,LAS,2022-10-30 04:23:22,,,,,,,,,,,,,
ESPORTSTMNT02_3059770,"duplicate: 2 records of one game (identical player rows, or the same draft, game length and player statistics); team-row picks agree with player rows",drop,,copy of ESPORTSTMNT02_3049490,,,LAS,2022-10-30 04:23:32,,,,,,,,,,,,,
ESPORTSTMNT02_3059716,"duplicate: 2 records of one game (identical player rows, or the same draft, game length and player statistics); team-row picks agree with player rows",drop,,copy of ESPORTSTMNT02_3059714,,,LAS,2022-10-29 06:29:21,,,,,,,,,,,,,
ESPORTSTMNT03/1443049,"duplicate: 2 records of one game (identical player rows, or the same draft, game length and player statistics); team-row picks disagree with player rows",drop,,copy of ESPORTSTMNT03/1443050,,,LFL,2020-08-31 19:45:30,,,,,,,,,,,,,
ESPORTSTMNT03/1673878,"duplicate: 2 records of one game (identical player rows, or the same draft, game length and player statistics); team-row picks disagree with player rows",drop,,copy of ESPORTSTMNT03/1673893,,,GLL,2021-01-26 19:01:04,,,,,,,,,,,,,
ESPORTSTMNT03/1767461,"duplicate: 2 records of one game (identical player rows, or the same draft, game length and player statistics); team-row picks disagree with player rows",drop,,copy of ESPORTSTMNT03/1767493,,,LJL,2021-02-27 10:12:25,,,,,,,,,,,,,
ESPORTSTMNT03/1852508,"duplicate: 2 records of one game (identical player rows, or the same draft, game length and player statistics); team-row picks disagree with player rows",drop,,copy of ESPORTSTMNT03/1862382,,,PGN,2021-05-13 18:09:12,,,,,,,,,,,,,
ESPORTSTMNT03_2704466,"duplicate: 2 records of one game (identical player rows, or the same draft, game length and player statistics); team-row picks agree with player rows",drop,,copy of ESPORTSTMNT03_2704465,,,NEXO,2022-05-22 15:54:50,,,,,,,,,,,,,
ESPORTSTMNT03_3223197,"duplicate: 2 records of one game (identical player rows, or the same draft, game length and player statistics); team-row picks agree with player rows",drop,,copy of ESPORTSTMNT03_3222210,,,LAS,2023-10-28 06:53:51,,,,,,,,,,,,,
ESPORTSTMNT03_3223325,"duplicate: 3 records of one game (identical player rows, or the same draft, game length and player statistics); team-row picks agree with player rows",drop,,copy of ESPORTSTMNT03_3223302,,,LAS,2023-10-29 05:03:28,,,,,,,,,,,,,
ESPORTSTMNT03_3224283,"duplicate: 3 records of one game (identical player rows, or the same draft, game length and player statistics); team-row picks agree with player rows",drop,,copy of ESPORTSTMNT03_3223302,,,LAS,2023-10-29 05:03:28,,,,,,,,,,,,,
ESPORTSTMNT05_3220129,"duplicate: 2 records of one game (identical player rows, or the same draft, game length and player statistics); team-row picks disagree with player rows",drop,,copy of ESPORTSTMNT05_3221127,,,EM,2023-04-05 19:23:12,,,,,,,,,,,,,
ESPORTSTMNT05_3222197,"duplicate: 2 records of one game (identical player rows, or the same draft, game length and player statistics); team-row picks disagree with player rows",drop,,copy of ESPORTSTMNT05_3221191,,,EM,2023-04-07 15:01:38,,,,,,,,,,,,,
ESPORTSTMNT06_2570150,"duplicate: 2 records of one game (identical player rows, or the same draft, game length and player statistics); team-row picks disagree with player rows",drop,,copy of ESPORTSTMNT06_2570176,,,ESLOL,2022-09-03 11:43:56,,,,,,,,,,,,,
ESPORTSTMNT06_2570165,"duplicate: 2 records of one game (identical player rows, or the same draft, game length and player statistics); team-row picks disagree with player rows",drop,,copy of ESPORTSTMNT06_2570194,,,ESLOL,2022-09-03 12:45:17,,,,,,,,,,,,,
ESPORTSTMNT06_2570322,"duplicate: 2 records of one game (identical player rows, or the same draft, game length and player statistics); team-row picks disagree with player rows",drop,,copy of ESPORTSTMNT06_2570319,,,ESLOL,2022-09-10 09:30:13,,,,,,,,,,,,,
ESPORTSTMNT06_2570325,"duplicate: 2 records of one game (identical player rows, or the same draft, game length and player statistics); team-row picks disagree with player rows",drop,,copy of ESPORTSTMNT06_2570324,,,ESLOL,2022-09-10 10:34:21,,,,,,,,,,,,,
EUW1_5317373413,"duplicate: 2 records of one game (identical player rows, or the same draft, game length and player statistics); team-row picks agree with player rows",drop,,copy of EUW1_5317095075,,,OTBLX,2021-06-12 13:12:58,,,,,,,,,,,,,
EUW1_5317395311,"duplicate: 2 records of one game (identical player rows, or the same draft, game length and player statistics); team-row picks agree with player rows",drop,,copy of EUW1_5317373792,,,OTBLX,2021-06-12 14:00:19,,,,,,,,,,,,,
LOLTMNT03_54766,"duplicate: 2 records of one game (identical player rows, or the same draft, game length and player statistics); team-row picks disagree with player rows",drop,,copy of LOLTMNT03_54771,,,LIT,2024-03-15 20:54:13,,,,,,,,,,,,,
NA1/3768367261,"duplicate: 2 records of one game (identical player rows, or the same draft, game length and player statistics); team-row picks agree with player rows",drop,,copy of NA1/3768098083,,,BIG,2021-02-02 00:56:05,,,,,,,,,,,,,
NA1/3768347084,"duplicate: 2 records of one game (identical player rows, or the same draft, game length and player statistics); team-row picks agree with player rows",drop,,copy of NA1/3768297528,,,BIG,2021-02-02 00:50:43,,,,,,,,,,,,,
NA1/3768507446,"duplicate: 2 records of one game (identical player rows, or the same draft, game length and player statistics); team-row picks agree with player rows",drop,,copy of NA1/3768347505,,,BIG,2021-02-02 01:57:56,,,,,,,,,,,,,
NA1_4340569388,"duplicate: 2 records of one game (identical player rows, or the same draft, game length and player statistics); team-row picks agree with player rows",drop,,copy of NA1_4337511231,,,UPL,2022-06-11 00:27:36,,,,,,,,,,,,,
NA1_4343719876,"duplicate: 2 records of one game (identical player rows, or the same draft, game length and player statistics); team-row picks agree with player rows",drop,,copy of NA1_4337511486,,,UPL,2022-06-11 01:23:13,,,,,,,,,,,,,
NA1_4346967146,"duplicate: 2 records of one game (identical player rows, or the same draft, game length and player statistics); team-row picks agree with player rows",drop,,copy of NA1_4340386972,,,UPL,2022-06-15 01:18:00,,,,,,,,,,,,,
NA1_4347246168,"duplicate: 2 records of one game (identical player rows, or the same draft, game length and player statistics); team-row picks agree with player rows",drop,,copy of NA1_4340546469,,,UPL,2022-06-15 00:21:00,,,,,,,,,,,,,
ESPORTSTMNT01_2830058,mixed: player rows repeat ESPORTSTMNT01_2830067 of the same day; team rows belong to another game,drop,,copy of ESPORTSTMNT01_2830067,,,VCS,2022-03-25 09:44:22,,,,,,,,,,,,,
ESPORTSTMNT03_2654056,mixed: player rows repeat ESPORTSTMNT03_2654042 of the same day; team rows belong to another game,drop,,copy of ESPORTSTMNT03_2654042,,,LCO,2022-03-28 08:40:37,,,,,,,,,,,,,
ESPORTSTMNT05_2942543,mixed: player rows repeat ESPORTSTMNT05_2942528 of the same day; team rows belong to another game,drop,,copy of ESPORTSTMNT05_2942528,,,TCL,2022-07-16 14:37:38,,,,,,,,,,,,,
