teamid,team,lineage_id,confidence,evidence,source_urls,rule
oe:team:3354e252e33ed55fd8fa14595ca1564,SK Telecom T1,T1,high,"Leaguepedia timeline records 'SK Telecom T1 rebrands as T1' on 2019-12-08 (organisation rebrand announced 2019-02-25; same roster and LCK slot continued), and the T1 page says the team was previously known as SK Telecom T1.",https://lol.fandom.com/wiki/SK_Telecom_T1;https://lol.fandom.com/wiki/T1,Leaguepedia rename or whole-team acquisition (roster and slot) record; checked 2026-09-29
oe:team:ce499dea30cfce118f4fe85da0227e8,T1,T1,high,"Continuation of SK Telecom T1 under the new brand ('SK Telecom T1 rebrands as T1', 2019-12-08).",https://lol.fandom.com/wiki/T1;https://lol.fandom.com/wiki/SK_Telecom_T1,Leaguepedia rename or whole-team acquisition (roster and slot) record; checked 2026-09-29
oe:team:3b84bb916852d07609c83d1ce91c1a9,Samsung Galaxy,GENG,high,"Leaguepedia records 'KSV eSports acquires Samsung Galaxy and their LCK 2018 Spring slot' (2017-11-30; the full world-champion roster and coaches moved and the Samsung page is marked 'Roster has joined a new organization'), followed by 'KSV eSports rebrands as Gen.G' (2018-05-03).",https://lol.fandom.com/wiki/Samsung_Galaxy;https://lol.fandom.com/wiki/KSV_eSports;https://lol.fandom.com/wiki/Gen.G,Leaguepedia rename or whole-team acquisition (roster and slot) record; checked 2026-09-29
oe:team:50f58982d91a36557ec8aec52ab014f,Gen.G,GENG,high,"The Gen.G page says it was previously known as KSV eSports, which acquired Samsung Galaxy's roster and LCK slot on 2017-11-30 and rebranded as Gen.G on 2018-05-03.",https://lol.fandom.com/wiki/Gen.G;https://lol.fandom.com/wiki/KSV_eSports;https://lol.fandom.com/wiki/Samsung_Galaxy,Leaguepedia rename or whole-team acquisition (roster and slot) record; checked 2026-09-29
oe:team:fbf53cf218dfaa8c2b2a864d13d2206,Longzhu Gaming,DRX,high,"Leaguepedia records 'Longzhu Gaming rebrands as Kingzone DragonX' (2018-01-07; the team was sold to Kingzone and its roster Khan/Cuzz/Peanut/Bdd/PraY/GorillA carried over), then 'Kingzone DragonX rebrands as DragonX' (2019-10-09) and 'DragonX renames to DRX' (2020-06-07).",https://lol.fandom.com/wiki/Longzhu_Gaming;https://lol.fandom.com/wiki/Kingzone_DragonX;https://lol.fandom.com/wiki/Kiwoom_DRX,Leaguepedia rename or whole-team acquisition (roster and slot) record; checked 2026-09-29
oe:team:1d0389df0c5eea93b04122ba167c010,Kiwoom DRX,DRX,high,"The DRX page (now titled Kiwoom DRX after a 2026-03-19 rename, so the Oracle's Elixir label is later than the Worlds 2020/2022 name 'DRX') says the team was previously known as Kingzone DragonX and DragonX, the Longzhu Gaming successor.",https://lol.fandom.com/wiki/Kiwoom_DRX;https://lol.fandom.com/wiki/Kingzone_DragonX;https://lol.fandom.com/wiki/Longzhu_Gaming,Leaguepedia rename or whole-team acquisition (roster and slot) record; checked 2026-09-29
oe:team:93c730021ff69abdfccc4911a2f666f,ROX Tigers,HLE,high,"Leaguepedia's timeline records 'ROX Tigers rebrands as Hanwha Life' (2018-04-15), and the HLE page says Hanwha Life acquired the roster and LCK slot from ROX Tigers (ROX page marked 'Roster has joined a new organization'; the 2016 Worlds roster itself had already left by 2017).",https://lol.fandom.com/wiki/ROX_Tigers;https://lol.fandom.com/wiki/Hanwha_Life_Esports,Leaguepedia rename or whole-team acquisition (roster and slot) record; checked 2026-09-29
oe:team:3a1d18f46bcb3716ebcfcf4ef068934,Hanwha Life Esports,HLE,high,"Successor of ROX Tigers per Leaguepedia ('ROX Tigers rebrands as Hanwha Life', 2018-04-15; roster and LCK slot acquired).",https://lol.fandom.com/wiki/Hanwha_Life_Esports;https://lol.fandom.com/wiki/ROX_Tigers,Leaguepedia rename or whole-team acquisition (roster and slot) record; checked 2026-09-29
oe:team:8d47748b0e2a0ac34c90891889805a8,Suning,WBG,high,"Leaguepedia records 'Suning rebrands as Weibo Gaming' (2021-11-21), with player contracts (e.g. SofM, Angel, huanfeng) transferred to Weibo Gaming in the GCD.",https://lol.fandom.com/wiki/Suning;https://lol.fandom.com/wiki/Weibo_Gaming,Leaguepedia rename or whole-team acquisition (roster and slot) record; checked 2026-09-29
oe:team:606c6ac695907af3823ee6405c58ff1,Weibo Gaming,WBG,high,Weibo Gaming's page begins with 'Suning rebrands as Weibo Gaming' (2021-11-21) and the same LPL team continued.,https://lol.fandom.com/wiki/Weibo_Gaming;https://lol.fandom.com/wiki/Suning,Leaguepedia rename or whole-team acquisition (roster and slot) record; checked 2026-09-29
oe:team:2f758c15b9c1781b2d4032011ae1628,I May,BLG,medium,"Leaguepedia records 'Bilibili Gaming acquires I May and their LPL 2018 Spring slot' (2017-12-17; the roster and coaches moved, I May is marked 'Roster has joined a new organization', and its page says the team 'rebranded to Bilibili Gaming'), the same record type as Samsung Galaxy to KSV.",https://lol.fandom.com/wiki/I_May;https://lol.fandom.com/wiki/Bilibili_Gaming,Leaguepedia rename or whole-team acquisition (roster and slot) record; checked 2026-09-29
oe:team:d356a144644879dabb5f34cd99c886d,Bilibili Gaming,BLG,medium,Bilibili Gaming's page starts with its 2017-12-17 acquisition of I May together with I May's LPL slot and roster.,https://lol.fandom.com/wiki/Bilibili_Gaming;https://lol.fandom.com/wiki/I_May,Leaguepedia rename or whole-team acquisition (roster and slot) record; checked 2026-09-29
oe:team:3413ca4510110b5181f3e4b24d52719,Splyce,MKOI,high,"Leaguepedia records 'Splyce rebrands as MAD Lions' (2019-11-29; parent company OverActive Media kept the LEC slot; most of the roster was replaced, Humanoid remained), and the MAD Lions KOI page says it was previously known as MAD Lions and Splyce.",https://lol.fandom.com/wiki/Splyce;https://lol.fandom.com/wiki/MAD_Lions_KOI;https://overactive-media-group.prezly.com/mad-lions-enter-league-of-legends-european-championships,Leaguepedia rename or whole-team acquisition (roster and slot) record; checked 2026-09-29
oe:team:6a0084dacefb228be863fbb64cefe11,MAD Lions KOI,MKOI,high,"This is the same Leaguepedia page as MAD Lions, which records 'MAD Lions renames to MAD Lions KOI' (2024-01-04); Oracle's Elixir uses the 2024 name for the 2020-2023 MAD Lions seasons as well.",https://lol.fandom.com/wiki/MAD_Lions_KOI;https://lol.fandom.com/wiki/Splyce,Leaguepedia rename or whole-team acquisition (roster and slot) record; checked 2026-09-29
oe:team:4acc40654379b4da680be1bd3129dfa,Movistar KOI,MKOI,high,"Leaguepedia records 'MAD Lions KOI rebrands as Movistar KOI' (2024-12-06); the Movistar KOI page also absorbs the Movistar Riders/KOI organisation history, but the LEC team continues MAD Lions KOI.",https://lol.fandom.com/wiki/Movistar_KOI;https://lol.fandom.com/wiki/MAD_Lions_KOI,Leaguepedia rename or whole-team acquisition (roster and slot) record; checked 2026-09-29
oe:team:cbfaf0ca2181f0903d2fcceb6c28f3b,Counter Logic Gaming,NRG,medium,"Leaguepedia records 'NRG acquires CLG and their LCS 2023 Summer slot' (2023-04-06; CLG's LCS infrastructure, roster (Dhokla/Contractz/Palafox/Luger/Poome) and staff moved to NRG, and the CLG page is marked 'Roster has joined a new organization'), the same record type as Samsung Galaxy to KSV, but NRG's own page continues an older NRG organisation page.",https://lol.fandom.com/wiki/Counter_Logic_Gaming;https://lol.fandom.com/wiki/NRG,Leaguepedia rename or whole-team acquisition (roster and slot) record; checked 2026-09-29
oe:team:e758ebe9a5a2cc81b9c8078479c2d87,NRG,NRG,medium,"NRG's 2023 LCS team is the acquired CLG team and slot ('NRG acquires CLG and their LCS 2023 Summer slot', 2023-04-06; 'CLG's LCS infrastructure transfers to NRG').",https://lol.fandom.com/wiki/NRG;https://lol.fandom.com/wiki/Counter_Logic_Gaming,Leaguepedia rename or whole-team acquisition (roster and slot) record; checked 2026-09-29
oe:team:d996d27c1737a1f7494fc09d6911339,Lyon Gaming,R7,high,"Leaguepedia (Lyon Gaming, 2013 Latin American team) records that 'Lyon Gaming is forced to change their name and logo and renames to Rainbow7' (2017-12-05, a brand-rights dispute; the Worlds 2017 roster Jirall/Oddie/Seiya/WhiteLotus/Genthix stayed), then 'Rainbow7 rebrands as Movistar R7' (2022-10-04); this is not the re-founded 2017 LAN 'Lyon Gaming' or the 2024 'LYON'.",https://lol.fandom.com/wiki/Lyon_Gaming_(2013_Latin_American_Team);https://lol.fandom.com/wiki/Movistar_R7,Leaguepedia rename or whole-team acquisition (roster and slot) record; checked 2026-09-29
oe:team:2cb996a4b0ffaca3bcf66fe91450243,Movistar R7,R7,high,"The Movistar R7 page says the team was previously known as Rainbow7, the forced 2017-12-05 rename of Lyon Gaming; Oracle's Elixir's label also covers the 2020 Rainbow7 season.",https://lol.fandom.com/wiki/Movistar_R7;https://lol.fandom.com/wiki/Lyon_Gaming_(2013_Latin_American_Team),Leaguepedia rename or whole-team acquisition (roster and slot) record; checked 2026-09-29
oe:team:6c951ee7222ac9acd244aa88c9e8330,Young Generation,VN_BUFFALO_VIKINGS,high,"Leaguepedia records 'Young Generation rebrands as Phong Vũ Buffalo' (2018-05-18, after a sponsorship from Phong Vũ Computer), and the Phong Vũ Buffalo page says it was previously known as Young Generation.",https://lol.fandom.com/wiki/Young_Generation;https://lol.fandom.com/wiki/Phong_V%C5%A9_Buffalo,Leaguepedia rename or whole-team acquisition (roster and slot) record; checked 2026-09-29
oe:team:b24f151e143d152c7cf8be9f13ec015,Phong Vũ Buffalo,VN_BUFFALO_VIKINGS,high,Leaguepedia records 'Phong Vũ Buffalo renames to Dashing Buffalo' (2019-05-31) and 'Dashing Buffalo renames to Saigon Buffalo' (2020-05-25); the Saigon Buffalo page says it was previously known as Dashing Buffalo and Phong Vũ Buffalo 'for sponsorship reasons'.,https://lol.fandom.com/wiki/Phong_V%C5%A9_Buffalo;https://lol.fandom.com/wiki/Saigon_Buffalo,Leaguepedia rename or whole-team acquisition (roster and slot) record; checked 2026-09-29
oe:team:8e27b674a472ab529e758f13f0bace0,Saigon Buffalo,VN_BUFFALO_VIKINGS,high,"Leaguepedia records 'CNJ Esports acquires Saigon Buffalo' (2022-11-30, name kept) and then 'Saigon Buffalo renames to Vikings Esports' (2023-11-25).",https://lol.fandom.com/wiki/Saigon_Buffalo;https://lol.fandom.com/wiki/MGN_Vikings_Esports,Leaguepedia rename or whole-team acquisition (roster and slot) record; checked 2026-09-29
oe:team:fe099196385a285d6d6edde504dc1f6,MGN Vikings Esports,VN_BUFFALO_VIKINGS,high,"The team played Worlds 2024 as Vikings Esports, the renamed Saigon Buffalo (2023-11-25; the page says it 'was acquired from the team they previously sponsored from 2022, Saigon Buffalo'), and became MGN Vikings Esports on 2024-12-05; it is unrelated to the other Vietnamese 'Vikings Gaming' (2020) and 'Vikings Esports (2023 Vietnamese Team)' pages.",https://lol.fandom.com/wiki/MGN_Vikings_Esports;https://lol.fandom.com/wiki/Saigon_Buffalo,Leaguepedia rename or whole-team acquisition (roster and slot) record; checked 2026-09-29
