year,region,league,team,teamid,source
2016,LCK,LCK,ROX Tigers,oe:team:93c730021ff69abdfccc4911a2f666f,Oracle's Elixir: winner of the last domestic playoff series before Worlds (3-2)
2016,LCS,NA LCS,TSM,oe:team:a22510a4756fa424cb0771b13261139,Oracle's Elixir: winner of the last domestic playoff series before Worlds (3-1)
2016,LEC,EU LCS,G2 Esports,oe:team:7d6673d3a9d00363c6bebc1a630da6e,Oracle's Elixir: winner of the last domestic playoff series before Worlds (3-1)
2016,LPL,LPL,EDward Gaming,oe:team:056c3140a119e44a03d462e2c832f27,Oracle's Elixir: winner of the last domestic playoff series before Worlds (3-0)
2017,LCK,LCK,Longzhu Gaming,oe:team:fbf53cf218dfaa8c2b2a864d13d2206,Oracle's Elixir: winner of the last domestic playoff series before Worlds (3-1)
2017,LCS,NA LCS,TSM,oe:team:a22510a4756fa424cb0771b13261139,Oracle's Elixir: winner of the last domestic playoff series before Worlds (3-1)
2017,LEC,EU LCS,G2 Esports,oe:team:7d6673d3a9d00363c6bebc1a630da6e,Oracle's Elixir: winner of the last domestic playoff series before Worlds (3-0)
2017,LPL,LPL,EDward Gaming,oe:team:056c3140a119e44a03d462e2c832f27,Leaguepedia supplement: winner of the last domestic playoff series before Worlds (3-2)
2018,LCK,LCK,KT Rolster,oe:team:d723992568441c6bafa2658129eade7,Oracle's Elixir: winner of the last domestic playoff series before Worlds (3-2)
2018,LCS,NA LCS,Team Liquid,oe:team:8eb884e168f28402ce685bedebb5250,Oracle's Elixir: winner of the last domestic playoff series before Worlds (3-0)
2018,LEC,EU LCS,Fnatic,oe:team:78f183fa5a7d8ecb22b9ad272c3abd7,Oracle's Elixir: winner of the last domestic playoff series before Worlds (3-1)
2018,LPL,LPL,Royal Never Give Up,oe:team:73f3126d91d35faa5d5ce34abadb865,Oracle's Elixir: winner of the last domestic playoff series before Worlds (3-2)
2019,LCK,LCK,SK Telecom T1,oe:team:3354e252e33ed55fd8fa14595ca1564,Oracle's Elixir: winner of the last domestic playoff series before Worlds (3-1)
2019,LCS,LCS,Team Liquid,oe:team:8eb884e168f28402ce685bedebb5250,Oracle's Elixir: winner of the last domestic playoff series before Worlds (3-2)
2019,LEC,LEC,G2 Esports,oe:team:7d6673d3a9d00363c6bebc1a630da6e,Oracle's Elixir: winner of the last domestic playoff series before Worlds (3-2)
2019,LPL,LPL,FunPlus Phoenix,oe:team:33d17f3717f58e12a3da80b377221fb,Oracle's Elixir: winner of the last domestic playoff series before Worlds (3-1)
2020,LCK,LCK,Dplus Kia,oe:team:ef69efa6acebe94107f0cf1ba716806,Oracle's Elixir: winner of the last domestic playoff series before Worlds (3-0)
2020,LCS,LCS,TSM,oe:team:a22510a4756fa424cb0771b13261139,Oracle's Elixir: winner of the last domestic playoff series before Worlds (3-2)
2020,LEC,LEC,G2 Esports,oe:team:7d6673d3a9d00363c6bebc1a630da6e,Oracle's Elixir: winner of the last domestic playoff series before Worlds (3-0)
2020,LPL,LPL,Top Esports,oe:team:fcec508e780bbd1ad493852640f5b36,Oracle's Elixir: winner of the last domestic playoff series before Worlds (3-2)
2021,LCK,LCK,Dplus Kia,oe:team:ef69efa6acebe94107f0cf1ba716806,Oracle's Elixir: winner of the last domestic playoff series before Worlds (3-1)
2021,LCS,LCS,100 Thieves,oe:team:4bd1751425ef6a9bc9d4d8e9385b4a6,Oracle's Elixir: winner of the last domestic playoff series before Worlds (3-0)
2021,LEC,LEC,MAD Lions KOI,oe:team:6a0084dacefb228be863fbb64cefe11,Oracle's Elixir: winner of the last domestic playoff series before Worlds (3-1)
2021,LPL,LPL,EDward Gaming,oe:team:056c3140a119e44a03d462e2c832f27,Oracle's Elixir: winner of the last domestic playoff series before Worlds (3-1)
2022,LCK,LCK,Gen.G,oe:team:50f58982d91a36557ec8aec52ab014f,Oracle's Elixir: winner of the last domestic playoff series before Worlds (3-0)
2022,LCS,LCS,Cloud9,oe:team:fc8e90107dabb9a35c490b0d86adea0,Oracle's Elixir: winner of the last domestic playoff series before Worlds (3-0)
2022,LEC,LEC,Rogue,oe:team:cd62e47544f14f1d239afa659b9d243,Oracle's Elixir: winner of the last domestic playoff series before Worlds (3-0)
2022,LPL,LPL,JD Gaming,oe:team:b42d0f31f2727621b963042276817c4,Oracle's Elixir: winner of the last domestic playoff series before Worlds (3-2)
2023,LCK,LCK,Gen.G,oe:team:50f58982d91a36557ec8aec52ab014f,Oracle's Elixir: winner of the last domestic playoff series before Worlds (3-0)
2023,LCS,LCS,NRG,oe:team:e758ebe9a5a2cc81b9c8078479c2d87,Oracle's Elixir: winner of the last domestic playoff series before Worlds (3-1)
2023,LEC,LEC,G2 Esports,oe:team:7d6673d3a9d00363c6bebc1a630da6e,Oracle's Elixir: winner of the last domestic playoff series before Worlds (3-1)
2023,LPL,LPL,JD Gaming,oe:team:b42d0f31f2727621b963042276817c4,Oracle's Elixir: winner of the last domestic playoff series before Worlds (3-2)
2024,LCK,LCK,Hanwha Life Esports,oe:team:3a1d18f46bcb3716ebcfcf4ef068934,Oracle's Elixir: winner of the last domestic playoff series before Worlds (3-2)
2024,LCS,LCS,FlyQuest,oe:team:2e66da41dc460dd378e3bcc57042d31,Oracle's Elixir: winner of the last domestic playoff series before Worlds (3-1)
2024,LEC,LEC,G2 Esports,oe:team:7d6673d3a9d00363c6bebc1a630da6e,Oracle's Elixir: winner of the last domestic playoff series before Worlds (3-1)
2024,LPL,LPL,Bilibili Gaming,oe:team:d356a144644879dabb5f34cd99c886d,Oracle's Elixir: winner of the last domestic playoff series before Worlds (3-0)
2025,LCK,LCK,Gen.G,oe:team:50f58982d91a36557ec8aec52ab014f,Oracle's Elixir: winner of the last domestic playoff series before Worlds (3-1)
2025,LCS,LTA,FlyQuest,oe:team:2e66da41dc460dd378e3bcc57042d31,Oracle's Elixir: winner of the last domestic playoff series before Worlds (3-1)
2025,LEC,LEC,G2 Esports,oe:team:7d6673d3a9d00363c6bebc1a630da6e,Oracle's Elixir: winner of the last domestic playoff series before Worlds (3-0)
2025,LPL,LPL,Bilibili Gaming,oe:team:d356a144644879dabb5f34cd99c886d,Oracle's Elixir: winner of the last domestic playoff series before Worlds (3-2)
