year,champion,runner_up,title_pp_intended_est,title_pp_intended_lo,title_pp_intended_hi,title_pp_walkback_est,title_pp_walkback_lo,title_pp_walkback_hi,intended,rank_intended,nerfs,rank_nerfs,buffs,rank_buffs,walkback,rank_walkback,walkback_all_reasons,rank_walkback_all_reasons,touched,rank_touched
2016,SK Telecom T1,Samsung Galaxy,-0.19741266229748033,0.14700695059786384,-0.5704779933121934,-0.37367983142546635,-6.539298161370172,8.827927025172563,-2.848484848484848,4.0,2.9999999999999996,5.0,0.15151515151515152,5.0,-0.24242424242424243,2.0,-0.24242424242424243,2.0,0.12121212121212122,5.0
2017,Samsung Galaxy,SK Telecom T1,-3.5994819751560407,2.9964270724722546,-9.405157397704647,0.2932418127115005,4.744704120765722,-7.293566125399736,-2.125,8.0,2.25,2.0,0.125,7.0,-0.16666666666666666,7.0,-2.4375,7.0,-0.08333333333333333,8.0
2018,Invictus Gaming,Fnatic,0.6331740947266629,-0.49189991489053675,1.76348570529401,0.02924401820145195,0.5164927597242075,-0.6801031712186822,-0.6363636363636364,3.0,1.218181818181818,5.0,0.5818181818181818,2.0,-0.3636363636363636,5.0,-0.3636363636363636,5.0,0.036363636363636376,6.0
2019,FunPlus Phoenix,G2 Esports,2.956964234204218,-2.231023958691675,8.422493333984777,-0.44303435448507233,-7.496183352741542,10.599014641922366,-0.1875,1.0,1.84375,2.0,1.65625,1.0,-0.125,1.0,-0.3125,3.0,0.1875,2.0
2020,Dplus Kia,Suning,0.7484503341037674,-0.6042070601568,2.0005099239252284,-0.09281137024358677,-1.846700999472564,1.7743992475594745,-0.7142857142857141,3.0,0.9999999999999999,6.0,0.2857142857142857,6.0,0.047619047619047616,3.0,-0.21428571428571427,6.0,0.047619047619047616,5.0
2021,EDward Gaming,Dplus Kia,-2.64792055895364,2.186061812300555,-7.020888617671295,-0.10229299865517072,-1.6712626604714342,2.545709366816368,-2.4999999999999996,7.0,3.025,2.0,0.5250000000000001,8.0,-1.4000000000000001,2.0,-1.4000000000000001,2.0,-1.45,2.0
2022,Kiwoom DRX,T1,0.31333793826867107,-0.23916148452729735,0.8874595558961699,0.04695005266127476,0.9448596039001382,-0.8785153142184341,-1.218181818181818,3.0,1.9818181818181817,3.0,0.7636363636363636,2.0,-0.7818181818181817,7.0,-0.7818181818181817,7.0,-0.9090909090909091,7.0
2023,T1,Weibo Gaming,-0.7915197446244846,0.5550981623638429,-2.4530418230684163,0.14886314100542725,2.59852218783152,-3.325828036797654,-1.3541666666666667,2.0,1.8958333333333333,4.0,0.5416666666666667,1.0,-0.625,5.0,-0.6041666666666667,6.0,-0.6458333333333333,6.0
2024,T1,Bilibili Gaming,2.275741913805976,-1.430322189662546,7.44193526896196,0.19521696980966674,3.477386650372948,-4.447756613188548,-1.8133333333333335,1.0,2.2533333333333334,8.0,0.44,1.0,-1.6533333333333335,7.0,-2.3066666666666666,6.0,-1.3733333333333335,8.0
2025,T1,KT Rolster,-2.0661896092257495,1.655910358318996,-5.6581685202934935,-0.30763276101374304,-5.487955955091523,7.091775244959125,-0.9130434782608694,6.0,1.1014492753623188,2.0,0.18840579710144928,1.0,0.07246376811594203,1.0,0.18840579710144928,1.0,0.10144927536231885,1.0
