patch_oe,champion,score_1,direction_1,score_2,direction_2
12.15,Akali,1.0,buff,1.0,buff
12.15,Bel'Veth,0.0,bugfix,0.0,bugfix
12.15,Evelynn,0.0,bugfix,0.0,bugfix
12.15,Gwen,-1.0,nerf,-1.0,nerf
12.15,Kalista,-1.0,nerf,-1.0,nerf
12.15,Kennen,1.0,buff,2.0,buff
12.15,LeBlanc,0.0,bugfix,0.0,bugfix
12.15,Lee Sin,1.0,buff,1.0,buff
12.15,Leona,1.0,buff,2.0,buff
12.15,Lillia,1.0,buff,1.0,buff
12.15,Master Yi,-1.0,nerf,-1.0,nerf
12.15,Nilah,0.0,bugfix,0.0,bugfix
12.15,Qiyana,-1.0,nerf,-2.0,nerf
12.15,Rakan,0.0,bugfix,0.0,bugfix
12.15,Rammus,1.0,buff,2.0,buff
12.15,Shen,1.0,buff,1.0,buff
12.15,Singed,1.0,buff,2.0,buff
12.15,Sivir,-1.0,nerf,-2.0,nerf
12.15,Swain,0.0,bugfix,0.0,bugfix
12.15,Taliyah,-1.0,bugfix/nerf,-2.0,bugfix/nerf
12.15,Thresh,1.0,buff,2.0,buff
12.15,Viego,0.0,bugfix,0.0,bugfix
12.15,Yone,0.0,bugfix,0.0,bugfix
12.15,Yuumi,0.0,bugfix,0.0,bugfix
12.15,Zed,1.0,buff,2.0,buff
12.16,Aphelios,0.0,bugfix,0.0,bugfix
12.16,Caitlyn,1.0,buff,2.0,buff
12.16,Diana,0.0,adjust,0.0,adjust
12.16,Draven,-1.0,nerf,-1.0,nerf
12.16,Gangplank,0.0,bugfix,0.0,bugfix
12.16,Irelia,1.0,buff,1.0,buff
12.16,Jayce,1.0,buff,2.0,buff
12.16,Kai'Sa,1.0,buff,2.0,buff
12.16,Malphite,1.0,buff,2.0,buff
12.16,Ornn,0.0,bugfix,0.0,bugfix
12.16,Poppy,-1.0,nerf,-1.0,nerf
12.16,Rell,0.0,bugfix,0.0,bugfix
12.16,Sett,0.0,,0.0,bugfix
12.16,Sion,0.0,bugfix,0.0,bugfix
12.16,Sylas,0.0,,0.0,bugfix
12.16,Teemo,0.0,bugfix,0.0,bugfix
12.16,Tristana,1.0,buff,1.0,buff
12.16,Trundle,0.0,bugfix,0.0,bugfix
12.16,Udyr,1.0,buff/rework,2.0,buff/rework
12.16,Yorick,0.0,bugfix,0.0,bugfix
12.16,Yuumi,0.0,buff/nerf,0.0,buff/nerf
12.16,Zac,0.0,bugfix,0.0,bugfix
12.16,Zeri,-1.0,bugfix/nerf,-2.0,bugfix/nerf
12.16,Zoe,1.0,buff,2.0,buff
12.16,Zyra,1.0,buff,1.0,buff
12.17,Ahri,-1.0,nerf,-1.0,nerf
12.17,Azir,-1.0,nerf,-2.0,nerf
12.17,Camille,1.0,buff,2.0,buff
12.17,Draven,0.0,bugfix,0.0,bugfix
12.17,Ezreal,1.0,buff,1.0,buff
12.17,Fizz,0.0,bugfix,0.0,bugfix
12.17,Gragas,0.0,bugfix,0.0,bugfix
12.17,Graves,1.0,buff,2.0,buff
12.17,Hecarim,0.0,rework,0.0,adjust
12.17,Kassadin,1.0,buff,2.0,buff
12.17,Maokai,1.0,buff,3.0,buff
12.17,Miss Fortune,-1.0,adjust/nerf,-2.0,adjust/nerf
12.17,Nami,-1.0,nerf,-1.0,nerf
12.17,Nocturne,1.0,buff,1.0,buff
12.17,Ornn,0.0,bugfix,0.0,bugfix
12.17,Pyke,0.0,bugfix,0.0,bugfix
12.17,Rell,1.0,buff,1.0,buff
12.17,Renekton,-1.0,nerf,-2.0,nerf
12.17,Sejuani,0.0,bugfix,0.0,bugfix
12.17,Sett,1.0,buff,2.0,buff
12.17,Sivir,-1.0,nerf,-2.0,nerf
12.17,Sylas,-1.0,nerf,-2.0,nerf
12.17,Taric,-1.0,nerf,-2.0,nerf
12.17,Trundle,-1.0,nerf,-1.0,nerf
12.17,Twisted Fate,1.0,buff,2.0,buff
12.17,Wukong,-1.0,nerf,-2.0,nerf
12.17,Zeri,0.0,bugfix,0.0,bugfix
12.18,Akali,1.0,buff,1.0,buff
12.18,Akshan,0.0,bugfix,0.0,bugfix
12.18,Ashe,1.0,buff,2.0,buff
12.18,Hecarim,-1.0,nerf,-2.0,nerf
12.18,Jinx,1.0,buff,0.0,adjust
12.18,Kalista,-1.0,nerf,-1.0,nerf
12.18,Kayn,-1.0,nerf,-1.0,nerf
12.18,Kennen,0.0,bugfix,0.0,bugfix
12.18,Lee Sin,1.0,buff,2.0,buff
12.18,Lulu,-1.0,nerf,-2.0,nerf
12.18,Maokai,0.0,adjust,0.0,adjust
12.18,Miss Fortune,-1.0,nerf,-1.0,nerf
12.18,Nocturne,-1.0,nerf,-1.0,nerf
12.18,Tahm Kench,0.0,bugfix,0.0,bugfix
12.18,Taliyah,0.0,bugfix,0.0,bugfix
12.18,Thresh,1.0,buff,1.0,buff
12.18,Udyr,-1.0,nerf,-2.0,nerf
12.18,Xerath,0.0,bugfix,0.0,bugfix
12.18,Zeri,0.0,bugfix,0.0,bugfix
15.18,Amumu,1.0,buff,2.0,buff
15.18,Annie,-1.0,nerf,-2.0,nerf
15.18,Ashe,1.0,buff,1.0,buff
15.18,Aurora,-1.0,nerf,-2.0,nerf
15.18,Azir,-1.0,nerf,-2.0,nerf
15.18,Briar,0.0,adjust,0.0,adjust
15.18,Cassiopeia,1.0,buff,1.0,buff
15.18,Diana,0.0,bugfix,0.0,bugfix
15.18,Galio,-1.0,nerf,-2.0,nerf
15.18,Gangplank,0.0,bugfix,0.0,bugfix
15.18,Garen,1.0,buff,1.0,buff
15.18,Graves,0.0,bugfix,0.0,bugfix
15.18,Hwei,1.0,buff,2.0,buff
15.18,Illaoi,0.0,adjust,0.0,adjust
15.18,Jayce,1.0,buff,1.0,buff
15.18,K'Sante,0.0,bugfix,0.0,bugfix
15.18,Karthus,0.0,bugfix,0.0,bugfix
15.18,LeBlanc,0.0,bugfix,0.0,bugfix
15.18,Milio,0.0,bugfix,0.0,bugfix
15.18,Nilah,0.0,bugfix,0.0,bugfix
15.18,Qiyana,-1.0,nerf,-2.0,nerf
15.18,Sylas,-1.0,nerf,-1.0,nerf
15.18,Syndra,0.0,bugfix,0.0,bugfix
15.18,Taliyah,0.0,adjust,0.0,adjust
15.18,Teemo,0.0,bugfix,0.0,bugfix
15.18,Thresh,0.0,bugfix,0.0,bugfix
15.18,Vel'Koz,1.0,buff,2.0,buff
15.18,Volibear,-1.0,nerf,-1.0,nerf
15.18,Xin Zhao,0.0,bugfix,0.0,bugfix
15.18,Yunara,0.0,buff/nerf,-1.0,buff/nerf
15.18,Zac,1.0,buff,1.0,buff
15.19,Ahri,1.0,buff,2.0,buff
15.19,Ambessa,0.0,bugfix,0.0,bugfix
15.19,Aurora,0.0,bugfix,0.0,bugfix
15.19,Blitzcrank,0.0,bugfix,0.0,bugfix
15.19,Brand,1.0,buff,2.0,buff
15.19,Caitlyn,1.0,buff,1.0,buff
15.19,Corki,-1.0,nerf,-1.0,nerf
15.19,Diana,1.0,buff,1.0,buff
15.19,Draven,1.0,buff,2.0,buff
15.19,Heimerdinger,0.0,bugfix,0.0,bugfix
15.19,Jarvan IV,0.0,bugfix,0.0,bugfix
15.19,Jax,0.0,adjust,0.0,adjust
15.19,Jinx,1.0,buff,1.0,buff
15.19,Kai'Sa,0.0,bugfix,0.0,bugfix
15.19,Kayn,0.0,bugfix,0.0,bugfix
15.19,LeBlanc,1.0,buff,1.0,buff
15.19,Lee Sin,0.0,adjust,0.0,adjust
15.19,Lillia,1.0,buff,2.0,buff
15.19,Mel,1.0,buff,2.0,buff
15.19,Mordekaiser,0.0,bugfix,0.0,bugfix
15.19,Naafiri,0.0,bugfix,0.0,bugfix
15.19,Nasus,0.0,bugfix,0.0,bugfix
15.19,Nidalee,0.0,bugfix,0.0,bugfix
15.19,Nilah,0.0,bugfix,0.0,bugfix
15.19,Pantheon,-1.0,nerf,-3.0,nerf
15.19,Poppy,-1.0,nerf,-2.0,nerf
15.19,Rakan,0.0,bugfix,0.0,bugfix
15.19,Seraphine,1.0,buff,2.0,buff
15.19,Sion,0.0,bugfix,0.0,bugfix
15.19,Sivir,-1.0,nerf,-1.0,nerf
15.19,Soraka,0.0,bugfix,0.0,bugfix
15.19,Sylas,0.0,bugfix,0.0,bugfix
15.19,Syndra,0.0,adjust,0.0,adjust
15.19,Xin Zhao,0.0,bugfix,0.0,bugfix
15.19,Yorick,0.0,bugfix,0.0,bugfix
15.19,Zac,0.0,bugfix,0.0,bugfix
15.19,Zoe,0.0,bugfix,0.0,bugfix
15.20,Anivia,1.0,buff,1.0,buff
15.20,Azir,-1.0,adjust/nerf,-1.0,adjust/nerf
15.20,Briar,-1.0,nerf,-1.0,nerf
15.20,Camille,0.0,adjust,0.0,adjust
15.20,Fizz,1.0,buff,2.0,buff
15.20,Graves,1.0,buff,1.0,buff
15.20,Jinx,0.0,bugfix,0.0,bugfix
15.20,Katarina,1.0,buff,1.0,buff
15.20,Leona,0.0,bugfix,0.0,bugfix
15.20,Malphite,1.0,buff,1.0,buff
15.20,Nidalee,0.0,adjust,0.0,adjust
15.20,Orianna,-1.0,nerf,-1.0,nerf
15.20,Pantheon,1.0,buff,1.0,buff
15.20,Seraphine,0.0,bugfix,0.0,bugfix
15.20,Sion,0.0,bugfix,0.0,bugfix
15.20,Soraka,0.0,bugfix,0.0,bugfix
15.20,Sylas,0.0,bugfix,0.0,bugfix
15.20,Tahm Kench,0.0,bugfix,0.0,bugfix
15.20,Veigar,1.0,buff,1.0,buff
15.20,Volibear,-1.0,nerf,-1.0,nerf
15.20,Warwick,-1.0,nerf,-1.0,nerf
15.20,Wukong,0.0,adjust,0.0,adjust
15.20,Xin Zhao,0.0,bugfix,0.0,bugfix
15.20,Zoe,0.0,bugfix,0.0,bugfix
9.16,Azir,-1.0,nerf,-2.0,nerf
9.16,Corki,-1.0,nerf,-2.0,nerf
9.16,Darius,0.0,bugfix,0.0,bugfix
9.16,Dr. Mundo,1.0,buff,2.0,buff
9.16,Ekko,1.0,buff,2.0,buff
9.16,Ezreal,-1.0,nerf,-2.0,nerf
9.16,Fiora,1.0,buff,2.0,buff
9.16,Gnar,0.0,bugfix,0.0,bugfix
9.16,Jax,1.0,buff,1.0,buff
9.16,Karma,0.0,bugfix,0.0,bugfix
9.16,Kassadin,1.0,buff,2.0,buff
9.16,Katarina,0.0,bugfix,0.0,bugfix
9.16,Kha'Zix,0.0,bugfix,0.0,bugfix
9.16,LeBlanc,1.0,buff,1.0,buff
9.16,Lee Sin,0.0,bugfix,0.0,bugfix
9.16,Lux,1.0,buff,2.0,buff
9.16,Malzahar,0.0,bugfix,0.0,bugfix
9.16,Master Yi,0.0,bugfix,0.0,bugfix
9.16,Nautilus,0.0,bugfix,0.0,bugfix
9.16,Nocturne,1.0,buff,2.0,buff
9.16,Orianna,0.0,bugfix,0.0,bugfix
9.16,Pantheon,2.0,buff/rework,3.0,buff/rework
9.16,Poppy,0.0,bugfix,0.0,bugfix
9.16,Riven,-1.0,nerf,-1.0,nerf
9.16,Sejuani,-1.0,nerf,-3.0,nerf
9.16,Shen,1.0,buff,2.0,buff
9.16,Singed,1.0,buff,2.0,buff
9.16,Sion,1.0,buff,2.0,buff
9.16,Sivir,-1.0,nerf,-1.0,nerf
9.16,Sylas,-1.0,nerf,-1.0,nerf
9.16,Syndra,1.0,buff,2.0,buff
9.16,Tahm Kench,-1.0,nerf,-2.0,nerf
9.16,Twitch,0.0,bugfix,0.0,bugfix
9.16,Xayah,0.0,bugfix,0.0,bugfix
9.16,Yuumi,-1.0,nerf,-2.0,nerf
9.16,Ziggs,1.0,buff,2.0,buff
9.17,Aurelion Sol,0.0,rework,0.0,rework
9.17,Camille,0.0,bugfix,0.0,bugfix
9.17,Fiddlesticks,0.0,bugfix,0.0,bugfix
9.17,Galio,1.0,buff,2.0,buff
9.17,Graves,0.0,bugfix,0.0,bugfix
9.17,Kalista,1.0,buff,2.0,buff
9.17,Kayle,0.0,rework,0.0,adjust
9.17,Lee Sin,0.0,bugfix,0.0,bugfix
9.17,Leona,1.0,buff,1.0,buff
9.17,Lucian,1.0,buff,1.0,buff
9.17,Malphite,0.0,bugfix,0.0,bugfix
9.17,Mordekaiser,0.0,bugfix,0.0,bugfix
9.17,Neeko,1.0,buff,1.0,buff
9.17,Pantheon,1.0,buff,1.0,buff
9.17,Qiyana,-1.0,nerf,-2.0,nerf
9.17,Rek'Sai,0.0,bugfix,0.0,bugfix
9.17,Ryze,1.0,buff,1.0,buff
9.17,Sivir,0.0,bugfix,0.0,bugfix
9.17,Soraka,0.0,bugfix,0.0,bugfix
9.17,Sylas,0.0,bugfix,0.0,bugfix
9.17,Tahm Kench,0.0,bugfix,0.0,bugfix
9.17,Thresh,0.0,bugfix,0.0,bugfix
9.17,Viktor,0.0,bugfix,0.0,bugfix
9.17,Zac,0.0,bugfix,0.0,bugfix
9.17,Zyra,1.0,buff,2.0,buff
9.18,Aatrox,-1.0,nerf,-2.0,nerf
9.18,Akali,-1.0,nerf,-3.0,nerf
9.18,Annie,0.0,adjust,0.0,adjust
9.18,Aurelion Sol,1.0,buff,1.0,buff
9.18,Bard,0.0,bugfix,0.0,bugfix
9.18,Caitlyn,1.0,buff,1.0,buff
9.18,Diana,0.0,bugfix,0.0,bugfix
9.18,Ekko,1.0,buff,2.0,buff
9.18,Evelynn,1.0,buff,2.0,buff
9.18,Illaoi,0.0,bugfix,0.0,bugfix
9.18,Jayce,0.0,bugfix,0.0,bugfix
9.18,Jhin,1.0,buff,1.0,buff
9.18,Jinx,0.0,bugfix,0.0,bugfix
9.18,Kai'Sa,-1.0,nerf,-1.0,nerf
9.18,Karthus,0.0,bugfix,0.0,bugfix
9.18,Kayle,1.0,buff,1.0,buff
9.18,Kindred,0.0,bugfix,0.0,bugfix
9.18,Lee Sin,1.0,buff,1.0,buff
9.18,Miss Fortune,1.0,buff,1.0,buff
9.18,Nunu & Willump,-1.0,nerf,-2.0,nerf
9.18,Pantheon,0.0,bugfix,0.0,bugfix
9.18,Shaco,0.0,bugfix,0.0,bugfix
9.18,Tahm Kench,0.0,bugfix,0.0,bugfix
9.18,Taliyah,0.0,bugfix,0.0,bugfix
9.18,Teemo,1.0,buff,2.0,buff
9.18,Warwick,1.0,buff,0.0,bugfix
9.18,Xayah,-1.0,nerf,-2.0,nerf
9.18,Zoe,1.0,buff,2.0,buff
9.19,Aatrox,1.0,buff,1.0,buff
9.19,Akali,1.0,buff,1.0,buff
9.19,Annie,1.0,buff,2.0,buff
9.19,Ashe,1.0,buff,2.0,buff
9.19,Blitzcrank,1.0,buff/bugfix,2.0,buff/bugfix
9.19,Fiora,1.0,buff,2.0,buff
9.19,Gangplank,0.0,bugfix,0.0,bugfix
9.19,Gragas,-1.0,nerf,-2.0,nerf
9.19,Graves,1.0,buff,1.0,buff
9.19,Heimerdinger,1.0,buff,2.0,buff
9.19,Illaoi,0.0,bugfix,0.0,bugfix
9.19,Karma,-1.0,nerf,-2.0,nerf
9.19,Kayle,0.0,bugfix,0.0,bugfix
9.19,Mordekaiser,1.0,buff,1.0,buff
9.19,Orianna,1.0,buff,2.0,buff
9.19,Ornn,1.0,buff,1.0,buff
9.19,Pantheon,-1.0,nerf,-1.0,nerf
9.19,Rakan,0.0,bugfix,0.0,bugfix
9.19,Rek'Sai,1.0,buff,2.0,buff
9.19,Riven,0.0,adjust,0.0,adjust
9.19,Sejuani,-1.0,nerf,-2.0,nerf
9.19,Shyvana,0.0,bugfix,0.0,bugfix
9.19,Sion,1.0,buff,1.0,buff
9.19,Sylas,0.0,buff/nerf,-1.0,buff/nerf
9.19,Tahm Kench,-1.0,nerf,-2.0,nerf
9.19,Twisted Fate,1.0,buff,2.0,buff
9.19,Vayne,1.0,buff,2.0,buff
9.19,Veigar,1.0,buff,1.0,buff
9.19,Xin Zhao,1.0,buff,2.0,buff
9.19,Yasuo,0.0,bugfix,0.0,bugfix
9.19,Yuumi,-1.0,nerf,-3.0,nerf
9.19,Zac,1.0,buff,1.0,buff
