year,teamid,games,pick_adv,pick_net,denied,denied_by,buffed_picks,conversion,untouched_pool_share,indirect_early,indirect_full,team,buffs,nerfs,buffs_z,nerfs_z
2016,oe:team:056c3140a119e44a03d462e2c832f27,11,-0.09090909090909091,-0.09090909090909091,0.010695187165775402,0.0,1.0,-0.3982068589917896,0.29230769230769227,0.015510654220331637,0.009494448204125623,EDward Gaming,0.4358974358974359,2.6923076923076925,1.4450817755923069,-1.1681675259610218
2016,oe:team:2f758c15b9c1781b2d4032011ae1628,6,-0.16666666666666666,-1.1666666666666667,0.043859649122807015,0.13333333333333333,0.8333333333333334,0.30872754621322573,0.25660377358490566,0.020917021708257252,0.008125809023342737,I May,0.3584905660377359,2.943396226415094,0.8815647558984914,-0.3569427090671491
2016,oe:team:3354e252e33ed55fd8fa14595ca1564,20,-0.95,-0.65,0.21999999999999997,0.025,1.1,0.010645593243426482,0.23636363636363641,0.042582507098636126,0.036126974327313884,SK Telecom T1,0.1515151515151515,2.9999999999999996,-0.6252029115328138,-0.1740654382066812
2016,oe:team:3413ca4510110b5181f3e4b24d52719,6,0.16666666666666666,-0.8333333333333334,0.0,0.10256410256410257,0.6666666666666666,-0.1765708497802453,0.22105263157894728,0.04650335516209879,0.04298046342571557,Splyce,0.1052631578947368,2.736842105263158,-0.9619144417511792,-1.0242843290492094
2016,oe:team:3b84bb916852d07609c83d1ce91c1a9,17,0.058823529411764705,-0.5294117647058824,0.058823529411764705,0.07933634992458523,1.0,-0.2352991181982621,0.2,0.034995470479341435,0.024714640198511165,Samsung Galaxy,0.1025641025641025,3.5128205128205123,-0.9815633904641872,1.482771374717223
2016,oe:team:5b90b1fda6971ccdccf9eb32286aa50,13,0.6923076923076923,0.15384615384615385,0.07692307692307693,0.023755656108597287,1.0769230769230769,0.05840284087436207,0.2648648648648649,0.04564495370946984,0.030784110723626856,H2k-Gaming,0.2162162162162162,2.972972972972973,-0.1541833338461724,-0.2613852161851023
2016,oe:team:73f3126d91d35faa5d5ce34abadb865,10,0.7,0.3,0.12307692307692308,0.07999999999999999,1.4,-0.4977776985074125,0.24761904761904766,0.06073440128739666,0.04346699681316918,Royal Never Give Up,0.3095238095238095,2.4761904761904763,0.5250899269225373,-1.8664058971218105
2016,oe:team:7cd8dc1c987b84b99e3d246d1943c92,6,1.1666666666666667,0.5,0.0,0.17719298245614035,1.5,0.6704295643044667,0.23999999999999996,0.016817716333845364,0.01590110555807966,Flash Wolves,0.5,2.8666666666666667,1.911744307526248,-0.6048430095668949
2016,oe:team:7d6673d3a9d00363c6bebc1a630da6e,6,-0.6666666666666666,-0.16666666666666666,0.0,0.1111111111111111,1.1666666666666667,-0.36598996062507244,0.21250000000000005,0.03832085253456221,0.033579906860517955,G2 Esports,0.25,3.0625,0.0917604329838775,0.027861548368421
2016,oe:team:93c730021ff69abdfccc4911a2f666f,16,0.5,0.125,0.08333333333333333,0.09999999999999999,1.3125,-0.04654255671226899,0.17857142857142858,0.035571648014044326,0.019233965400015113,ROX Tigers,0.1071428571428571,3.2857142857142856,-0.9482303524689056,0.7490293575652094
2016,oe:team:a22510a4756fa424cb0771b13261139,6,0.0,-0.6666666666666666,0.0,0.041666666666666664,0.8333333333333334,-0.6846540089839046,0.22941176470588237,0.0394822445107075,0.024249672608707265,TSM,0.0588235294117647,3.0882352941176467,-1.2999919416661705,0.1110079546052263
2016,oe:team:bcb21457414eb9be1d27489ff7e8e59,6,0.8333333333333334,0.16666666666666666,0.0,0.041666666666666664,1.5,-0.3651539783213721,0.17142857142857143,0.03027942359739595,0.013774042102074816,INTZ,0.238095238095238,3.2857142857142865,0.0050945341961455,0.7490293575652123
2016,oe:team:cbfaf0ca2181f0903d2fcceb6c28f3b,6,0.8333333333333334,0.3333333333333333,0.0,0.0,1.0,-1.1580139964434586,0.2511627906976744,0.037777301468224195,0.020716798918039372,Counter Logic Gaming,0.4186046511627906,2.86046511627907,1.3191914181403597,-0.6248791756766717
2016,oe:team:d15303823a1dccff9f3068fb357e356,6,-1.0,-0.6666666666666666,0.0,0.009803921568627453,0.8333333333333334,0.3090650045111649,0.22222222222222224,0.03413125106673493,0.017952698268463834,ahq eSports Club,0.2777777777777778,3.2222222222222223,0.2939808634885855,0.5438971807270124
2016,oe:team:f2357aab765dfb94659ba2223a6d4f0,10,-1.5,-0.5,0.0,0.14166666666666666,0.5,-0.41759601525456813,0.27692307692307694,-0.0019821576273189217,-0.016207733046924192,Albus NoX Luna,0.0769230769230769,3.153846153846154,-1.1682284032377634,0.3229856056704941
2016,oe:team:fc8e90107dabb9a35c490b0d86adea0,9,0.3333333333333333,0.1111111111111111,0.03703703703703704,0.0,1.3333333333333333,0.17165444588908985,0.2212765957446809,0.035506749027682444,0.012269368969276112,Cloud9,0.1914893617021276,3.702127659574468,-0.3341932397813581,2.0943909216157306
2017,oe:team:056c3140a119e44a03d462e2c832f27,6,-1.0,-1.5,0.0,0.0,0.0,-0.28782415198629485,0.5422222222222223,0.010880840599150461,-0.015798468292547815,EDward Gaming,0.0888888888888888,1.2000000000000002,-0.536996538539396,-0.947613368049792
2017,oe:team:3354e252e33ed55fd8fa14595ca1564,19,-1.263157894736842,-1.6842105263157894,0.0,0.0,0.5263157894736842,0.22965016081956105,0.42127659574468085,0.011388900780569944,-0.0034500049945060452,SK Telecom T1,0.4255319148936169,2.4468085106382973,1.8252647827592137,1.7004927709739377
2017,oe:team:364547a649dd1c75e258f0d5168509f,9,1.2222222222222223,-0.6666666666666666,,0.0,0.2222222222222222,-0.05393030092285872,0.5894736842105264,0.034226104145851456,-0.0015342453444751423,Team oNe eSports,0.0,1.2105263157894737,-1.160739696410377,-0.925256445374363
2017,oe:team:3b84bb916852d07609c83d1ce91c1a9,16,-0.125,-1.375,0.0,0.10590277777777778,0.1875,-0.032447382749018316,0.55,0.008874776436396154,-0.0020258823708160564,Samsung Galaxy,0.125,2.25,-0.2836008806543099,1.2824896688242886
2017,oe:team:418bd4b8f699d70c4509d7f9c768a3a,4,0.25,-0.75,0.0,0.022727272727272728,0.25,0.035551103220604285,0.6545454545454543,-0.0021980367050789605,-0.01953664013063891,Gambit Esports,0.1363636363636363,1.1818181818181817,-0.2038609883128493,-0.9862298708528072
2017,oe:team:418c28593a78b57ef74e47d0c18640a,15,-2.2,-2.8666666666666667,0.0,0.0,0.13333333333333333,-0.24102191979892545,0.4848484848484848,0.0027049428764064415,-0.014318975234468189,Fenerbahçe Esports,0.1515151515151515,2.4242424242424243,-0.0975411318575683,1.6525644873531766
2017,oe:team:594b183f8fb081ef64820f31ab8d641,12,0.4166666666666667,-0.75,0.0,0.007575757575757576,0.3333333333333333,-0.07775527503762869,0.4457142857142858,-0.014352783366867874,-0.024472943580486035,Misfits Gaming,0.2285714285714285,1.4285714285714284,0.4431712809721459,-0.4621487613833262
2017,oe:team:62c1cd9465dc63824593ee5046f5aa8,22,0.36363636363636365,-0.8636363636363636,0.012396694214876032,0.0,0.09090909090909091,-0.38593737370815734,0.45517241379310347,0.019127408126922454,0.008948476973942231,Team WE,0.1896551724137931,1.4655172413793105,0.1700916102540009,-0.3836792667712889
2017,oe:team:6c951ee7222ac9acd244aa88c9e8330,7,0.7142857142857143,-0.5714285714285714,,0.0,0.5714285714285714,0.1888352904353126,0.4,-0.035429242119382955,-0.016268244386956662,Young Generation,0.0,1.809523809523809,-1.160739696410377,0.3469589163941181
2017,oe:team:6f0162b86d2a0d206ba9a08a1da14be,8,1.25,-1.0,0.0,0.0,0.125,-0.018940977226746397,0.48000000000000004,0.008889860904557782,0.010275345768303513,Hong Kong Attitude,0.0571428571428571,1.2571428571428571,-0.7597619520647465,-0.8262472163831759
2017,oe:team:73f3126d91d35faa5d5ce34abadb865,15,1.4,-0.4,0.022222222222222223,0.0,0.4,-0.19664561603288883,0.4765957446808511,-0.00024401729526092163,-0.021298494732717086,Royal Never Give Up,0.1914893617021276,1.2340425531914891,0.1829623192159387,-0.8753101287590426
2017,oe:team:78f183fa5a7d8ecb22b9ad272c3abd7,19,-0.10526315789473684,-0.8947368421052632,0.0,0.026960784313725488,0.2631578947368421,-0.29353361951892726,0.48500000000000004,-0.004659624413145541,-0.023859624413145535,Fnatic,0.175,1.4500000000000002,0.0672546456481169,-0.4166364545083442
2017,oe:team:7cd8dc1c987b84b99e3d246d1943c92,6,0.6666666666666666,-1.0,0.0,0.0,0.16666666666666666,0.589464402378234,0.43243243243243246,-0.020658183334239674,-0.04602634542806549,Flash Wolves,0.1621621621621621,1.4594594594594594,-0.0228298813754789,-0.3965454361581277
2017,oe:team:7d6673d3a9d00363c6bebc1a630da6e,6,1.0,-0.3333333333333333,0.0,0.03703703703703704,0.6666666666666666,-0.052202297787189975,0.45238095238095233,0.006436236466417554,-0.015475448561575959,G2 Esports,0.0714285714285714,1.5952380952380951,-0.6595175159783389,-0.1081641523556941
2017,oe:team:9cae7677cd0dbcc1cd86653870b73c2,7,1.1428571428571428,-0.14285714285714285,0.0,0.06547619047619048,0.5714285714285714,-0.11729249946758218,0.4461538461538462,-0.013421554970850746,-0.010674302223598,GAM Esports,0.1538461538461538,1.5384615384615383,-0.0811842308644481,-0.2287523158706018
2017,oe:team:a22510a4756fa424cb0771b13261139,7,-1.2857142857142858,-1.5714285714285714,0.0,0.012987012987012988,0.2857142857142857,-0.6658567965904529,0.45833333333333326,-0.004724178403755866,-0.029649773641851104,TSM,0.1666666666666666,1.6875,0.0087787245977125,0.0877916133560308
2017,oe:team:a9744fc5b0ca952b17ef07c0aa99602,4,0.75,-2.0,0.0,0.0,0.25,0.005628224956201772,0.4758620689655173,0.009551562247045486,0.0012157301630874653,Rampage,0.2758620689655172,2.413793103448276,0.7750149314650817,1.6303710949376509
2017,oe:team:c334c629fea759876e9e04afbe4aee7,7,0.2857142857142857,0.0,0.0,0.13095238095238096,0.8571428571428571,-0.3122268417828544,0.538095238095238,-0.000822394685573759,-0.018764571556322062,Immortals,0.0238095238095238,1.3095238095238095,-0.9936656362663644,-0.7149949106887772
2017,oe:team:c5b7f439779b465529ff283c53f41c0,4,-2.0,-2.5,0.0,0.0,0.0,,0.5363636363636362,0.03284250960307298,0.0014064094713206715,Kaos Latin Gamers,0.1363636363636363,2.2727272727272725,-0.2038609883128493,1.330760297328056
2017,oe:team:cd6e0eea04af23b9c0735dab41a9941,5,-0.2,-0.8,0.0,0.0,0.2,-0.2944678189107745,0.5448275862068965,-0.004827867756262719,-0.025362337363564327,Dire Wolves,0.1034482758620689,0.8620689655172414,-0.4348317109570801,-1.6653476787678874
2017,oe:team:d15303823a1dccff9f3068fb357e356,6,-0.3333333333333333,-0.6666666666666666,0.0,0.0,0.16666666666666666,-0.030618637444719744,0.5,-0.007851274312541918,-0.023987494287257476,ahq eSports Club,0.15,1.4,-0.1081731175030964,-0.5228318372166338
2017,oe:team:d996d27c1737a1f7494fc09d6911339,7,-0.7142857142857143,-1.7142857142857142,0.05714285714285714,0.0,0.5714285714285714,0.19447260007174685,0.5212121212121213,0.010014356109106429,-0.02709209804280227,Lyon Gaming,0.1515151515151515,2.242424242424242,-0.0975411318575683,1.266399459323032
2017,oe:team:fbf53cf218dfaa8c2b2a864d13d2206,9,-0.8888888888888888,-1.6666666666666667,0.3796296296296296,0.0,0.5555555555555556,-0.22002965422737691,0.45142857142857157,-0.025494874005940405,-0.046181330406682514,Longzhu Gaming,0.6857142857142857,2.0285714285714285,3.6509932357371926,0.8121958311161488
2017,oe:team:fc8e90107dabb9a35c490b0d86adea0,18,0.8888888888888888,-0.3888888888888889,0.0,0.024999999999999998,0.5555555555555556,-0.221909284249487,0.46,-0.008287665386256938,-0.025598196439362245,Cloud9,0.12,1.34,-0.3186864332845526,-0.650266296466582
2018,oe:team:056c3140a119e44a03d462e2c832f27,17,-0.8235294117647058,-0.5882352941176471,0.10526315789473684,0.13482106129164953,0.29411764705882354,-0.39996658654004125,0.5719298245614035,-0.0034306347208856707,0.0030441579252176065,EDward Gaming,0.3333333333333333,1.2105263157894737,-0.5715224478402949,0.0770493168431591
2018,oe:team:0b63f14fd7de22a26869bb1c76f87fc,14,0.07142857142857142,-0.2857142857142857,0.13775510204081634,0.07626879699248121,0.2857142857142857,-0.22099159753752984,0.6541666666666666,-0.016752617596499455,-0.013123869801084993,G-Rex,0.2916666666666666,0.7291666666666666,-0.7950707078447469,-1.093254263559048
2018,oe:team:418bd4b8f699d70c4509d7f9c768a3a,9,0.7777777777777778,0.1111111111111111,0.034188034188034185,0.16883116883116886,0.5555555555555556,-0.5213663919165341,0.6833333333333333,-0.029498305843242555,-0.022225578570515287,Gambit Esports,0.5416666666666666,0.5,0.5462188521819644,-1.650414738055771
2018,oe:team:4bd1751425ef6a9bc9d4d8e9385b4a6,6,0.0,-0.3333333333333333,0.18055555555555555,0.11249999999999999,0.8333333333333334,0.21096063787346064,0.6117647058823528,-0.011092162467273556,0.004363497387304883,100 Thieves,0.3529411764705882,1.0294117647058822,-0.4663232666617293,-0.3632846579349997
2018,oe:team:50f58982d91a36557ec8aec52ab014f,6,-0.8333333333333334,-0.6666666666666666,0.0,0.05125,0.6666666666666666,,0.5632653061224491,-0.016533751107629654,-0.0007117443146184194,Gen.G,0.1428571428571428,2.163265306122449,-1.5934573507177892,2.393391896881483
2018,oe:team:5203ff881d5c82c5f720eb3a2f3b44c,9,0.5555555555555556,0.0,0.1111111111111111,0.11309523809523808,0.8888888888888888,-0.2810431502655305,0.6388888888888888,-0.028843449096613648,-0.026271576524741096,Papara SuperMassive,0.6944444444444444,0.9166666666666669,1.3658958055316217,-0.6373956935162747
2018,oe:team:53a258f289c26d94431c0496a54e151,18,-0.05555555555555555,-0.16666666666666666,0.14583333333333334,0.0574074074074074,0.6666666666666666,-0.2616473210128047,0.5381818181818183,-0.02526324906888402,-0.010839742202068311,Invictus Gaming,0.5818181818181818,1.218181818181818,0.7616380845498909,0.0956617241686691
2018,oe:team:6db10eb2b230fe5af5947ce5d46bc9a,4,0.25,0.0,0.203125,0.26294117647058823,0.75,0.08320784478186374,0.5523809523809522,-0.03144911035206394,-0.00850608451048737,Ascension Gaming,0.7619047619047619,1.6666666666666663,1.7278310836340671,1.1860385866548175
2018,oe:team:73f3126d91d35faa5d5ce34abadb865,12,0.5833333333333334,0.3333333333333333,0.11333333333333333,0.030303030303030304,0.75,0.14309249827838477,0.55,-0.005045062124482298,0.006266794544624895,Royal Never Give Up,0.4464285714285714,1.2678571428571428,0.0352514007432173,0.2164346440241573
2018,oe:team:78f183fa5a7d8ecb22b9ad272c3abd7,17,0.4117647058823529,0.29411764705882354,0.12941176470588237,0.11922268907563026,0.8823529411764706,-0.21399420452491003,0.5571428571428572,-0.004553364833070835,-0.00048044534269404103,Fnatic,0.7142857142857143,1.0357142857142856,1.472347357914694,-0.3479616807907049
2018,oe:team:7cd8dc1c987b84b99e3d246d1943c92,7,-0.14285714285714285,-0.8571428571428571,0.20408163265306123,0.24873949579831933,0.2857142857142857,-0.06450577549540851,0.6270270270270271,-0.019600572397632424,-0.005702515354414096,Flash Wolves,0.1891891891891892,0.8378378378378379,-1.3448785905583986,-0.829047945185909
2018,oe:team:7d6673d3a9d00363c6bebc1a630da6e,24,-0.16666666666666666,-0.375,0.07843137254901962,0.09004734848484848,0.7083333333333334,-0.22242397646926376,0.4969696969696969,0.008852891131372147,0.002797192444094508,G2 Esports,0.5151515151515151,1.3333333333333337,0.4039608685427679,0.3756233510232215
2018,oe:team:7e3dd5ff49e1a44784d225d2de40260,8,0.125,-0.375,0.125,0.058049535603715174,0.625,-0.2963464434823816,0.6000000000000001,-0.016661978434130333,0.0023970806249287253,inf,0.3666666666666667,1.1333333333333333,-0.3926838398367331,-0.110625790355737
2018,oe:team:86e551648da70c86cb473ce5d5f26f7,5,0.6,0.0,0.0,0.03636363636363636,1.0,-0.2083260986842564,0.5272727272727271,-0.0328405771443746,-0.02479861910241657,KaBuM! Esports,0.5,1.9545454545454544,0.3226705921775127,1.8859426537911972
2018,oe:team:8eb884e168f28402ce685bedebb5250,6,-1.0,-0.6666666666666666,0.0,0.17257085020242915,0.16666666666666666,-0.1287280728312778,0.5185185185185185,-0.03520610579273979,-0.03524416840573818,Team Liquid,0.4444444444444444,1.5555555555555556,0.0246062455049101,0.9159001747776192
2018,oe:team:b24f151e143d152c7cf8be9f13ec015,6,0.3333333333333333,0.0,0.0,0.016666666666666666,0.3333333333333333,0.6867581734687414,0.6685714285714286,-0.03826984775126874,-0.03261918097585175,Phong Vũ Buffalo,0.2571428571428571,0.5714285714285714,-0.9802964089912928,-1.476754330420429
2018,oe:team:b3c72a20aa56f5d28022ac04a7dc294,9,-1.0,-0.7777777777777778,0.14444444444444446,0.19200407435701555,0.7777777777777778,-0.5098162070856682,0.6705882352941175,-0.024605214346525333,-0.01281060794091323,DN SOOPers,0.196078431372549,1.4313725490196076,-1.307916716090254,0.613980773267808
2018,oe:team:c5b7f439779b465529ff283c53f41c0,4,-0.5,-0.75,0.026315789473684213,0.23763736263736263,0.5,0.0039010730241041125,0.5885714285714283,-0.005525416917821984,0.00434069764394475,Kaos Latin Gamers,0.5428571428571428,0.9714285714285716,0.5526059453249488,-0.5042560476625123
2018,oe:team:cd6e0eea04af23b9c0735dab41a9941,4,1.5,-0.5,0.04999999999999999,0.18301435406698563,0.75,0.06556936549590346,0.552,-0.03148429442100328,-0.029299431297009716,Dire Wolves,0.4,1.0,-0.2138452318331716,-0.4347918846083757
2018,oe:team:d17e6a2f130f0cf8dd071ce88d5b870,6,0.5,0.16666666666666666,0.15384615384615385,0.0,0.5,-0.12291420168357153,0.6047619047619047,-0.04535573314666823,-0.0318557399435634,MAD Team,0.3095238095238095,0.9523809523809524,-0.6992643106999815,-0.550565489698604
2018,oe:team:d723992568441c6bafa2658129eade7,11,0.09090909090909091,-0.09090909090909091,0.022727272727272728,0.04485645933014354,0.9090909090909091,0.23626744406334627,0.6186046511627906,-0.03848430462045892,-0.02551161700411038,KT Rolster,0.1860465116279069,1.7674418604651163,-1.3617395529723109,1.4310478439387893
2018,oe:team:e435aa3ecb82a89e60544f5f5857a81,8,-0.5,-0.625,0.0625,0.09150717703349281,0.25,-0.2979900267762207,0.6814814814814816,-0.035206222126053344,-0.016310403230234458,DetonatioN FocusMe,0.7407407407407407,0.8888888888888888,1.6142827610921235,-0.7049302964855747
2018,oe:team:e8d8ae992fe72acb7adc7bfcee31dbb,6,0.8333333333333334,0.3333333333333333,0.07291666666666667,0.1406060606060606,1.0,0.24425889983685767,0.512,0.009179256839526336,0.013644001344236592,Team Vitality,0.64,1.12,1.0737927457924712,-0.1430423997810005
2018,oe:team:fc8e90107dabb9a35c490b0d86adea0,22,-0.13636363636363635,0.0,0.11570247933884298,0.052727272727272734,0.8636363636363636,-0.03561169249315735,0.5925925925925927,-0.01592436318174715,-0.011686104304313018,Cloud9,0.4074074074074074,1.037037037037037,-0.1741033189434915,-0.3447457473159762
2019,oe:team:1fcd541d3a51d70860c46eaae858ba8,8,-0.625,0.375,0.09166666666666665,0.11418269230769232,1.125,0.3370721818333978,0.44000000000000006,0.005207134637514384,-0.006456826401446654,Royal Youth,0.7500000000000001,0.8,0.2844719790542968,-1.134387281173114
2019,oe:team:246827ba8505ab1bac1083d093120bc,8,1.375,0.5,0.09926470588235294,0.0546875,1.125,-0.3049785887130132,0.44736842105263175,0.014289748863076789,0.010460883220710005,Lowkey Esports.Vietnam,0.8947368421052632,0.6842105263157894,0.7735490490990939,-1.3573876316003357
2019,oe:team:3354e252e33ed55fd8fa14595ca1564,14,-0.14285714285714285,0.42857142857142855,0.01970443349753695,0.06769546243230454,1.2857142857142858,0.23373891687785817,0.36279069767441857,-0.005706560254690959,-0.009176243189051385,SK Telecom T1,0.6744186046511629,1.0232558139534884,0.0290765534706497,-0.7044162038166113
2019,oe:team:33d17f3717f58e12a3da80b377221fb,18,0.0,0.1111111111111111,0.2012578616352202,0.045792380638115665,1.5555555555555556,-0.5393769211785803,0.3625,0.017741297468354428,0.017312375899726982,FunPlus Phoenix,1.65625,1.84375,3.3467613608120628,0.8757834912858998
2019,oe:team:3413ca4510110b5181f3e4b24d52719,20,-1.15,-0.45,0.014285714285714285,0.11395643393691542,0.65,-0.2482690246112877,0.4307692307692307,0.03853350831886881,0.015580331061343726,Splyce,0.2692307692307693,1.2307692307692308,-1.3400847221434575,-0.3047635998634518
2019,oe:team:50b9075ca20fb326456aded56aa7937,5,1.2,1.8,0.0625,0.0,2.0,0.4249387479127864,0.4190476190476191,-0.00025480848265658444,-0.010490080457058995,Flamengo MDL,0.7619047619047619,1.0952380952380951,0.3246990973696692,-0.5657846560578186
2019,oe:team:53a258f289c26d94431c0496a54e151,14,0.14285714285714285,-0.42857142857142855,0.06157635467980297,0.13303571428571428,1.2142857142857142,-0.22369945708667005,0.40930232558139534,-0.01960498915164797,-0.023126676701418013,Invictus Gaming,0.6744186046511628,2.3720930232558137,0.0290765534706493,1.8933257218789248
2019,oe:team:5737b101780a9835142549164be1ac4,8,-1.125,-0.5,0.13095238095238093,0.11354166666666668,0.875,-0.2820220425678819,0.46666666666666673,0.013942395890662268,-0.00045423232584172746,Isurus,1.0,1.8095238095238095,1.1292414636771284,0.8098668563178969
2019,oe:team:6f0162b86d2a0d206ba9a08a1da14be,14,0.5,0.6428571428571429,0.02678571428571429,0.03597228365030223,1.2857142857142858,0.18796378619368698,0.41666666666666663,0.0028289916223322967,0.0026785951224690195,Hong Kong Attitude,0.6666666666666667,1.1666666666666667,0.0028821508466859,-0.4282195048202467
2019,oe:team:73f3126d91d35faa5d5ce34abadb865,6,0.16666666666666666,1.1666666666666667,0.008333333333333333,0.20197331404227956,2.3333333333333335,-0.5883947491297903,0.411111111111111,-0.0013713080168776428,-0.00561107409874898,Royal Never Give Up,0.5555555555555556,2.5,-0.3725709534301285,2.139663318281088
2019,oe:team:76b516358ee227ba806ba5d955b6314,11,-0.9090909090909091,0.0,0.0106951871657754,0.07573924361583165,0.9090909090909091,0.18188211689296963,0.4057142857142857,-0.0181307347130132,-0.017853078288567775,Griffin,0.4857142857142857,1.2285714285714284,-0.6085700475469833,-0.3089963737476852
2019,oe:team:78f183fa5a7d8ecb22b9ad272c3abd7,10,-0.1,0.6,0.30454545454545456,0.06963114959211253,1.7,-0.6380004424303551,0.35757575757575755,0.027394905453977183,0.01850193534888587,Fnatic,0.6666666666666666,1.121212121212121,0.0028821508466855,-0.5157609646987017
2019,oe:team:7b13b2cc48c457832262d00d5ffa6d6,14,0.7142857142857143,0.8571428571428571,0.08516483516483517,0.11685699358113151,1.7857142857142858,0.13997143405058546,0.41621621621621624,-0.009503001275153179,-0.01930783183470072,Clutch Gaming,0.7027027027027027,2.486486486486487,0.1246507252067336,2.1136374788577648
2019,oe:team:7bd8d762a338118fce3df129202eaed,5,-0.8,-0.6,0.05,0.07482517482517484,0.4,-0.610257259948809,0.4476190476190477,-0.03574716422817689,-0.03217103021726027,MAMMOTH,0.1904761904761904,1.2857142857142856,-1.6062025817682326,-0.1989442527576279
2019,oe:team:7d6673d3a9d00363c6bebc1a630da6e,18,-0.05555555555555555,0.6111111111111112,0.02631578947368421,0.0425936468348635,1.5555555555555556,0.10432595056689645,0.3999999999999999,0.00983807566086047,0.001383240735437313,G2 Esports,0.7307692307692308,1.1923076923076923,0.2194897110063864,-0.3788371428375285
2019,oe:team:8eb884e168f28402ce685bedebb5250,6,0.6666666666666666,-0.16666666666666666,0.05833333333333334,0.052083333333333336,1.1666666666666667,0.1207251167923638,0.43333333333333335,-0.007203273949054541,-0.013790343474720556,Team Liquid,0.8333333333333333,1.75,0.5660618072619068,0.6952292302865872
2019,oe:team:9cae7677cd0dbcc1cd86653870b73c2,6,1.1666666666666667,0.6666666666666666,0.10666666666666667,0.11500449236298294,1.1666666666666667,-0.5352624541766178,0.43030303030303024,0.0045944678856071185,0.010158883976339005,GAM Esports,0.7575757575757576,1.0303030303030305,0.3100710543458973,-0.6908438844556107
2019,oe:team:b41d715b166da7092724123264e4560,6,-1.3333333333333333,-0.8333333333333334,0.0,0.17396226415094343,0.5,-0.9433869803271011,0.3250000000000001,-0.0086722534771058,-0.006178751202901772,J Team,0.7499999999999999,1.0833333333333333,0.284471979054296,-0.5887121812640804
2019,oe:team:d15303823a1dccff9f3068fb357e356,6,-0.5,-1.0,0.06666666666666665,0.05114942528735633,0.5,0.08400328636383342,0.4322580645161291,0.005566898053627327,-0.007732479422320605,ahq eSports Club,0.3225806451612903,1.258064516129032,-1.1598113333653843,-0.2521952790431396
2019,oe:team:e435aa3ecb82a89e60544f5f5857a81,4,1.5,1.0,0.2666666666666667,0.08333333333333333,1.5,0.5831479317052143,0.4000000000000001,0.020922766464868826,-2.390305751283795e-05,DetonatioN FocusMe,0.7142857142857142,1.1428571428571428,0.1637906241081771,-0.4740745552327708
2019,oe:team:e84133caa1e561518201cc7d33f14ed,11,0.8181818181818182,0.6363636363636364,0.06611570247933886,0.03671328671328671,1.0909090909090908,0.0504314871182988,0.45,0.00926537070524412,0.008105475554523293,Unicorns of Love.CIS,0.275,0.825,-1.3205900417290846,-1.086239478239964
2019,oe:team:ef69efa6acebe94107f0cf1ba716806,18,-0.2222222222222222,0.16666666666666666,0.06597222222222222,0.056547216587784534,1.3888888888888888,0.11011934375637673,0.4631578947368422,-0.02787055006807056,-0.0195069300205092,Dplus Kia,0.4210526315789473,1.2105263157894737,-0.8270668165020617,-0.3437496751129661
2019,oe:team:f589eafcf087c11af27e475bafb047f,4,-0.75,0.0,0.0,0.029411764705882353,0.75,-0.3047516610634894,0.45714285714285735,-0.01694184553292974,-0.01025233314626593,MEGA,0.4761904761904761,1.238095238095238,-0.6407517421992818,-0.2906543535826753
2019,oe:team:fc8e90107dabb9a35c490b0d86adea0,6,1.6666666666666667,1.6666666666666667,0.10185185185185186,0.0,2.0,-0.622580273810448,0.4083333333333335,-0.016583645882169096,-0.024981956473462137,Cloud9,0.75,1.9583333333333333,0.2844719790542964,1.096460921396171
2020,oe:team:1d0389df0c5eea93b04122ba167c010,9,-1.2222222222222223,-2.0,0.07818930041152264,0.027777777777777776,0.0,,0.6415094339622641,0.010748639078272818,0.01248427672955975,Kiwoom DRX,0.5094339622641509,1.320754716981132,1.2463442931302005,0.4218554435570844
2020,oe:team:274c62a6d7e34e0e66e5f267a39d5f7,6,0.5,-1.0,0.0,0.0,0.0,0.09299294833063698,0.7944444444444443,0.04832419078742608,0.04232987948265726,Machi Esports,0.1388888888888889,0.8888888888888888,-1.650590615974028,-0.9752789302000836
2020,oe:team:2cb996a4b0ffaca3bcf66fe91450243,7,-0.14285714285714285,-1.0,0.0,0.0,0.42857142857142855,-0.7481206986202189,0.5874999999999999,-0.0006655092592592685,-0.004354069314641752,Movistar R7,0.59375,1.59375,1.9055301538121563,1.3050257917740324
2020,oe:team:2e66da41dc460dd378e3bcc57042d31,6,1.6666666666666667,-0.3333333333333333,0.0,0.06172839506172839,0.3333333333333333,-0.3826303017661662,0.6457142857142857,0.05007803121248498,0.0506538170823885,FlyQuest,0.1714285714285714,1.7714285714285711,-1.3961941901310906,1.879835891289252
2020,oe:team:4880b157399745e82e26e229d8bbf48,11,0.0,-1.0,0.006993006993006992,0.0,0.09090909090909091,0.10199950937189965,0.7878787878787878,0.006137731999800963,0.017260678911164357,PSG Talon,0.3939393939393939,0.6666666666666667,0.3434035422405707,-1.6941927341722185
2020,oe:team:4f5a0b869cd5960c307d1c45e9399a3,8,0.0,-0.625,0.0,0.0,0.375,-0.5186928506070719,0.7200000000000001,0.00396560846560846,0.013268194070080855,Legacy Esports,0.44,1.16,0.7035070417042766,-0.0982040893540789
2020,oe:team:50f58982d91a36557ec8aec52ab014f,9,-0.7777777777777778,-1.2222222222222223,0.06666666666666667,0.0,0.2222222222222222,0.4634646529289797,0.6925925925925925,-0.0007806826434277429,0.003253968253968245,Gen.G,0.3703703703703703,1.1851851851851851,0.1591400556728849,-0.0167271915705695
2020,oe:team:5203ff881d5c82c5f720eb3a2f3b44c,12,-1.0833333333333333,-1.4166666666666667,0.005952380952380952,0.010416666666666666,0.3333333333333333,0.004756214569489187,0.6846153846153845,0.03242216117216118,0.024473443223443227,Papara SuperMassive,0.5384615384615385,1.3076923076923077,1.473282943391875,0.3795970849781711
2020,oe:team:5f401785b6b78326f9a46b3c6b206ed,17,0.5294117647058824,-0.35294117647058826,0.026143790849673203,0.0,0.23529411764705882,0.2132767247702372,0.7584905660377359,0.03683737646001797,0.04669116625448078,LGD Gaming,0.3396226415094339,0.8867924528301887,-0.0812468109005918,-0.9820611358979338
2020,oe:team:6a0084dacefb228be863fbb64cefe11,10,0.1,-1.2,0.0,0.0,0.1,-0.30822197852857536,0.6846153846153846,0.04054487179487179,0.023113905325443794,MAD Lions KOI,0.2307692307692307,1.3846153846153846,-0.9322667493818686,0.6284518632762177
2020,oe:team:78f183fa5a7d8ecb22b9ad272c3abd7,11,-1.1818181818181819,-1.3636363636363635,0.0,0.016042780748663103,0.09090909090909091,,0.6923076923076923,0.05253986209868564,0.042363259717628644,Fnatic,0.2692307692307693,1.307692307692308,-0.6315730377851505,0.3795970849781718
2020,oe:team:7d6673d3a9d00363c6bebc1a630da6e,14,0.5,-0.7857142857142857,0.03571428571428571,0.04285714285714286,0.35714285714285715,0.07194556657359244,0.6749999999999999,0.0010066526610644274,-0.005872023809523809,G2 Esports,0.1875,1.5,-1.2705471749281765,1.001734030723288
2020,oe:team:8d47748b0e2a0ac34c90891889805a8,19,0.5789473684210527,-0.5263157894736842,0.027863777089783277,0.046881910659000436,0.2631578947368421,0.49958878037739,0.8,0.00804484837413227,-0.0020116868257600497,Suning,0.3695652173913044,0.6739130434782609,0.1528453402932439,-1.6707498927383446
2020,oe:team:8eb884e168f28402ce685bedebb5250,11,-0.2727272727272727,-1.1818181818181819,0.0,0.03679653679653679,0.36363636363636365,0.2557715729645639,0.703448275862069,0.012199903742709921,0.009734045945127294,Team Liquid,0.1724137931034483,1.3793103448275863,-1.38849169111482,0.6112894647729046
2020,oe:team:a22510a4756fa424cb0771b13261139,6,0.3333333333333333,-0.8333333333333334,0.0,0.07407407407407408,0.16666666666666666,-0.059374475665344706,0.6097560975609757,0.02044988727198196,0.02672280294231513,TSM,0.3414634146341463,1.7560975609756098,-0.0668555794205829,1.8302383535936144
2020,oe:team:af4b23d4634c4e6ecb5659fb1e689e9,5,-1.6,-1.6,0.0,0.0,0.4,,0.7714285714285711,-0.0038470560638048422,-0.011957810647194648,V3 Esports,0.238095238095238,0.9047619047619048,-0.8749917566967798,-0.9239279442020742
2020,oe:team:b42d0f31f2727621b963042276817c4,10,0.1,-0.8,0.07142857142857142,0.0,0.5,-0.09727667233089826,0.7227272727272726,0.0249992042271454,0.025893897768897754,JD Gaming,0.3181818181818182,1.1136363636363638,-0.248871950298419,-0.2481956511828101
2020,oe:team:bcb21457414eb9be1d27489ff7e8e59,5,0.8,-0.8,0.0,0.0,0.4,-0.5461793414205147,0.723076923076923,0.01609669066565618,-0.004602698524716875,INTZ,0.4615384615384615,1.0000000000000002,0.8718955201984387,-0.6158220282140152
2020,oe:team:cd62e47544f14f1d239afa659b9d243,6,-0.3333333333333333,-1.0,0.0,0.0,0.16666666666666666,-0.09368570651224939,0.6461538461538461,-0.008474736048265458,-0.004398148148148148,Rogue,0.4615384615384615,1.3076923076923077,0.8718955201984387,0.3795970849781711
2020,oe:team:e84133caa1e561518201cc7d33f14ed,14,0.9285714285714286,-0.21428571428571427,0.008928571428571428,0.028011204481792718,0.2857142857142857,0.05389049550790262,0.6947368421052634,-0.00954433497536946,0.0012142857142857276,Unicorns of Love.CIS,0.4210526315789473,1.157894736842105,0.5553758237808406,-0.1050148517074995
2020,oe:team:ef69efa6acebe94107f0cf1ba716806,17,-0.23529411764705882,-1.1176470588235294,0.014705882352941176,0.031629846508739234,0.23529411764705882,0.2424267463291091,0.7476190476190475,0.0014047285580899107,0.012369526848540105,Dplus Kia,0.2857142857142857,1.0,-0.5027043042437005,-0.6158220282140163
2020,oe:team:fcec508e780bbd1ad493852640f5b36,15,0.06666666666666667,-1.0,0.027450980392156866,0.015686274509803918,0.26666666666666666,0.03397182012505899,0.7473684210526317,0.005865767359575408,0.005714095845674785,Top Esports,0.4473684210526316,0.9210526315789472,0.7611136264522794,-0.8712256164672746
2021,oe:team:056c3140a119e44a03d462e2c832f27,21,-0.47619047619047616,-0.6190476190476191,0.0272108843537415,0.04703723594701038,1.5714285714285714,-0.2511795131199046,0.30500000000000005,-0.023431858632087462,-0.020379227053140096,EDward Gaming,0.5250000000000001,3.025,-0.9005815660179602,0.873042856101692
2021,oe:team:0edc9f071bd123368afdc0c53a3db20,9,0.2222222222222222,-0.5555555555555556,0.23529411764705882,0.09876543209876545,1.2222222222222223,0.22404295921494555,0.25,-0.01497417957687823,-0.020953243616287094,Galatasaray Esports,0.85,2.6,0.5438893181827209,-0.0214028318410125
2021,oe:team:33d17f3717f58e12a3da80b377221fb,7,-0.42857142857142855,-0.8571428571428571,0.10582010582010583,0.014661654135338348,1.7142857142857142,0.0606341341536461,0.31176470588235294,-0.02116256113429353,-0.021420559070310045,FunPlus Phoenix,0.7941176470588235,2.764705882352941,0.2955187589083954,0.3252335593340146
2021,oe:team:3a1d18f46bcb3716ebcfcf4ef068934,17,-0.47058823529411764,-0.5882352941176471,0.058823529411764705,0.06585499696954805,1.2941176470588236,0.001592594551985755,0.2682926829268293,-0.023105546623488675,-0.01926090581976054,Hanwha Life Esports,0.7317073170731707,2.292682926829269,0.0181344372541425,-0.6681756104968563
2021,oe:team:4880b157399745e82e26e229d8bbf48,6,0.3333333333333333,0.3333333333333333,0.24999999999999997,0.015873015873015876,2.1666666666666665,0.44332906606412714,0.288235294117647,-0.017512451204738193,-0.020051150895140667,PSG Talon,0.9411764705882352,2.735294117647059,0.9491254938408308,0.2633342037670457
2021,oe:team:4bd1751425ef6a9bc9d4d8e9385b4a6,6,1.0,-0.16666666666666666,0.03472222222222223,0.007936507936507938,1.8333333333333333,-0.054012905292779065,0.303030303030303,-0.030897071400503896,-0.02575318401405358,100 Thieves,0.7272727272727273,3.090909090909091,-0.0015752115154384,1.0117536847131274
2021,oe:team:50f58982d91a36557ec8aec52ab014f,16,-0.1875,-0.125,0.005952380952380953,0.035043183940242764,1.375,-0.011892088469085432,0.32941176470588235,-0.023329743796832236,-0.03290220436000488,Gen.G,0.6176470588235294,2.205882352941176,-0.4888093230105265,-0.8508541964384007
2021,oe:team:67169969ecc058b307edfa9c6b7a3c0,9,-2.888888888888889,-2.0,0.05291005291005291,0.04337492572786691,1.1111111111111112,-0.5410677904545205,0.32727272727272727,-0.008230733118289339,-0.014189644896166635,RED Canids,0.9545454545454544,2.5909090909090904,1.0085442879255977,-0.0405353599253497
2021,oe:team:6a0084dacefb228be863fbb64cefe11,11,2.090909090909091,0.0,0.050505050505050504,0.0,1.4545454545454546,0.42583682111392845,0.37272727272727274,-0.0263654855188036,-0.03019323671497584,MAD Lions KOI,0.8181818181818181,2.7272727272727275,0.4024725882609757,0.2464525613396908
2021,oe:team:73f3126d91d35faa5d5ce34abadb865,12,0.5833333333333334,-0.4166666666666667,0.07017543859649122,0.05882936507936507,1.4166666666666667,-0.04522999836735081,0.41666666666666663,-0.031443342656157294,-0.010752854969049614,Royal Never Give Up,0.5277777777777778,2.9722222222222223,-0.8882356610247926,0.7619679013898533
2021,oe:team:78f183fa5a7d8ecb22b9ad272c3abd7,6,0.3333333333333333,-0.8333333333333334,0.03174603174603175,0.1208333333333333,1.3333333333333333,-0.30316035558381105,0.406060606060606,-0.026586998898211714,-0.013795930317669448,Fnatic,1.272727272727273,1.5454545454545454,2.4227115871430493,-2.240776089623981
2021,oe:team:7e3dd5ff49e1a44784d225d2de40260,4,1.5,0.25,0.1477272727272727,0.0,2.0,0.0815151349275807,0.32000000000000006,-0.03387610116510373,-0.031553325901151986,inf,1.1,2.9999999999999996,1.6550207675678603,0.8204284038697675
2021,oe:team:89008bdacc273b554227d6b76869381,13,-0.6923076923076923,-1.0,0.09829059829059832,0.1910759175465058,1.2307692307692308,0.11594441548845508,0.2727272727272727,-0.02892577953447518,-0.030651929927292248,Beyond Gaming,0.5454545454545455,3.060606060606061,-0.8096708110682672,0.9479785910986744
2021,oe:team:8eb884e168f28402ce685bedebb5250,7,-2.0,-1.5714285714285714,0.037267080745341616,0.03968253968253969,0.42857142857142855,-0.5097489919651028,0.29999999999999993,-0.02681636155606407,-0.016783466819221972,Team Liquid,0.71875,3.03125,-0.0394546927444773,0.8861964691596731
2021,oe:team:a9145b7711873f53e610fbba0493484,11,-0.9090909090909091,-1.1818181818181819,0.032085561497326213,0.06669062163133309,1.3636363636363635,0.37884754489227673,0.3490909090909091,-0.03111369448965357,-0.024698526769673015,LNG Esports,0.6181818181818182,2.818181818181818,-0.486432571247136,0.4377778421830491
2021,oe:team:b61ee1b18ac8e03518fc61ac07d497c,12,2.0,0.5,0.0,0.03196248196248196,1.6666666666666667,-0.005295380734364946,0.3419354838709678,-0.019824744368923893,-0.019433185646498048,PEACE,0.7741935483870968,2.516129032258064,0.2069655883691624,-0.1979158328771452
2021,oe:team:cd62e47544f14f1d239afa659b9d243,8,1.625,0.25,0.0,0.02314814814814815,1.625,0.19696633935223515,0.3,-0.023230011788364188,-0.005412338078748231,Rogue,0.409090909090909,2.954545454545454,-1.4157425107328894,0.7247657634480879
2021,oe:team:ce499dea30cfce118f4fe85da0227e8,14,-0.9285714285714286,-1.0714285714285714,0.07407407407407407,0.03605442176870748,0.8571428571428571,0.2391515724367544,0.3061224489795918,-0.0266660439919675,-0.031518629394057515,T1,0.5510204081632653,2.408163265306122,-0.7849331906737934,-0.4251382203961842
2021,oe:team:e435aa3ecb82a89e60544f5f5857a81,11,0.8181818181818182,0.5454545454545454,0.01818181818181818,0.1400701694819342,1.3636363636363635,-0.03798594551928139,0.3666666666666667,-0.03653564631825501,-0.0368134240960328,DetonatioN FocusMe,0.4166666666666667,1.875,-1.3820718607515212,-1.5472219465668036
2021,oe:team:e84133caa1e561518201cc7d33f14ed,5,-0.2,-0.4,0.22962962962962963,0.0,1.4,-0.21884139039678746,0.33333333333333337,-0.015846061256689276,-0.013469808305723682,Unicorns of Love.CIS,1.0,1.6666666666666663,1.210568187813805,-1.985675715166169
2021,oe:team:ef69efa6acebe94107f0cf1ba716806,19,0.5789473684210527,-0.3157894736842105,0.008310249307479223,0.07905875800612643,1.0,0.07836605937544544,0.24571428571428572,-0.027583451382078385,-0.01933341452523038,Dplus Kia,0.5428571428571428,2.257142857142857,-0.8212150339190224,-0.7429724624502537
2021,oe:team:fc8e90107dabb9a35c490b0d86adea0,18,-0.4444444444444444,-0.3333333333333333,0.055555555555555566,0.060435220221941935,1.6666666666666667,-0.1784109760812305,0.34285714285714286,-0.028703933747412005,-0.01902108585097188,Cloud9,0.5714285714285714,3.2857142857142856,-0.6942285825607207,1.4217364293774688
2022,oe:team:056c3140a119e44a03d462e2c832f27,11,0.8181818181818182,0.45454545454545453,0.02727272727272728,0.04112554112554113,1.4545454545454546,-0.15306100386345137,0.5,-0.020035562210472143,-0.0054978144730451674,EDward Gaming,0.1785714285714285,1.9285714285714284,-0.920097049002477,0.2088988477269142
2022,oe:team:0916b3c324c8577b0c6344f3e067f62,6,0.8333333333333334,0.3333333333333333,0.10416666666666667,0.06189083820662767,1.3333333333333333,0.25584248167343504,0.5771428571428571,0.03830424406906555,0.04627766599597585,CTBC Flying Oyster,0.4571428571428572,2.0285714285714285,0.3745118180721848,0.5425448696880745
2022,oe:team:1d0389df0c5eea93b04122ba167c010,26,0.5,0.07692307692307693,0.12820512820512822,0.10763508040395912,1.3461538461538463,-0.08055081855609697,0.5200000000000001,0.0005666150010108433,0.015879514712034585,Kiwoom DRX,0.7636363636363636,1.9818181818181817,1.7988833454830009,0.3865545217581814
2022,oe:team:4bd1751425ef6a9bc9d4d8e9385b4a6,6,-2.1666666666666665,-1.3333333333333333,0.0,0.0,0.16666666666666666,,0.42499999999999993,0.01503930560104815,0.024617914096147137,100 Thieves,0.1875,2.1875,-0.8786031750577762,1.072803726019204
2022,oe:team:50f58982d91a36557ec8aec52ab014f,16,-0.25,-0.9375,0.029605263157894735,0.11137870718462824,0.875,0.5129159853869372,0.4883720930232558,0.002364734649106104,0.016953579849092456,Gen.G,0.4418604651162791,2.0697674418604652,0.3034897454598597,0.6799937292335364
2022,oe:team:5737b101780a9835142549164be1ac4,5,-0.6,-0.8,0.03636363636363636,0.04761904761904762,1.2,-0.15373023759779128,0.6000000000000001,-0.02890212417882979,0.0053931958056990855,Isurus,0.3793103448275862,1.827586206896552,0.0127997031335525,-0.1280343271599705
2022,oe:team:658a021a796aa5501503220adb38cf4,10,-1.0,-0.8,0.026666666666666665,0.13133116883116883,1.0,-0.28934646908077655,0.5172413793103449,0.0009383784420209828,0.011559175269714362,LOUD,0.5172413793103448,1.96551724137931,0.6538085144172041,0.3321670824416281
2022,oe:team:692bccdba8ec7050f5aeb916815439e,5,1.2,0.8,0.06,0.04,1.2,0.1757097868273217,0.5913043478260867,0.02755793341283397,0.03431038117514782,Chiefs Esports Club,0.4347826086956521,1.217391304347826,0.2705967250628472,-2.163925345723571
2022,oe:team:6a0084dacefb228be863fbb64cefe11,12,-0.75,-1.0,0.0,0.10948773448773451,0.3333333333333333,0.2897159608116984,0.35000000000000014,-0.02014463122822959,-0.001233925290875691,MAD Lions KOI,0.4166666666666666,1.8333333333333333,0.1864062561895413,-0.108859268426571
2022,oe:team:73f3126d91d35faa5d5ce34abadb865,19,-0.10526315789473684,0.42105263157894735,0.005847953216374268,0.02002288329519451,1.0,0.3616944875088648,0.4814814814814815,-0.01736924470801417,-0.00712088718870149,Royal Never Give Up,0.3333333333333333,1.5370370370370372,-0.2008699006276647,-1.0974400742374146
2022,oe:team:78f183fa5a7d8ecb22b9ad272c3abd7,11,0.45454545454545453,0.18181818181818182,0.07272727272727274,0.04406216313330938,1.3636363636363635,-0.28906202479030124,0.46249999999999986,-0.04329132690882135,0.0006571758135017016,Fnatic,0.15625,2.21875,-1.0238317338642289,1.1770681078820664
2022,oe:team:7d6673d3a9d00363c6bebc1a630da6e,6,1.5,1.0,0.0,0.030303030303030307,1.6666666666666667,-0.4185261517691856,0.49600000000000005,-0.006987487716999679,0.014418624141543475,G2 Esports,0.2,1.88,-0.8205117515351952,0.0468422084886367
2022,oe:team:89008bdacc273b554227d6b76869381,5,0.4,1.0,0.03571428571428571,0.05333333333333333,1.4,-0.2752372959883238,0.4540540540540541,-0.007610442169374721,0.011644274151778187,Beyond Gaming,0.7567567567567568,2.4054054054054057,1.7669116529300328,1.7998364427926783
2022,oe:team:8e27b674a472ab529e758f13f0bace0,9,0.5555555555555556,0.0,0.018518518518518517,0.0,1.1111111111111112,-0.206844793372239,0.5234042553191489,0.0059782474572088375,0.007849230253500816,Saigon Buffalo,0.3829787234042553,1.3404255319148934,0.0298478098166282,-1.7534265397954094
2022,oe:team:9cae7677cd0dbcc1cd86653870b73c2,6,2.0,0.8333333333333334,0.05555555555555555,0.18253968253968253,1.5,0.1582300060557303,0.5755102040816328,0.021414867945212804,0.02039818604662211,GAM Esports,0.4897959183673469,1.2040816326530612,0.5262608427842328,-2.208332535869244
2022,oe:team:a65adb2808377018a2a7832eb2bd7f4,5,-0.2,-0.8,0.0,0.009523809523809525,1.0,-0.1959088173196561,0.5217391304347826,-0.024564411641473553,-0.0008858281549596911,İstanbul Wildcats,0.0869565217391304,1.956521739130435,-1.345860277304623,0.3021539470328299
2022,oe:team:b42d0f31f2727621b963042276817c4,14,-1.2857142857142858,-1.0714285714285714,0.051948051948051945,0.22070386298892347,0.6428571428571429,0.0057721959986132,0.5045454545454545,-0.006225768990262936,0.01582235164810261,JD Gaming,0.25,1.7045454545454544,-0.5881460574448714,-0.5385549027704896
2022,oe:team:cd62e47544f14f1d239afa659b9d243,10,-0.9,-0.6,0.2571428571428571,0.03636363636363636,1.0,-0.15416700143077997,0.4333333333333333,-0.028654656621901954,-0.017332851811725055,Rogue,0.2333333333333333,2.1666666666666665,-0.6656012888083127,1.0032941381106284
2022,oe:team:ce499dea30cfce118f4fe85da0227e8,18,1.2222222222222223,0.3888888888888889,0.1570048309178744,0.08660413660413661,1.0,0.042431232672932376,0.5063829787234043,-0.0008814490107393481,-0.0005219212994146752,T1,0.978723404255319,1.829787234042553,2.798460335148146,-0.1206906876450525
2022,oe:team:e435aa3ecb82a89e60544f5f5857a81,14,-0.7142857142857143,-0.21428571428571427,0.08928571428571429,0.029004329004329008,0.9285714285714286,0.5056714021882075,0.44999999999999996,-0.01674775928297055,-0.000985203254927801,DetonatioN FocusMe,0.2857142857142857,2.0,-0.4221705616660687,0.4472174348420291
2022,oe:team:ef69efa6acebe94107f0cf1ba716806,12,-0.08333333333333333,-0.5833333333333334,0.07894736842105263,0.015151515151515154,0.8333333333333334,0.3335091963395648,0.5372549019607843,-0.00599063601857382,0.019928196630764984,Dplus Kia,0.3725490196078431,1.823529411764706,-0.0186222974195677,-0.1415696627364878
2022,oe:team:f7f7324c151aa6ed770b244ce08e027,16,0.6875,0.0625,0.17045454545454547,0.07037907268170426,1.25,0.10066753358459812,0.488235294117647,0.012276869774798523,0.026498578114153917,Evil Geniuses,0.3235294117647058,2.088235294117647,-0.2464318014296894,0.7416109836312883
2022,oe:team:fc8e90107dabb9a35c490b0d86adea0,6,-1.1666666666666667,-0.5,0.0,0.07391304347826087,0.6666666666666666,-0.07077327140804915,0.48749999999999993,0.007680969538159182,0.014237283203352345,Cloud9,0.125,1.8125,-1.169060292670681,-0.1783688563351458
2022,oe:team:fcec508e780bbd1ad493852640f5b36,6,-2.0,-1.6666666666666667,0.10714285714285714,0.1111111111111111,0.5,0.5522768125733084,0.47346938775510194,-0.0009457408905258812,0.0214126316339596,Top Esports,0.2857142857142857,1.7755102040816326,-0.4221705616660687,-0.30178383894833
2023,oe:team:0916b3c324c8577b0c6344f3e067f62,7,0.5714285714285714,-0.14285714285714285,0.05714285714285715,0.0,0.7142857142857143,0.3155235477906305,0.4358974358974358,-0.021164529914529908,-0.026611380798274,CTBC Flying Oyster,0.1282051282051282,1.358974358974359,-1.1914931500825916,-0.1364759996578299
2023,oe:team:2cb996a4b0ffaca3bcf66fe91450243,4,0.25,0.0,0.8999999999999999,0.02083333333333333,1.25,0.0,0.41111111111111115,-0.012716384863123988,-0.026338661774982525,Movistar R7,0.2777777777777778,2.111111111111111,-0.3578779604725858,1.2027843405419794
2023,oe:team:407a64574852482edb8c1560eab637c,10,0.0,-0.2,0.0,0.21428571428571425,0.8,0.025239259205043954,0.41860465116279066,-0.025815093479252163,-0.02665503875968992,Team Whales,0.1162790697674418,1.2093023255813955,-1.2579608063970107,-0.4029831445231723
2023,oe:team:4880b157399745e82e26e229d8bbf48,9,0.1111111111111111,-0.2222222222222222,0.05555555555555555,0.5714285714285714,1.0,0.13264047473173518,0.4482758620689655,-0.0612787356321839,-0.04355937748947308,PSG Talon,0.2068965517241379,1.1724137931034482,-0.7529212178148643,-0.4686671420349772
2023,oe:team:50f58982d91a36557ec8aec52ab014f,9,-0.4444444444444444,-0.5555555555555556,0.1259259259259259,0.04059829059829059,1.0,0.5342972608887686,0.34545454545454546,-0.025259539842873185,-0.023170442044204417,Gen.G,0.4545454545454545,1.7272727272727273,0.6273036272483297,0.5193188363491015
2023,oe:team:606c6ac695907af3823ee6405c58ff1,19,-0.9473684210526315,-0.15789473684210525,0.03759398496240602,0.0020242914979757085,0.8421052631578947,-0.08191229782472084,0.41249999999999987,-0.016601562500000003,-0.016716031364468864,Weibo Gaming,0.21875,2.1875,-0.6868582406579631,1.3388029688435223
2023,oe:team:658a021a796aa5501503220adb38cf4,6,-0.16666666666666666,-0.6666666666666666,0.04761904761904762,0.11111111111111109,0.3333333333333333,0.2599728114414678,0.44545454545454544,-0.03916396103896104,-0.04537441724941725,LOUD,0.6363636363636364,1.0,1.6406332603327,-0.7756684347531935
2023,oe:team:6a0084dacefb228be863fbb64cefe11,5,0.8,0.2,0.06666666666666668,0.08680555555555555,1.0,-0.27694559730094104,0.5000000000000001,-0.020048868312757203,-0.007397486772486775,MAD Lions KOI,0.3333333333333333,0.9444444444444444,-0.0482494614745836,-0.8745910735179522
2023,oe:team:7338408a0fe0217451d2c9a567db999,16,0.125,0.0,,0.06145833333333334,0.0,0.4371532836137566,0.5000000000000001,-0.029874817251461988,-0.03582853132387707,Team BDS,0.0,0.0,-1.9060204554625964,-2.556275932518849
2023,oe:team:78f183fa5a7d8ecb22b9ad272c3abd7,9,0.6666666666666666,-0.1111111111111111,0.0,0.06203703703703703,1.1111111111111112,0.041067395416763755,0.4914285714285715,-0.06917989417989419,-0.06427864214992927,Fnatic,0.2285714285714285,1.0,-0.6321203452993878,-0.7756684347531935
2023,oe:team:7d6673d3a9d00363c6bebc1a630da6e,9,0.8888888888888888,0.0,0.0,0.037037037037037035,0.8888888888888888,0.7631138217088633,0.5153846153846153,-0.01973824786324787,-0.01912049378014724,G2 Esports,0.3076923076923077,0.8461538461538463,-0.1911549225505847,-1.0496080497940634
2023,oe:team:8eb884e168f28402ce685bedebb5250,5,-0.6,-0.2,0.18000000000000002,0.17820512820512818,1.0,-0.1432297193797692,0.5290322580645161,0.004062126642771795,-0.011490015360983106,Team Liquid,0.6451612903225806,0.9032258064516128,1.6896653393529115,-0.9479852893756764
2023,oe:team:9cae7677cd0dbcc1cd86653870b73c2,17,0.4117647058823529,-0.058823529411764705,0.24019607843137247,0.1284313725490196,1.1176470588235294,-0.11169437606256308,0.34444444444444444,-0.01475694444444444,-0.02132803166069295,GAM Esports,0.6666666666666667,1.1388888888888888,1.8095215325134288,-0.528361837841297
2023,oe:team:a9145b7711873f53e610fbba0493484,11,-0.09090909090909091,-1.0,0.03636363636363637,0.0506993006993007,0.9090909090909091,0.24480829476905458,0.4769230769230768,-0.03950023741690409,-0.051241582491582484,LNG Esports,0.3846153846153846,1.948717948717949,0.2375614606774178,0.9136258579988386
2023,oe:team:b42d0f31f2727621b963042276817c4,13,0.07692307692307693,0.0,0.038461538461538464,0.06666666666666667,1.2307692307692308,-0.12506191226240368,0.49166666666666675,-0.03597608024691359,-0.03780247709049256,JD Gaming,0.3333333333333333,1.75,-0.0482494614745839,0.5597871885710481
2023,oe:team:ce499dea30cfce118f4fe85da0227e8,15,-0.06666666666666667,0.13333333333333333,0.05128205128205129,0.014444444444444446,1.4666666666666666,0.27074865452253555,0.36666666666666664,-0.022125771604938272,-0.021544225146198828,T1,0.5416666666666667,1.8958333333333333,1.1128574097679242,0.8194591153285394
2023,oe:team:d356a144644879dabb5f34cd99c886d,18,-0.3333333333333333,-0.4444444444444444,0.027777777777777776,0.07195767195767196,1.1666666666666667,-0.09912377102239324,0.37272727272727274,-0.0292929292929293,-0.02358366271409749,Bilibili Gaming,0.4545454545454546,2.2727272727272725,0.62730362724833,1.4905592896758222
2023,oe:team:d723992568441c6bafa2658129eade7,12,0.16666666666666666,-0.8333333333333334,0.0,0.08750000000000001,0.75,0.1763793490492116,0.45999999999999996,-0.01227430555555556,-0.03263711734693877,KT Rolster,0.175,1.825,-0.9306906836188898,0.6933327509034722
2023,oe:team:e435aa3ecb82a89e60544f5f5857a81,4,-1.75,-1.75,0.0,0.2,0.75,,0.5176470588235293,-0.018472932651321394,0.006508971513133562,DetonatioN FocusMe,0.2352941176470588,1.7647058823529411,-0.5946526950004699,0.5859725929499551
2023,oe:team:e758ebe9a5a2cc81b9c8078479c2d87,8,1.0,0.5,0.027777777777777776,0.09404761904761906,1.375,-0.08977357134282693,0.42068965517241386,-0.020921136653895278,-0.02449712643678161,NRG,0.3103448275862069,1.7586206896551724,-0.1763715989909984,0.5751372532069589
2023,oe:team:ef69efa6acebe94107f0cf1ba716806,8,0.375,-0.125,0.14166666666666666,0.11111111111111109,0.75,0.21582151506289446,0.4687499999999999,-0.03319589120370371,-0.019443167892156863,Dplus Kia,0.46875,0.96875,0.7064700048330461,-0.8313124190583703
2023,oe:team:fc8e90107dabb9a35c490b0d86adea0,6,-1.0,-1.0,0.08333333333333333,0.0,0.8333333333333334,,0.39000000000000007,-0.020694444444444456,-0.020192307692307686,Cloud9,0.4,1.8,0.3233047373230187,0.648817563459331
2024,oe:team:2cb996a4b0ffaca3bcf66fe91450243,8,0.125,0.25,0.25,0.13035714285714287,1.25,-0.035277667970327276,0.49285714285714266,-0.02289735550708833,-0.009513609151403198,Movistar R7,0.4999999999999999,2.142857142857143,1.0429320712130292,-1.671519094676637
2024,oe:team:2e66da41dc460dd378e3bcc57042d31,14,0.07142857142857142,-1.0,0.0,0.13730158730158729,0.2857142857142857,-0.08200508987652158,0.4631578947368422,-0.017351345922057056,-0.0295653047321257,FlyQuest,0.1052631578947368,2.473684210526316,-1.5137774124859498,-0.4558073767289532
2024,oe:team:3a1d18f46bcb3716ebcfcf4ef068934,12,0.3333333333333333,-0.5833333333333334,0.25,0.0857638888888889,1.0,0.4143360316269538,0.4509803921568627,0.018099835353988923,0.006199543322282621,Hanwha Life Esports,0.3529411764705882,2.352941176470588,0.0904324596389003,-0.8995096481189517
2024,oe:team:4880b157399745e82e26e229d8bbf48,13,0.0,-0.8461538461538461,0.23076923076923078,0.1631868131868132,1.1538461538461537,0.07427445220020713,0.3785714285714285,-0.01308615049073064,-0.02291717967659854,PSG Talon,0.5357142857142857,2.9642857142857144,1.2742534054524612,1.3470378413639177
2024,oe:team:4bd1751425ef6a9bc9d4d8e9385b4a6,7,-0.42857142857142855,-0.7142857142857143,0.22448979591836737,0.4639455782312925,0.7142857142857143,-0.2344869880798634,0.49374999999999997,-0.00045745397395599986,-0.0081371925360475,100 Thieves,0.21875,2.40625,-0.778723435922493,-0.7036122510549374
2024,oe:team:50f58982d91a36557ec8aec52ab014f,14,-0.7857142857142857,-1.7142857142857142,0.09285714285714286,0.1130952380952381,0.7857142857142857,0.38748356636472464,0.45833333333333326,-0.009321988973706527,-0.0332199358336099,Gen.G,0.2083333333333333,2.2916666666666665,-0.8461921584089941,-1.1246790700316094
2024,oe:team:606c6ac695907af3823ee6405c58ff1,16,0.0625,-0.5,0.17307692307692307,0.03515625000000001,1.375,0.4879309777243888,0.4148148148148148,-0.004333945905192729,-0.018706373888731823,Weibo Gaming,0.2407407407407407,2.888888888888889,-0.6362894662287691,1.069972228877103
2024,oe:team:61450737f7b683db4da7b3e0bf0dced,12,1.0,0.0,0.21666666666666667,0.13615319865319866,1.1666666666666667,0.5770496707137557,0.4608695652173913,-0.039640723531364094,-0.04131741178298296,paiN Gaming,0.4347826086956521,2.9130434782608696,0.6205191999931984,1.1587346676600645
2024,oe:team:6a0084dacefb228be863fbb64cefe11,10,0.7,-0.1,0.1,0.19333333333333333,1.3,-0.35136031989874694,0.4720000000000001,-0.009824025713137815,-0.010797709923664123,MAD Lions KOI,0.28,2.5200000000000005,-0.3820073477018679,-0.2856077362162764
2024,oe:team:78f183fa5a7d8ecb22b9ad272c3abd7,6,0.0,-0.6666666666666666,0.027777777777777776,0.0,1.3333333333333333,0.5574110970903876,0.47741935483870973,-0.012441516867766558,-0.014860871706476238,Fnatic,0.1935483870967742,2.290322580645161,-0.9419542161317692,-1.12961827025421
2024,oe:team:7d6673d3a9d00363c6bebc1a630da6e,8,1.25,0.125,0.010416666666666668,0.1374599358974359,1.25,-0.04729027633726228,0.4434782608695651,-0.005033742670649408,-0.014010376802563042,G2 Esports,0.2608695652173913,2.5434782608695654,-0.5059151232596854,-0.1993306457192392
2024,oe:team:8eb884e168f28402ce685bedebb5250,10,-1.2,-0.9,0.13333333333333336,0.027692307692307693,0.6,-0.46066537611343644,0.40645161290322585,0.0019063449068373998,-0.0029323647705819618,Team Liquid,0.2903225806451612,2.709677419354838,-0.3151480201281488,0.4114121991970671
2024,oe:team:9cae7677cd0dbcc1cd86653870b73c2,12,0.5833333333333334,-0.5833333333333334,0.022222222222222223,0.19378306878306875,1.0833333333333333,-0.17982894188855708,0.46153846153846145,0.004061460168330397,-0.005731229411593221,GAM Esports,0.3846153846153846,2.717948717948718,0.2955862221317894,0.4418072774899945
2024,oe:team:a9145b7711873f53e610fbba0493484,8,0.125,-0.875,0.022727272727272728,0.3185096153846154,0.5,-0.30396149701546615,0.49473684210526325,0.016629837953662786,0.00024065069981387994,LNG Esports,0.2894736842105263,2.3421052631578947,-0.3206463200930925,-0.9393290827308732
2024,oe:team:ce499dea30cfce118f4fe85da0227e8,17,0.058823529411764705,-0.5882352941176471,0.08912655971479502,0.12279411764705882,1.0,0.037502728781464933,0.4773333333333332,0.011835453774385074,4.7688481001804896e-05,T1,0.44,2.2533333333333334,0.654312229690785,-1.265545060380168
2024,oe:team:d356a144644879dabb5f34cd99c886d,20,0.7,0.05,0.1625,0.1481973581973582,1.7,-0.13402784864262346,0.4714285714285714,-0.0014540167211922936,0.008180534773824315,Bilibili Gaming,0.3809523809523809,2.619047619047619,0.2718609570815914,0.0783689841874525
2024,oe:team:d8ca3fc1f0827ec76369af7b70d43e3,4,-0.25,-2.0,0.5,0.2142857142857143,0.75,0.012334847366634594,0.3882352941176469,-0.02673327346205658,-0.03153719503068403,Fukuoka SoftBank HAWKS gaming,0.3529411764705882,2.852941176470588,0.0904324596389003,0.937872834688342
2024,oe:team:ef69efa6acebe94107f0cf1ba716806,9,-1.1111111111111112,-2.111111111111111,0.27777777777777785,0.05128205128205129,0.4444444444444444,-0.26559237366205457,0.3963636363636365,-0.0019743233865371253,0.0029319559011854583,Dplus Kia,0.509090909090909,2.745454545454545,1.1018138653830667,0.5428847287586459
2024,oe:team:fcec508e780bbd1ad493852640f5b36,8,-2.0,-2.5,0.125,0.24621212121212127,0.625,,0.4304347826086955,-0.021858059519858385,-0.0556276543142979,Top Esports,0.0869565217391304,3.0217391304347823,-1.6323494465125692,1.5581656421833876
2024,oe:team:fe099196385a285d6d6edde504dc1f6,4,-1.5,-0.75,0.275,0.24285714285714285,0.75,0.12808050756907868,0.3571428571428571,-0.005937840785169028,-0.02168480623801683,MGN Vikings Esports,0.7142857142857143,2.9047619047619047,2.4308600766496187,1.1283018315059057
2025,oe:team:0916b3c324c8577b0c6344f3e067f62,12,-0.4166666666666667,-0.5,0.4166666666666667,0.041666666666666664,0.4166666666666667,-0.03416723623060848,0.7517241379310344,0.013908759905761413,0.0043876871088265445,CTBC Flying Oyster,0.0344827586206896,0.8620689655172414,-1.2613588161029492,0.0884714852227302
2025,oe:team:2e66da41dc460dd378e3bcc57042d31,8,0.125,-0.5,0.0,0.3096153846153846,0.0,0.164001296013432,0.7529411764705881,0.007973044290179837,0.0020046920369978646,FlyQuest,0.0294117647058823,0.3529411764705882,-1.3382759047951642,-1.5652388810399718
2025,oe:team:3a1d18f46bcb3716ebcfcf4ef068934,9,-1.2222222222222223,-1.1111111111111112,0.0,0.14814814814814814,0.1111111111111111,0.40513728961791134,0.6697674418604651,0.0075561333397531575,-0.009456786556887663,Hanwha Life Esports,0.0697674418604651,1.0930232558139534,-0.7261589803654891,0.8386397380923851
2025,oe:team:4880b157399745e82e26e229d8bbf48,5,0.2,-0.6,0.0,0.0,0.2,0.022932852875508558,0.6583333333333332,0.015566770186335408,0.0004560106926645139,PSG Talon,0.0833333333333333,1.0,-0.5203908617012764,0.5364886362421075
2025,oe:team:4acc40654379b4da680be1bd3129dfa,10,0.2,-0.3,0.0,0.10769230769230768,0.2,0.2583834302841007,0.6749999999999998,0.02148176903611686,0.005215502769850602,Movistar KOI,0.15625,0.5625,0.5856127761188676,-0.8845657646474803
2025,oe:team:4bd1751425ef6a9bc9d4d8e9385b4a6,5,1.0,0.0,0.0,0.015384615384615385,0.0,-0.9564185776621472,0.7444444444444442,0.011514965621245803,-0.0037035581064199666,100 Thieves,0.0277777777777777,0.3611111111111111,-1.3630603000404335,-1.5387019174379253
2025,oe:team:50f58982d91a36557ec8aec52ab014f,13,0.6923076923076923,-0.5384615384615384,0.042735042735042736,0.00591715976331361,0.15384615384615385,0.28968834336788873,0.6727272727272727,0.0015336247220305152,-0.011006486879113946,Gen.G,0.1363636363636363,1.0303030303030305,0.2839754203497373,0.6349166466933343
2025,oe:team:53a258f289c26d94431c0496a54e151,4,-0.25,-0.5,0.0,0.019230769230769232,0.5,-0.252982576031003,0.6720000000000002,0.021164835164835166,0.004357142857142862,Invictus Gaming,0.1399999999999999,1.14,0.3391319654046639,0.991226044526776
2025,oe:team:740de582f50775c516c77ed7b923fd5,6,-0.16666666666666666,-0.6666666666666666,0.0,0.0,0.3333333333333333,0.20509051072249865,0.6249999999999999,0.01626121463077984,0.0002622830068482262,Team Secret Whales,0.25,1.3125,2.0076174533161955,1.5515274940203845
2025,oe:team:78f183fa5a7d8ecb22b9ad272c3abd7,5,-0.2,-0.4,0.2,0.0,0.2,-0.09677283890211494,0.7040000000000002,0.014674028065332412,0.0009393820268889059,Fnatic,0.04,0.56,-1.1776730236058188,-0.8926860755097064
2025,oe:team:7d6673d3a9d00363c6bebc1a630da6e,10,0.3,-0.1,0.12000000000000002,0.0,0.5,0.2809333629631901,0.6344827586206897,0.03075049776698952,0.017181756612041472,G2 Esports,0.1724137931034483,0.6206896551724138,0.8307859963253037,-0.6955585290611803
2025,oe:team:b9e44c69c1a70fb35df9be96f9eafea,7,0.0,-0.7142857142857143,0.0,0.0989010989010989,0.0,-0.4587674576414852,0.703448275862069,0.006682373099164699,-0.009215522109075334,Vivo Keyd Stars,0.0689655172413793,0.4482758620689655,-0.738322612995886,-1.2555799678354025
2025,oe:team:ce499dea30cfce118f4fe85da0227e8,24,0.20833333333333334,-0.25,0.04807692307692308,0.013888888888888888,0.5,-0.18088293625085325,0.6666666666666664,0.008767665856512744,-0.0047988117742371016,T1,0.1884057971014492,1.1014492753623188,1.0733535108097387,0.8660084973179539
2025,oe:team:d356a144644879dabb5f34cd99c886d,8,0.375,-0.625,0.17307692307692307,0.0,0.25,-0.169465822062659,0.7223880597014927,0.0077002839494727865,-0.0012578493605851099,Bilibili Gaming,0.1940298507462686,0.880597014925373,1.158659437078985,0.1486528935686161
2025,oe:team:d723992568441c6bafa2658129eade7,16,0.5625,-0.0625,0.020833333333333332,0.028846153846153848,0.625,-0.25508200328875796,0.7365853658536586,0.013590015498817202,0.005274156322125882,KT Rolster,0.1463414634146341,0.7073170731707317,0.4353195988541097,-0.4141819037258398
2025,oe:team:ed28f87f0cfdba0a2a8f183cebae73a,10,-0.8,-0.6,0.05,0.2230769230769231,0.4,0.02169128373670684,0.6746666666666669,0.01564256728778468,0.006515360080577479,Anyone's Legend,0.1333333333333333,1.2400000000000002,0.2380116328039652,1.3160384790158248
2025,oe:team:fcec508e780bbd1ad493852640f5b36,16,-0.6875,-1.0625,0.0,0.11196581196581197,0.125,0.0375749678321399,0.7193548387096772,0.007501965075597622,-0.0037956557096892095,Top Esports,0.1290322580645161,0.9193548387096774,0.1727727085454498,0.2745431245573907
