row,control,winprob_pp,lo,hi,p,p_method,n_games
Net exposure,none,-0.11537094371367301,-2.394134454015939,2.0332828248887225,0.932067932067932,studentized permutation,1097
Buff exposure,none,1.5213636116150282,-2.7922236462132157,4.585700947936324,0.24875124875124874,studentized permutation,1097
Excess bans,none,-1.575623446536615,-5.095043776274081,1.7839822953432718,0.40017293796263764,wald,729
Pick advantage,none,-2.205599374364867,-5.091178079193022,0.17113036985108337,0.069,bootstrap,1097
Net exposure,1y,1.2771746713021774,-1.0465126537921425,3.694138861610562,0.35764235764235763,studentized permutation,1097
Buff exposure,1y,2.359648294709919,-1.3388194599801164,5.537341856106358,0.07992007992007992,studentized permutation,1097
Excess bans,1y,-1.1549721900995484,-4.596127000867952,2.366142665080761,0.58215369647809,wald,729
Pick advantage,1y,-1.395094331881617,-4.381603798763986,1.0718003356355323,0.311,bootstrap,1097
Net exposure,season,1.0523302816529139,-1.4400401668087224,3.5186181038518036,0.4065934065934066,studentized permutation,1097
Buff exposure,season,2.6747278887612835,-1.1498887995157383,6.25206854694233,0.03996003996003996,studentized permutation,1097
Excess bans,season,-1.026796188764483,-4.792561611590958,2.377409044196664,0.6225792961020133,wald,729
Pick advantage,season,-1.3770277967915852,-4.588507362159252,1.118869901179493,0.314,bootstrap,1097
Net exposure,90d,-0.12368808639630854,-2.553250407621339,2.1018282552748464,0.9280719280719281,studentized permutation,1097
Buff exposure,90d,1.1985215082065193,-3.876452267180042,4.507225329718274,0.3756243756243756,studentized permutation,1097
Excess bans,90d,-2.062168030882332,-5.217645128076798,1.2896246656972448,0.27625824652966,wald,729
Pick advantage,90d,-2.029511186484812,-4.931462151832087,0.34930084225382063,0.093,bootstrap,1097
