exposure,strength,r,p,n
intended_z,s1_z,-0.13695219731465935,0.0448703227043738,215
intended_z,ss_z,-0.1300571105247992,0.05691159179718255,215
intended_z,form_z,0.07496979321866323,0.2737771474272347,215
buffs_z,s1_z,-0.07369722597587124,0.28202675830740664,215
buffs_z,ss_z,-0.08027314152342567,0.24117051011044724,215
buffs_z,form_z,-0.05851745327851976,0.39323564250460014,215
nerfs_z,s1_z,0.10809105718185891,0.11403355617063823,215
nerfs_z,ss_z,0.09824020174786918,0.1511271363210209,215
nerfs_z,form_z,-0.10299664911477485,0.1322135984924632,215
