year,teamid,team,major,n_unseen_patches,intended,nerfs,buffs,walkback,walkback_all_reasons,touched,pool_share_changed,buff_share,nerf_share,intended_z,nerfs_z,buffs_z,walkback_z,walkback_all_reasons_z,touched_z
2016,oe:team:056c3140a119e44a03d462e2c832f27,EDward Gaming,LPL,3,-2.2564102564102564,2.6923076923076925,0.4358974358974359,-0.15384615384615385,-0.15384615384615385,0.3076923076923077,0.5333333333333333,0.08717948717948718,0.4461538461538462,1.4242553282495556,-1.1681675259610218,1.4450817755923069,1.8073008586946675,1.8073008586946675,1.0343350688063977
2016,oe:team:2f758c15b9c1781b2d4032011ae1628,I May,LPL,3,-2.5849056603773586,2.943396226415094,0.3584905660377359,-0.4528301886792453,-0.4528301886792453,-0.30188679245283023,0.5811320754716982,0.07169811320754717,0.5094339622641509,0.5888940803409486,-0.35694270906714914,0.8815647558984914,0.09688138561663763,0.09688138561663763,-0.8131217710739989
2016,oe:team:3354e252e33ed55fd8fa14595ca1564,SK Telecom T1,LCK,3,-2.848484848484848,2.9999999999999996,0.15151515151515152,-0.24242424242424243,-0.24242424242424243,0.12121212121212122,0.5636363636363636,0.030303030303030304,0.5333333333333332,-0.08138573740122208,-0.1740654382066812,-0.6252029115328138,1.3005658162146512,1.3005658162146512,0.46916789701037453
2016,oe:team:3413ca4510110b5181f3e4b24d52719,Splyce,LEC,3,-2.631578947368421,2.736842105263158,0.10526315789473684,-0.7894736842105262,-0.7894736842105262,-0.6842105263157895,0.47894736842105257,0.021052631578947368,0.45789473684210524,0.47020427587490216,-1.0242843290492094,-0.9619144417511791,-1.8289792730075003,-1.8289792730075003,-1.9718337364375809
2016,oe:team:3b84bb916852d07609c83d1ce91c1a9,Samsung Galaxy,LCK,3,-3.41025641025641,3.5128205128205123,0.10256410256410256,-0.3076923076923077,-0.3076923076923077,0.1538461538461539,0.6153846153846154,0.020512820512820513,0.5948717948717949,-1.5099664335501894,1.482771374717223,-0.9815633904641872,0.9271821007030598,0.9271821007030598,0.5680721520746788
2016,oe:team:5b90b1fda6971ccdccf9eb32286aa50,H2k-Gaming,LEC,3,-2.7567567567567566,2.972972972972973,0.21621621621621623,-0.7567567567567568,-0.7567567567567568,-0.3783783783783784,0.5351351351351351,0.043243243243243246,0.4918918918918919,0.15187808379345022,-0.2613852161851023,-0.15418333384617242,-1.6418131928940654,-1.6418131928940654,-1.0449455058080255
2016,oe:team:73f3126d91d35faa5d5ce34abadb865,Royal Never Give Up,LPL,3,-2.1666666666666665,2.4761904761904763,0.30952380952380953,-0.3333333333333333,-0.3333333333333333,0.19047619047619052,0.4571428571428572,0.06190476190476191,0.3952380952380952,1.652472576389536,-1.8664058971218105,0.5250899269225373,0.7804956410377921,0.7804956410377921,0.6790871322488975
2016,oe:team:7cd8dc1c987b84b99e3d246d1943c92,Flash Wolves,Other,3,-2.3666666666666663,2.8666666666666667,0.5,-0.6,-0.6,-0.19999999999999996,0.6066666666666667,0.1,0.5066666666666666,1.143874137677581,-0.6048430095668949,1.9117443075262481,-0.7450435394809944,-0.7450435394809944,-0.5043325564082752
2016,oe:team:7d6673d3a9d00363c6bebc1a630da6e,G2 Esports,LEC,3,-2.8125,3.0625,0.25,-0.4375,-0.4375,-0.1875,0.575,0.05,0.525,0.010123451382178277,0.027861548368421085,0.09176043298387755,0.18458189864764105,0.18458189864764105,-0.4664486944238232
2016,oe:team:93c730021ff69abdfccc4911a2f666f,ROX Tigers,LCK,3,-3.1785714285714284,3.2857142857142856,0.10714285714285714,-0.5,-0.5,0.0714285714285714,0.5785714285714285,0.02142857142857143,0.5571428571428572,-0.9207933337602404,0.7490293575652094,-0.9482303524689055,-0.17296634678644957,-0.17296634678644957,0.31828844668268613
2016,oe:team:a22510a4756fa424cb0771b13261139,TSM,LCS,3,-3.0294117647058822,3.0882352941176467,0.058823529411764705,-0.5882352941176471,-0.5882352941176471,-0.35294117647058826,0.5352941176470589,0.011764705882352941,0.5235294117647059,-0.5414814729561559,0.1110079546052263,-1.2999919416661703,-0.6777403403404599,-0.6777403403404599,-0.9678527501003962
2016,oe:team:bcb21457414eb9be1d27489ff7e8e59,INTZ,Other,2,-3.0476190476190483,3.2857142857142865,0.23809523809523808,-0.47619047619047616,-0.47619047619047616,0.47619047619047616,0.5523809523809524,0.047619047619047616,0.504761904761905,-0.5877824512702716,0.7490293575652123,0.005094534196145533,-0.036757491382986326,-0.036757491382986326,1.5450039776078042
2016,oe:team:cbfaf0ca2181f0903d2fcceb6c28f3b,Counter Logic Gaming,LCS,3,-2.441860465116279,2.86046511627907,0.41860465116279066,-0.41860465116279066,-0.41860465116279066,0.0,0.5441860465116279,0.08372093023255814,0.4604651162790698,0.9526568952161084,-0.6248791756766717,1.3191914181403597,0.29267787982538956,0.29267787982538956,0.10180923534295952
2016,oe:team:d15303823a1dccff9f3068fb357e356,ahq eSports Club,Other,3,-2.9444444444444446,3.2222222222222223,0.2777777777777778,-0.3333333333333333,-0.3333333333333333,0.33333333333333337,0.5833333333333333,0.05555555555555556,0.5277777777777779,-0.32541024082362646,0.5438971807270124,0.2939808634885855,0.7804956410377921,0.7804956410377921,1.112045554928351
2016,oe:team:f2357aab765dfb94659ba2223a6d4f0,Albus NoX Luna,Other,2,-3.0769230769230775,3.1538461538461546,0.07692307692307693,-0.6153846153846154,-0.6153846153846154,-0.38461538461538464,0.553846153846154,0.015384615384615385,0.5384615384615385,-0.662302369030265,0.3229856056704941,-1.1682284032377634,-0.8330554152801555,-0.8330554152801555,-1.0638480564863384
2016,oe:team:fc8e90107dabb9a35c490b0d86adea0,Cloud9,LCS,3,-3.5106382978723407,3.7021276595744683,0.19148936170212766,-0.5106382978723404,-0.5106382978723404,0.2978723404255319,0.6297872340425532,0.03829787234042553,0.5914893617021277,-1.765236790132296,2.0943909216157306,-0.3341932397813581,-0.23382562260501794,-0.23382562260501794,1.004573606036288
2017,oe:team:056c3140a119e44a03d462e2c832f27,EDward Gaming,LPL,2,-1.1111111111111112,1.2000000000000002,0.08888888888888889,0.0,-1.3333333333333335,0.0,0.2577777777777778,0.017777777777777778,0.23999999999999994,0.8593127853938597,-0.947613368049792,-0.536996538539396,0.4515621764554905,1.1816903080539514,-0.2940160867875013
2017,oe:team:3354e252e33ed55fd8fa14595ca1564,SK Telecom T1,LCK,3,-2.0212765957446805,2.4468085106382973,0.42553191489361697,-0.14893617021276595,-2.574468085106383,0.021276595744680854,0.5319148936170213,0.0723404255319149,0.45957446808510627,-1.2565848283952208,1.7004927709739377,1.8252647827592134,-0.821529182689752,-1.35771180289613,-0.031576405887961866
2017,oe:team:364547a649dd1c75e258f0d5168509f,Team oNe eSports,Other,2,-1.2105263157894737,1.2105263157894737,0.0,0.0,-1.263157894736842,0.0,0.24210526315789474,0.0,0.24210526315789474,0.6281983365329609,-0.925256445374363,-1.1607396964103773,0.4515621764554905,1.3252715401918813,-0.2940160867875013
2017,oe:team:3b84bb916852d07609c83d1ce91c1a9,Samsung Galaxy,LCK,3,-2.125,2.25,0.125,-0.16666666666666666,-2.4375,-0.08333333333333333,0.4458333333333333,0.020833333333333332,0.42499999999999993,-1.4977147187978082,1.2824896688242886,-0.2836008806543099,-0.9730876778260903,-1.077470641366282,-1.321904836977364
2017,oe:team:418bd4b8f699d70c4509d7f9c768a3a,Gambit Esports,Other,2,-1.0454545454545454,1.1818181818181817,0.13636363636363635,0.09090909090909091,-1.5909090909090908,0.09090909090909091,0.26363636363636356,0.02727272727272727,0.23636363636363633,1.0119471941335445,-0.9862298708528071,-0.2038609883128493,1.2286439151545345,0.6546819219113245,0.8273170952378035
2017,oe:team:418c28593a78b57ef74e47d0c18640a,Fenerbahçe Esports,Other,3,-2.2727272727272725,2.4242424242424243,0.15151515151515152,-0.2727272727272727,-2.9393939393939394,-0.2121212121212121,0.49696969696969695,0.024242424242424242,0.47272727272727266,-1.841142138462098,1.6525644873531766,-0.0975411318575683,-1.8796830396416415,-2.104361982011843,-2.910460178179879
2017,oe:team:594b183f8fb081ef64820f31ab8d641,Misfits Gaming,LEC,2,-1.2,1.4285714285714284,0.22857142857142856,0.0,-1.5428571428571427,0.0,0.3314285714285714,0.045714285714285714,0.2857142857142857,0.6526692781770561,-0.4621487613833262,0.4431712809721459,0.4515621764554905,0.7529977720992769,-0.2940160867875013
2017,oe:team:62c1cd9465dc63824593ee5046f5aa8,Team WE,LPL,2,-1.2758620689655171,1.4655172413793105,0.18965517241379312,0.0,-1.7241379310344827,0.0,0.3310344827586207,0.03793103448275863,0.29310344827586204,0.47630973322478415,-0.3836792667712889,0.17009161025400096,0.4515621764554905,0.38209137735479304,-0.2940160867875013
2017,oe:team:6c951ee7222ac9acd244aa88c9e8330,Young Generation,Other,2,-1.8095238095238093,1.8095238095238093,0.0,0.0,-1.9047619047619047,0.0,0.36190476190476184,0.0,0.36190476190476184,-0.7643147713095979,0.3469589163941181,-1.1607396964103773,0.4515621764554905,0.01252884635938351,-0.2940160867875013
2017,oe:team:6f0162b86d2a0d206ba9a08a1da14be,Hong Kong Attitude,Other,2,-1.2,1.2571428571428571,0.05714285714285714,0.0,-1.542857142857143,0.0,0.26285714285714284,0.011428571428571429,0.25142857142857145,0.6526692781770561,-0.8262472163831759,-0.7597619520647465,0.4515621764554905,0.7529977720992764,-0.2940160867875013
2017,oe:team:73f3126d91d35faa5d5ce34abadb865,Royal Never Give Up,LPL,2,-1.0425531914893615,1.2340425531914891,0.19148936170212766,0.0,-1.5106382978723403,0.0,0.28510638297872337,0.03829787234042553,0.24680851063829787,1.018692086172778,-0.8753101287590426,0.18296231921593872,0.4515621764554905,0.818918577918226,-0.2940160867875013
2017,oe:team:78f183fa5a7d8ecb22b9ad272c3abd7,Fnatic,LEC,2,-1.2750000000000001,1.4500000000000002,0.175,0.05,-1.8500000000000003,0.05,0.32500000000000007,0.034999999999999996,0.29000000000000004,0.47831381896287756,-0.4166364545083442,0.06725464564811699,0.8789571327399649,0.12457348643844546,0.32271716332641637
2017,oe:team:7cd8dc1c987b84b99e3d246d1943c92,Flash Wolves,Other,2,-1.2972972972972974,1.4594594594594594,0.16216216216216217,0.10810810810810811,-1.7297297297297298,0.10810810810810811,0.3243243243243244,0.032432432432432434,0.2918918918918919,0.42647841216947335,-0.3965454361581277,-0.022829881375478984,1.375659379232732,0.37065037516672833,1.0394612107561045
2017,oe:team:7d6673d3a9d00363c6bebc1a630da6e,G2 Esports,LEC,2,-1.5238095238095237,1.5952380952380951,0.07142857142857142,0.0,-1.9285714285714284,0.0,0.33333333333333326,0.014285714285714285,0.31904761904761897,-0.10010349811272894,-0.10816415235569417,-0.6595175159783389,0.4515621764554905,-0.036186214544556665,-0.2940160867875013
2017,oe:team:9cae7677cd0dbcc1cd86653870b73c2,GAM Esports,Other,2,-1.3846153846153846,1.5384615384615383,0.15384615384615385,0.0,-1.923076923076923,0.0,0.3384615384615385,0.03076923076923077,0.3076923076923077,0.22348660934215597,-0.2287523158706018,-0.08118423086444813,0.4515621764554905,-0.024944277412878163,-0.2940160867875013
2017,oe:team:a22510a4756fa424cb0771b13261139,TSM,LCS,2,-1.5208333333333333,1.6875,0.16666666666666666,0.0,-2.145833333333333,0.0,0.37083333333333335,0.03333333333333333,0.3375,-0.09318463068359491,0.08779161335603088,0.008778724597712506,0.4515621764554905,-0.4807111452930121,-0.2940160867875013
2017,oe:team:a9744fc5b0ca952b17ef07c0aa99602,Rampage,Other,3,-2.137931034482759,2.413793103448276,0.27586206896551724,-0.20689655172413793,-2.6206896551724137,0.13793103448275865,0.5172413793103449,0.05517241379310345,0.46206896551724136,-1.5277760048692188,1.6303710949376509,0.7750149314650817,-1.3169686771354374,-1.4522826401315125,1.4073170169750304
2017,oe:team:c334c629fea759876e9e04afbe4aee7,Immortals,LCS,2,-1.2857142857142858,1.3095238095238095,0.023809523809523808,0.0,-1.6428571428571426,0.0,0.26666666666666666,0.0047619047619047615,0.2619047619047619,0.45340589621799504,-0.7149949106887772,-0.9936656362663645,0.4515621764554905,0.5483945163027277,-0.2940160867875013
2017,oe:team:c5b7f439779b465529ff283c53f41c0,Kaos Latin Gamers,Other,3,-2.1363636363636362,2.2727272727272725,0.13636363636363635,-0.22727272727272727,-2.5,0.13636363636363635,0.46363636363636357,0.02727272727272727,0.43636363636363634,-1.524132212618138,1.3307602973280561,-0.2038609883128493,-1.4911421702921197,-1.2053476762391253,1.3879836862504558
2017,oe:team:cd6e0eea04af23b9c0735dab41a9941,Dire Wolves,Other,2,-0.7586206896551724,0.8620689655172414,0.10344827586206896,0.0,-1.0689655172413794,0.0,0.19310344827586207,0.020689655172413793,0.17241379310344826,1.6787611760811851,-1.6653476787678874,-0.4348317109570801,0.4515621764554905,1.7225954670563235,-0.2940160867875013
2017,oe:team:d15303823a1dccff9f3068fb357e356,ahq eSports Club,Other,2,-1.2500000000000002,1.4000000000000001,0.15,0.0,-1.725,0.0,0.31,0.03,0.27999999999999997,0.5364323053676034,-0.5228318372166338,-0.10817311750309645,0.4515621764554905,0.3803275561841327,-0.2940160867875013
2017,oe:team:d996d27c1737a1f7494fc09d6911339,Lyon Gaming,Other,3,-2.090909090909091,2.242424242424242,0.15151515151515152,-0.15151515151515152,-2.393939393939394,0.15151515151515152,0.4606060606060606,0.024242424242424242,0.43636363636363634,-1.4184622373368179,1.266399459323032,-0.0975411318575683,-0.843574054709583,-0.9883442231215731,1.57487254992134
2017,oe:team:fbf53cf218dfaa8c2b2a864d13d2206,Longzhu Gaming,LCK,3,-1.342857142857143,2.0285714285714285,0.6857142857142857,-0.34285714285714286,-2.428571428571429,0.17142857142857137,0.5314285714285715,0.12571428571428572,0.4057142857142857,0.32056364157862116,0.8121958311161488,3.6509932357371926,-2.4791460952094755,-1.0592024935273048,1.8204979136030728
2017,oe:team:fc8e90107dabb9a35c490b0d86adea0,Cloud9,LCS,2,-1.22,1.3399999999999999,0.12,0.0,-1.54,0.0,0.2920000000000001,0.024,0.26800000000000007,0.6061744890532753,-0.650266296466582,-0.3186864332845526,0.4515621764554905,0.7588435794077494,-0.2940160867875013
2018,oe:team:056c3140a119e44a03d462e2c832f27,EDward Gaming,LPL,3,-0.8771929824561403,1.2105263157894737,0.3333333333333333,-0.15789473684210525,-0.15789473684210525,0.7192982456140349,0.30877192982456136,0.06666666666666667,0.24210526315789474,-0.2904979357876869,0.07704931684315913,-0.5715224478402949,0.3700997507360465,0.3700997507360465,1.2962788455762033
2018,oe:team:0b63f14fd7de22a26869bb1c76f87fc,G-Rex,Other,2,-0.4375,0.7291666666666666,0.29166666666666663,-0.06250000000000003,-0.06250000000000003,0.06249999999999997,0.2041666666666667,0.05833333333333333,0.14583333333333334,0.6336339467901005,-1.093254263559048,-0.7950707078447469,0.5796711541517157,0.5796711541517157,0.1322528559418614
2018,oe:team:418bd4b8f699d70c4509d7f9c768a3a,Gambit Esports,Other,3,0.04166666666666666,0.5,0.5416666666666666,0.375,0.375,0.6041666666666666,0.2,0.1,0.1,1.6407302876541732,-1.650414738055771,0.5462188521819644,1.5408089698166818,1.5408089698166818,1.0922342230192654
2018,oe:team:4bd1751425ef6a9bc9d4d8e9385b4a6,100 Thieves,LCS,3,-0.6764705882352942,1.0294117647058822,0.3529411764705882,-0.1764705882352941,-0.1764705882352941,0.058823529411764705,0.27647058823529413,0.07058823529411765,0.20588235294117646,0.13137362334126626,-0.36328465793499976,-0.46632326666172935,0.3292907147768087,0.3292907147768087,0.12573714530558947
2018,oe:team:50f58982d91a36557ec8aec52ab014f,Gen.G,LCK,4,-2.020408163265306,2.163265306122449,0.14285714285714285,-1.5510204081632653,-1.5510204081632653,-1.3469387755102042,0.40816326530612235,0.02857142857142857,0.3795918367346939,-2.693269049693433,2.393391896881483,-1.5934573507177892,-2.690439139962032,-2.690439139962032,-2.3656578441064866
2018,oe:team:5203ff881d5c82c5f720eb3a2f3b44c,Papara SuperMassive,Other,3,-0.22222222222222227,0.9166666666666667,0.6944444444444444,-0.5555555555555555,-0.5555555555555555,-0.19444444444444442,0.28888888888888886,0.10555555555555554,0.18333333333333335,1.0860975202217855,-0.6373956935162747,1.3658958055316215,-0.5035159079468967,-0.5035159079468967,-0.323122920748702
2018,oe:team:53a258f289c26d94431c0496a54e151,Invictus Gaming,LPL,3,-0.6363636363636364,1.218181818181818,0.5818181818181818,-0.3636363636363636,-0.3636363636363636,0.036363636363636376,0.36,0.11636363636363638,0.2436363636363636,0.21566906224177,0.09566172416866915,0.7616380845498909,-0.08189123844884523,-0.08189123844884523,0.08593207669127342
2018,oe:team:6db10eb2b230fe5af5947ce5d46bc9a,Ascension Gaming,Other,4,-0.9047619047619047,1.6666666666666665,0.7619047619047619,0.14285714285714285,0.14285714285714285,0.3333333333333333,0.4285714285714285,0.15238095238095234,0.27619047619047615,-0.348441366971759,1.1860385866548175,1.7278310836340673,1.0308174757903734,1.0308174757903734,0.6122435394805634
2018,oe:team:73f3126d91d35faa5d5ce34abadb865,Royal Never Give Up,LPL,3,-0.8214285714285714,1.2678571428571428,0.4464285714285714,-0.5,-0.5,0.05357142857142855,0.3357142857142857,0.08214285714285714,0.25357142857142856,-0.17329417725626822,0.21643464402415732,0.03525140074321731,-0.38146666151325037,-0.38146666151325037,0.1164289872537723
2018,oe:team:78f183fa5a7d8ecb22b9ad272c3abd7,Fnatic,LEC,3,-0.3214285714285714,1.0357142857142856,0.7142857142857143,0.28571428571428575,0.28571428571428575,0.7857142857142857,0.35,0.14285714285714285,0.20714285714285713,0.8775889610366773,-0.3479616807907049,1.472347357914694,1.3446583951911788,1.3446583951911788,1.4139862196770767
2018,oe:team:7cd8dc1c987b84b99e3d246d1943c92,Flash Wolves,Other,2,-0.6486486486486487,0.8378378378378379,0.1891891891891892,-0.24324324324324326,-0.24324324324324326,-0.08108108108108109,0.20540540540540544,0.03783783783783784,0.16756756756756758,0.1898488377136877,-0.829047945185909,-1.3448785905583986,0.18259877470711586,0.18259877470711586,-0.12221205944767916
2018,oe:team:7d6673d3a9d00363c6bebc1a630da6e,G2 Esports,LEC,3,-0.8181818181818181,1.3333333333333335,0.5151515151515151,-0.21212121212121213,-0.21212121212121213,0.15151515151515155,0.3696969696969697,0.10303030303030303,0.26666666666666666,-0.1664702607738464,0.37562335102322153,0.4039608685427679,0.25097034273382696,0.25097034273382696,0.2900120316503859
2018,oe:team:7e3dd5ff49e1a44784d225d2de40260,inf,Other,3,-0.7666666666666666,1.1333333333333333,0.3666666666666667,-0.13333333333333336,-0.13333333333333336,0.06666666666666668,0.3,0.07333333333333333,0.22666666666666666,-0.05819745258608841,-0.11062579035573701,-0.3926838398367331,0.4240583649488165,0.4240583649488165,0.13963732799630302
2018,oe:team:86e551648da70c86cb473ce5d5f26f7,KaBuM! Esports,Other,4,-1.4545454545454546,1.9545454545454546,0.5,-0.9090909090909091,-0.9090909090909091,-0.9545454545454545,0.43636363636363634,0.08181818181818182,0.35454545454545455,-1.5039578913285045,1.8859426537911972,0.32267059217751276,-1.2801929307064654,-1.2801929307064654,-1.6702296409831943
2018,oe:team:8eb884e168f28402ce685bedebb5250,Team Liquid,LCS,3,-1.1111111111111112,1.5555555555555556,0.4444444444444444,0.07407407407407407,0.07407407407407407,0.8148148148148149,0.39999999999999997,0.08888888888888888,0.31111111111111106,-0.7821391700767844,0.9159001747776191,0.024606245504910113,0.8797088849677634,0.8797088849677634,1.465560310216034
2018,oe:team:b24f151e143d152c7cf8be9f13ec015,Phong Vũ Buffalo,Other,2,-0.3142857142857143,0.5714285714285714,0.2571428571428571,-0.08571428571428572,-0.08571428571428572,-0.11428571428571428,0.16,0.045714285714285714,0.11428571428571428,0.8926015772980049,-1.476754330420429,-0.9802964089912927,0.5286720047490849,0.5286720047490849,-0.1810597440823023
2018,oe:team:b3c72a20aa56f5d28022ac04a7dc294,DN SOOPers,LCK,4,-1.2352941176470589,1.4313725490196076,0.196078431372549,-1.156862745098039,-1.156862745098039,-1.0392156862745097,0.30196078431372547,0.03921568627450981,0.2627450980392157,-1.0431428253390846,0.613980773267808,-1.307916716090254,-1.8245195164051884,-1.8245195164051884,-1.8202884313943066
2018,oe:team:c5b7f439779b465529ff283c53f41c0,Kaos Latin Gamers,Other,3,-0.4285714285714286,0.9714285714285715,0.5428571428571428,0.05714285714285715,0.05714285714285715,0.6,0.29142857142857137,0.09714285714285716,0.19428571428571426,0.6523997171167603,-0.5042560476625123,0.5526059453249488,0.8425129241498903,0.8425129241498903,1.0848497509648238
2018,oe:team:cd6e0eea04af23b9c0735dab41a9941,Dire Wolves,Other,3,-0.6,1.0,0.4,-0.32,-0.32,0.15999999999999992,0.28,0.08,0.2,0.29209692684489336,-0.4347918846083757,-0.21384523183317164,0.013972896931764272,0.013972896931764272,0.305049502015794
2018,oe:team:d17e6a2f130f0cf8dd071ce88d5b870,MAD Team,Other,2,-0.6428571428571428,0.9523809523809523,0.30952380952380953,-0.42857142857142855,-0.42857142857142855,-0.14285714285714285,0.2523809523809524,0.06190476190476191,0.19047619047619047,0.20202122927692667,-0.550565489698604,-0.6992643106999815,-0.22454620181284768,-0.22454620181284768,-0.23169612388418737
2018,oe:team:d723992568441c6bafa2658129eade7,KT Rolster,LCK,4,-1.5813953488372094,1.7674418604651163,0.18604651162790697,-0.9069767441860466,-0.9069767441860466,-0.5813953488372092,0.35348837209302325,0.037209302325581395,0.3162790697674419,-1.7705667213394,1.4310478439387893,-1.3617395529723109,-1.275548350503917,-1.275548350503917,-1.0089056743317253
2018,oe:team:e435aa3ecb82a89e60544f5f5857a81,DetonatioN FocusMe,Other,3,-0.14814814814814814,0.8888888888888888,0.7407407407407407,-0.4444444444444445,-0.4444444444444445,-0.3703703703703704,0.26666666666666666,0.08888888888888888,0.17777777777777776,1.2417839110799995,-0.7049302964855747,1.6142827610921235,-0.2594174150796039,-0.2594174150796039,-0.6349117408251239
2018,oe:team:e8d8ae992fe72acb7adc7bfcee31dbb,Team Vitality,LEC,3,-0.48,1.12,0.64,-0.56,-0.56,-0.32,0.35200000000000004,0.128,0.22400000000000003,0.5443088800352003,-0.14304239978100056,1.0737927457924712,-0.5132798476615887,-0.5132798476615887,-0.5456416786558747
2018,oe:team:fc8e90107dabb9a35c490b0d86adea0,Cloud9,LCS,3,-0.6296296296296295,1.037037037037037,0.4074074074074074,0.0,0.0,0.4074074074074074,0.274074074074074,0.06666666666666667,0.2074074074074074,0.2298223705016078,-0.3447457473159762,-0.17410331894349157,0.7169765563895681,0.7169765563895681,0.7435230426706357
2019,oe:team:1fcd541d3a51d70860c46eaae858ba8,Royal Youth,Other,3,-0.05,0.8,0.7500000000000001,-0.4,-0.4,-0.10000000000000003,0.31,0.15,0.16,1.2511300958300615,-1.134387281173114,0.2844719790542968,-0.013230919536341089,0.38935321754242036,-0.41279125262386823
2019,oe:team:246827ba8505ab1bac1083d093120bc,Lowkey Esports.Vietnam,Other,3,0.21052631578947367,0.6842105263157894,0.8947368421052632,-0.10526315789473684,-0.10526315789473684,0.15789473684210525,0.31578947368421056,0.1789473684210526,0.13684210526315788,1.7353140893710506,-1.3573876316003355,0.7735490490990939,1.3433991429679877,1.1169821057639153,0.6729110905920088
2019,oe:team:3354e252e33ed55fd8fa14595ca1564,SK Telecom T1,LCK,3,-0.3488372093023256,1.0232558139534884,0.6744186046511629,-0.627906976744186,-0.627906976744186,-0.3488372093023256,0.33953488372093027,0.13488372093023257,0.20465116279069767,0.6957459190716284,-0.7044162038166113,0.029076553470649753,-1.0622530027518975,-0.1732900506753634,-1.4603626165336345
2019,oe:team:33d17f3717f58e12a3da80b377221fb,FunPlus Phoenix,LPL,4,-0.1875,1.84375,1.65625,-0.125,-0.3125,0.1875,0.6,0.30625,0.29375,0.9955885436834284,0.8757834912858998,3.3467613608120628,1.2525533798538584,0.6053680437331767,0.7975452881550559
2019,oe:team:3413ca4510110b5181f3e4b24d52719,Splyce,LEC,3,-0.9615384615384616,1.2307692307692308,0.2692307692307693,-0.23076923076923078,-0.23076923076923078,0.4615384615384615,0.3,0.053846153846153856,0.2461538461538461,-0.44294956455461126,-0.3047635998634518,-1.3400847221434575,0.7657132647037816,0.8071401341311358,1.9512105527771073
2019,oe:team:50b9075ca20fb326456aded56aa7937,Flamengo MDL,Other,3,-0.3333333333333333,1.0952380952380951,0.7619047619047619,-0.6190476190476191,-0.6190476190476191,-0.47619047619047616,0.3714285714285714,0.15238095238095237,0.21904761904761902,0.7245596247400298,-0.5657846560578186,0.3246990973696692,-1.021474690479184,-0.15141859224124163,-1.9965028339329363
2019,oe:team:53a258f289c26d94431c0496a54e151,Invictus Gaming,LPL,4,-1.6976744186046508,2.3720930232558137,0.6744186046511628,-0.5116279069767442,-1.1627906976744187,0.16279069767441856,0.5255813953488373,0.13023255813953488,0.3953488372093023,-1.8110464740792753,1.8933257218789248,0.02907655347064938,-0.527037654172532,-1.4937793536354684,0.6935224307574738
2019,oe:team:5737b101780a9835142549164be1ac4,Isurus,Other,4,-0.8095238095238093,1.8095238095238095,1.0,-0.09523809523809523,-0.7142857142857143,0.0,0.4857142857142855,0.18095238095238098,0.30476190476190473,-0.16043276364657819,0.8098668563178969,1.1292414636771284,1.3895430226450056,-0.3865367704080512,0.008195370255757659
2019,oe:team:6f0162b86d2a0d206ba9a08a1da14be,Hong Kong Attitude,Other,3,-0.5,1.1666666666666667,0.6666666666666667,-0.36111111111111116,-0.36111111111111116,0.1666666666666667,0.36666666666666664,0.13333333333333333,0.2333333333333333,0.41481228880471677,-0.42821950482024673,0.0028821508466859215,0.16576888037742438,0.4853598069605342,0.7098397417218008
2019,oe:team:73f3126d91d35faa5d5ce34abadb865,Royal Never Give Up,LPL,4,-1.9444444444444444,2.5,0.5555555555555556,-0.5833333333333334,-1.2500000000000002,-0.19444444444444453,0.5,0.11111111111111112,0.3888888888888888,-2.2696646226346617,2.1396633182810882,-0.3725709534301285,-0.8570871191298075,-1.7090765225963553,-0.8103897297879595
2019,oe:team:76b516358ee227ba806ba5d955b6314,Griffin,LCK,3,-0.7428571428571429,1.2285714285714284,0.4857142857142857,-0.5714285714285714,-0.5714285714285714,-0.17142857142857143,0.34285714285714286,0.09714285714285716,0.24571428571428572,-0.03653382927245348,-0.3089963737476852,-0.6085700475469833,-0.8022912620133483,-0.033859503157836715,-0.7134959832521722
2019,oe:team:78f183fa5a7d8ecb22b9ad272c3abd7,Fnatic,LEC,3,-0.4545454545454545,1.121212121212121,0.6666666666666666,-0.30303030303030304,-0.30303030303030304,0.06060606060606061,0.35757575757575755,0.1333333333333333,0.22424242424242422,0.49928883496889315,-0.5157609646987017,0.0028821508466855463,0.4331062438849965,0.6287462716758992,0.2633387780615915
2019,oe:team:7b13b2cc48c457832262d00d5ffa6d6,Clutch Gaming,LCS,4,-1.783783783783784,2.486486486486487,0.7027027027027027,-0.7297297297297298,-1.4594594594594594,-0.02702702702702703,0.5567567567567567,0.13513513513513514,0.42162162162162165,-1.9710793528591801,2.1136374788577648,0.12465072520673368,-1.530928064751126,-2.2261776509294395,-0.10558479809008715
2019,oe:team:7bd8d762a338118fce3df129202eaed,MAMMOTH,Other,3,-1.0952380952380951,1.2857142857142856,0.19047619047619047,-0.4761904761904761,-0.4761904761904761,-0.047619047619047616,0.2952380952380953,0.03809523809523809,0.2571428571428572,-0.6914281966785434,-0.19894425275762792,-1.6062025817682326,-0.3639244050816773,0.20125867500897296,-0.19227445016311173
2019,oe:team:7d6673d3a9d00363c6bebc1a630da6e,G2 Esports,LEC,3,-0.4615384615384615,1.1923076923076925,0.7307692307692308,-0.5,-0.5,-0.03846153846153849,0.3846153846153847,0.14615384615384616,0.23846153846153845,0.48629244325132753,-0.3788371428375285,0.21948971100638645,-0.47351611931459536,0.14247913046727037,-0.1537225616210216
2019,oe:team:8eb884e168f28402ce685bedebb5250,Team Liquid,LCS,4,-0.9166666666666667,1.75,0.8333333333333333,-0.49999999999999994,-0.75,-0.20833333333333331,0.43333333333333324,0.16666666666666663,0.26666666666666666,-0.3595560510335656,0.6952292302865872,0.5660618072619068,-0.4735161193145951,-0.4747060872206047,-0.868860094076796
2019,oe:team:9cae7677cd0dbcc1cd86653870b73c2,GAM Esports,Other,3,-0.2727272727272727,1.0303030303030303,0.7575757575757576,-0.21212121212121213,-0.21212121212121213,0.06060606060606061,0.35757575757575755,0.15151515151515152,0.20606060606060606,0.8371950196255981,-0.6908438844556107,0.3100710543458973,0.8515473345925005,0.8531772599260355,0.2633387780615915
2019,oe:team:b41d715b166da7092724123264e4560,J Team,Other,3,-0.3333333333333333,1.0833333333333333,0.7499999999999999,-0.2916666666666667,-0.2916666666666667,-0.08333333333333334,0.3666666666666667,0.14999999999999997,0.21666666666666665,0.7245596247400298,-0.5887121812640804,0.284471979054296,0.4854113802234345,0.6568001452071662,-0.3426268154772638
2019,oe:team:d15303823a1dccff9f3068fb357e356,ahq eSports Club,Other,3,-0.9354838709677419,1.258064516129032,0.3225806451612903,-0.5483870967741936,-0.5483870967741936,-0.19354838709677424,0.31612903225806455,0.06451612903225806,0.25161290322580643,-0.3945275244456168,-0.25219527904313965,-1.1598113333653843,-0.6962347643685897,0.023023927043810514,-0.8066174482209376
2019,oe:team:e435aa3ecb82a89e60544f5f5857a81,DetonatioN FocusMe,Other,3,-0.42857142857142855,1.1428571428571428,0.7142857142857142,-0.5714285714285714,-0.5714285714285714,-0.09523809523809523,0.3714285714285714,0.14285714285714288,0.22857142857142856,0.5475611470627081,-0.47407455523277087,0.16379062410817719,-0.8022912620133483,-0.033859503157836715,-0.39274427058198114
2019,oe:team:e84133caa1e561518201cc7d33f14ed,Unicorns of Love.CIS,Other,2,-0.55,0.825,0.275,-0.07500000000000001,-0.07500000000000001,0.375,0.21999999999999997,0.05499999999999999,0.16499999999999998,0.32188808802412283,-1.086239478239964,-1.3205900417290846,1.4826959797429855,1.191694000536658,1.5868952060543544
2019,oe:team:ef69efa6acebe94107f0cf1ba716806,Dplus Kia,LCK,3,-0.7894736842105263,1.2105263157894737,0.42105263157894735,-0.47368421052631576,-0.47368421052631576,0.07894736842105265,0.3263157894736842,0.08421052631578947,0.24210526315789474,-0.12316992624082668,-0.34374967511296617,-0.8270668165020617,-0.352388435162423,0.20744599548704676,0.34055323042388336
2019,oe:team:f589eafcf087c11af27e475bafb047f,MEGA,Other,3,-0.7619047619047619,1.2380952380952381,0.47619047619047616,0.047619047619047616,0.047619047619047616,0.47619047619047616,0.34285714285714286,0.09523809523809523,0.24761904761904763,-0.07193352480791769,-0.2906543535826753,-0.6407517421992818,2.0470933080425118,1.4944086549264253,2.0128935744444516
2019,oe:team:fc8e90107dabb9a35c490b0d86adea0,Cloud9,LCS,4,-1.2083333333333333,1.9583333333333333,0.75,-0.6666666666666666,-1.4166666666666667,-0.24999999999999997,0.4833333333333332,0.15,0.33333333333333337,-0.9016138889203629,1.0964609213961707,0.2844719790542964,-1.240658118945019,-2.1205333343882717,-1.0442711869433068
2020,oe:team:1d0389df0c5eea93b04122ba167c010,Kiwoom DRX,LCK,3,-0.8113207547169812,1.320754716981132,0.5094339622641509,0.03773584905660377,-0.2641509433962264,-0.169811320754717,0.3547169811320755,0.1018867924528302,0.2528301886792453,0.08520205100980574,0.42185544355708443,1.2463442931302005,0.14462129922802117,-1.336655774961641,-1.1747485870216208
2020,oe:team:274c62a6d7e34e0e66e5f267a39d5f7,Machi Esports,Other,3,-0.75,0.8888888888888888,0.1388888888888889,0.0,-0.19444444444444445,0.0,0.20555555555555555,0.02777777777777778,0.17777777777777778,0.26523790448797935,-0.9752789302000837,-1.650590615974028,-0.7062224707277746,-0.5523339356153909,0.0948189622369321
2020,oe:team:2cb996a4b0ffaca3bcf66fe91450243,Movistar R7,Other,3,-1.0,1.59375,0.59375,0.0625,-0.1875,-0.375,0.4125,0.11875,0.29375,-0.46875442123072797,1.3050257917740324,1.9055301538121563,0.7029875232615121,-0.4741966095151065,-2.7088093757090386
2020,oe:team:2e66da41dc460dd378e3bcc57042d31,FlyQuest,LCS,3,-1.5999999999999999,1.7714285714285711,0.17142857142857143,0.0,0.0,0.02857142857142857,0.3542857142857142,0.03428571428571429,0.31999999999999995,-2.2303360029556254,1.879835891289252,-1.3961941901310906,-0.7062224707277746,1.6355111951925703,0.3084287403661489
2020,oe:team:4880b157399745e82e26e229d8bbf48,PSG Talon,Other,3,-0.2727272727272728,0.6666666666666667,0.3939393939393939,0.0,-0.09090909090909091,0.0,0.2121212121212121,0.07878787878787878,0.13333333333333333,1.6664959808600568,-1.6941927341722183,0.3434035422405707,-0.7062224707277746,0.61262256260703,0.0948189622369321
2020,oe:team:4f5a0b869cd5960c307d1c45e9399a3,Legacy Esports,Other,3,-0.7200000000000001,1.16,0.44,0.16,-0.12,0.0,0.28,0.088,0.192,0.353316983574224,-0.09820408935407898,0.7035070417042766,2.9013551138847995,0.2852982001796572,0.0948189622369321
2020,oe:team:50f58982d91a36557ec8aec52ab014f,Gen.G,LCK,3,-0.8148148148148149,1.1851851851851853,0.37037037037037035,0.0,-0.24074074074074073,0.05555555555555555,0.3074074074074074,0.07407407407407407,0.2333333333333334,0.07494359782016616,-0.01672719157056957,0.15914005567288492,-0.7062224707277746,-1.0732494429506194,0.5101713085992982
2020,oe:team:5203ff881d5c82c5f720eb3a2f3b44c,Papara SuperMassive,Other,3,-0.7692307692307692,1.3076923076923077,0.5384615384615385,0.0,-0.038461538461538464,-0.34615384615384615,0.3153846153846155,0.10769230769230768,0.2076923076923077,0.20877695635577131,0.37959708497817113,1.473282943391875,-0.7062224707277746,1.2027506198679185,-2.493145657405502
2020,oe:team:5f401785b6b78326f9a46b3c6b206ed,LGD Gaming,LPL,3,-0.5471698113207548,0.8867924528301887,0.33962264150943394,0.03773584905660377,-0.18867924528301888,0.03773584905660377,0.24150943396226415,0.06792452830188679,0.17358490566037738,0.8607411121465529,-0.9820611358979338,-0.08124681090059185,0.14462129922802117,-0.48746521206043797,0.3769450842943883
2020,oe:team:6a0084dacefb228be863fbb64cefe11,MAD Lions KOI,LEC,3,-1.1538461538461537,1.3846153846153846,0.23076923076923078,0.0,-0.3076923076923077,0.0,0.31538461538461543,0.046153846153846156,0.2692307692307693,-0.9204420062883938,0.6284518632762177,-0.9322667493818686,-0.7062224707277746,-1.8265734074046431,0.0948189622369321
2020,oe:team:78f183fa5a7d8ecb22b9ad272c3abd7,Fnatic,LEC,3,-1.0384615384615385,1.307692307692308,0.2692307692307693,0.0,-0.11538461538461539,0.15384615384615385,0.3076923076923077,0.053846153846153856,0.2538461538461539,-0.5816763174951448,0.37959708497817185,-0.6315730377851505,-0.7062224707277746,0.33722946921861524,1.2450254598557917
2020,oe:team:7d6673d3a9d00363c6bebc1a630da6e,G2 Esports,LEC,3,-1.3125,1.5,0.1875,0.125,-0.15625,0.15625,0.325,0.0375,0.2875,-1.3862448283791122,1.001734030723288,-1.2705471749281763,2.112197517250799,-0.12257864206382704,1.2629974363810865
2020,oe:team:8d47748b0e2a0ac34c90891889805a8,Suning,LPL,3,-0.3043478260869565,0.6739130434782609,0.3695652173913044,0.043478260869565216,-0.021739130434782608,0.0,0.19999999999999998,0.07391304347826086,0.12608695652173912,1.57365900685611,-1.6707498927383446,0.1528453402932439,0.27409752509085966,1.390907391748202,0.0948189622369321
2020,oe:team:8eb884e168f28402ce685bedebb5250,Team Liquid,LCS,3,-1.2068965517241381,1.3793103448275863,0.1724137931034483,0.0,-0.2413793103448276,0.034482758620689655,0.2965517241379311,0.034482758620689655,0.2620689655172414,-1.0761963459634518,0.6112894647729046,-1.38849169111482,-0.7062224707277746,-1.0804344844311058,0.35262386687564207
2020,oe:team:a22510a4756fa424cb0771b13261139,TSM,LCS,3,-1.4146341463414633,1.7560975609756098,0.34146341463414637,0.0,-0.1951219512195122,-0.04878048780487805,0.3902439024390244,0.06829268292682927,0.3219512195121951,-1.686107546812974,1.8302383535936144,-0.06685557942058291,-0.7062224707277746,-0.5599570893812723,-0.2698806589592917
2020,oe:team:af4b23d4634c4e6ecb5659fb1e689e9,V3 Esports,Other,3,-0.6666666666666666,0.9047619047619047,0.23809523809523808,0.0,0.0,0.0,0.22857142857142856,0.047619047619047616,0.18095238095238095,0.5099020130608819,-0.9239279442020742,-0.8749917566967798,-0.7062224707277746,1.6355111951925703,0.0948189622369321
2020,oe:team:b42d0f31f2727621b963042276817c4,JD Gaming,LPL,3,-0.7954545454545455,1.1136363636363638,0.3181818181818182,0.045454545454545456,-0.18181818181818182,0.045454545454545456,0.2772727272727272,0.06363636363636363,0.21363636363636362,0.13178475435730508,-0.24819565118281015,-0.24887195029841902,0.31865752490079763,-0.4102660699785103,0.4346527001697771
2020,oe:team:bcb21457414eb9be1d27489ff7e8e59,INTZ,Other,3,-0.5384615384615387,1.0000000000000002,0.46153846153846156,0.07692307692307693,-0.11538461538461539,0.11538461538461539,0.276923076923077,0.09230769230769229,0.1846153846153846,0.8863083339422696,-0.6158220282140152,0.8718955201984387,1.0281898295667324,0.33722946921861524,0.9574738354510769
2020,oe:team:cd62e47544f14f1d239afa659b9d243,Rogue,LEC,3,-0.8461538461538461,1.3076923076923077,0.46153846153846156,0.0,-0.19230769230769232,0.038461538461538464,0.3538461538461539,0.09230769230769231,0.2615384615384616,-0.017066836173061904,0.37959708497817113,0.8718955201984387,-0.7062224707277746,-0.528291681430688,0.3823705866416471
2020,oe:team:e84133caa1e561518201cc7d33f14ed,Unicorns of Love.CIS,Other,3,-0.7368421052631579,1.157894736842105,0.42105263157894735,0.0,-0.10526315789473684,-0.10526315789473684,0.3052631578947368,0.08421052631578947,0.22105263157894733,0.30386907952580616,-0.10501485170749951,0.5553758237808406,-0.7062224707277746,0.4511138311461553,-0.6921644308707087
2020,oe:team:ef69efa6acebe94107f0cf1ba716806,Dplus Kia,LCK,3,-0.7142857142857141,0.9999999999999999,0.2857142857142857,0.047619047619047616,-0.21428571428571427,0.047619047619047616,0.2523809523809523,0.05714285714285714,0.1952380952380952,0.3700939510192239,-0.6158220282140163,-0.5027043042437005,0.36746133421644384,-0.7755834387590602,0.4508352591189601
2020,oe:team:fcec508e780bbd1ad493852640f5b36,Top Esports,LPL,3,-0.47368421052631576,0.9210526315789473,0.4473684210526316,0.05263157894736842,-0.02631578947368421,0.05263157894736842,0.25263157894736843,0.0894736842105263,0.16315789473684209,1.0764925802823402,-0.8712256164672746,0.7611136264522794,0.480480682105309,1.3394118541809665,0.4883106587907525
2021,oe:team:056c3140a119e44a03d462e2c832f27,EDward Gaming,LPL,4,-2.4999999999999996,3.025,0.5250000000000001,-1.4000000000000001,-1.4000000000000001,-1.45,0.62,0.10500000000000001,0.5149999999999999,-1.045199437189226,0.873042856101692,-0.9005815660179602,0.3238293287897599,0.3201927490089933,0.17525331662933374
2021,oe:team:0edc9f071bd123368afdc0c53a3db20,Galatasaray Esports,Other,4,-1.75,2.6,0.85,-2.1,-2.1,-2.4000000000000004,0.6,0.17,0.43,0.2243609647758664,-0.021402831841012555,0.5438893181827209,-1.0017009491421465,-1.0076686893212572,-1.3226653594007625
2021,oe:team:33d17f3717f58e12a3da80b377221fb,FunPlus Phoenix,LPL,4,-1.9705882352941178,2.764705882352941,0.7941176470588235,-1.7058823529411764,-1.7058823529411764,-1.8235294117647058,0.6411764705882352,0.1588235294117647,0.48235294117647065,-0.14903915344916116,0.32523355933401465,0.29551875890839546,-0.2553939859367871,-0.2600492240428805,-0.4137116117168649
2021,oe:team:3a1d18f46bcb3716ebcfcf4ef068934,Hanwha Life Esports,LCK,3,-1.5609756097560978,2.2926829268292686,0.7317073170731707,-1.8048780487804879,-1.7560975609756098,-1.5609756097560976,0.5512195121951221,0.1463414634146342,0.40487804878048783,0.5443314725882065,-0.6681756104968563,0.018134437254142585,-0.44285368910813705,-0.3553047074238168,0.00027180248461125447
2021,oe:team:4880b157399745e82e26e229d8bbf48,PSG Talon,Other,4,-1.7941176470588236,2.735294117647059,0.9411764705882353,-1.2352941176470589,-1.2352941176470589,-1.7058823529411764,0.6294117647058823,0.18823529411764708,0.44117647058823534,0.1496809411308608,0.2633342037670457,0.9491254938408308,0.6357188059502087,0.6326307344984642,-0.22821084688341645
2021,oe:team:4bd1751425ef6a9bc9d4d8e9385b4a6,100 Thieves,LCS,4,-2.3636363636363633,3.090909090909091,0.7272727272727273,-1.9393939393939394,-1.9393939393939394,-2.0606060606060606,0.6545454545454545,0.14545454545454545,0.509090909090909,-0.8143702731955729,1.0117536847131274,-0.0015752115154384488,-0.6975749546382891,-0.7030078398342299,-0.7875237590327533
2021,oe:team:50f58982d91a36557ec8aec52ab014f,Gen.G,LCK,3,-1.5882352941176472,2.205882352941176,0.6176470588235294,-1.3529411764705883,-1.3529411764705883,-1.411764705882353,0.5235294117647058,0.12352941176470586,0.39999999999999997,0.49818771814088625,-0.8508541964384007,-0.4888093230105265,0.4129406079784596,0.40946074486312795,0.23554106520020426
2021,oe:team:67169969ecc058b307edfa9c6b7a3c0,RED Canids,Other,4,-1.6363636363636362,2.5909090909090904,0.9545454545454545,-1.1818181818181817,-1.1818181818181817,-1.1818181818181817,0.618181818181818,0.1909090909090909,0.42727272727272725,0.4167186014372443,-0.04053535992534978,1.0085442879255975,0.736981623210095,0.734071638878163,0.5981107419201265
2021,oe:team:6a0084dacefb228be863fbb64cefe11,MAD Lions KOI,LEC,4,-1.9090909090909092,2.7272727272727275,0.8181818181818181,-1.5454545454545454,-1.5454545454545454,-1.8181818181818181,0.609090909090909,0.16363636363636364,0.4454545454545455,-0.04493972655006257,0.24645256133969085,0.4024725882609757,0.04839446584287058,0.044273489096214313,-0.4052797587698899
2021,oe:team:73f3126d91d35faa5d5ce34abadb865,Royal Never Give Up,LPL,4,-2.4444444444444446,2.9722222222222223,0.5277777777777778,-2.4444444444444446,-2.4444444444444446,-2.4444444444444446,0.5277777777777777,0.10555555555555556,0.4222222222222222,-0.9511579259325534,0.7619679013898533,-0.8882356610247926,-1.6539460065372118,-1.661060825642492,-1.3927434261156206
2021,oe:team:78f183fa5a7d8ecb22b9ad272c3abd7,Fnatic,LEC,4,-0.2727272727272728,1.5454545454545454,1.272727272727273,-0.18181818181818182,-0.18181818181818182,0.06060606060606055,0.5393939393939393,0.2545454545454545,0.28484848484848485,2.7250102413737767,-2.240776089623981,2.4227115871430493,2.630596305969961,2.6310165507785204,2.557111243267301
2021,oe:team:7e3dd5ff49e1a44784d225d2de40260,inf,Other,4,-1.9,2.9999999999999996,1.0999999999999999,-1.3,-1.3,-1.0,0.6699999999999998,0.22000000000000003,0.4499999999999999,-0.029551115617152065,0.8204284038697675,1.6550207675678603,0.5131907970657467,0.5098872401990293,0.8847937421172738
2021,oe:team:89008bdacc273b554227d6b76869381,Beyond Gaming,Other,4,-2.515151515151515,3.0606060606060606,0.5454545454545455,-1.878787878787879,-1.878787878787879,-1.7575757575757578,0.6545454545454545,0.10909090909090909,0.5454545454545453,-1.0708471220774103,0.9479785910986744,-0.8096708110682672,-0.5828104284104185,-0.5880414815372387,-0.30971875870417453
2021,oe:team:8eb884e168f28402ce685bedebb5250,Team Liquid,LCS,4,-2.3125,3.03125,0.71875,-1.6875,-1.6875,-1.3125,0.6375,0.14375,0.49375,-0.7278093366979534,0.8861964691596731,-0.039454692744477396,-0.22058489250370142,-0.22517891316235933,0.3920573355284265
2021,oe:team:a9145b7711873f53e610fbba0493484,LNG Esports,LPL,4,-2.1999999999999997,2.818181818181818,0.6181818181818182,-1.6363636363636362,-1.6363636363636362,-1.6727272727272726,0.5854545454545453,0.12363636363636363,0.4618181818181818,-0.5373752764031889,0.4377778421830491,-0.486432571247136,-0.1237523234989353,-0.12817604834927263,-0.17593335861217183
2021,oe:team:b61ee1b18ac8e03518fc61ac07d497c,PEACE,Other,4,-1.7419354838709675,2.516129032258064,0.7741935483870968,-1.032258064516129,-1.032258064516129,-0.5161290322580645,0.6064516129032257,0.15483870967741936,0.4516129032258064,0.23801215189377098,-0.19791583287714523,0.2069655883691624,1.0201908572885499,1.0177789424175123,1.6477404361903276
2021,oe:team:cd62e47544f14f1d239afa659b9d243,Rogue,LEC,4,-2.545454545454545,2.954545454545454,0.40909090909090906,-2.0,-2.0,-1.6363636363636362,0.6272727272727272,0.08181818181818182,0.5454545454545454,-1.122142491853777,0.7247657634480879,-1.4157425107328894,-0.8123394808661597,-0.8179741981312212,-0.11859675857274231
2021,oe:team:ce499dea30cfce118f4fe85da0227e8,T1,LCK,3,-1.8571428571428568,2.408163265306122,0.5510204081632653,-1.5510204081632653,-1.5510204081632653,-1.9591836734693877,0.5591836734693878,0.11020408163265305,0.44897959183673475,0.04299519306656804,-0.4251382203961842,-0.7849331906737934,0.0378548664954131,0.03371535415057227,-0.6276053507595145
2021,oe:team:e435aa3ecb82a89e60544f5f5857a81,DetonatioN FocusMe,Other,3,-1.4583333333333335,1.875,0.4166666666666667,-1.25,-1.25,-1.0,0.4,0.08333333333333334,0.3166666666666667,0.7180788988734024,-1.5472219465668036,-1.3820718607515212,0.6078715312037402,0.6047344857940473,0.8847937421172738
2021,oe:team:e84133caa1e561518201cc7d33f14ed,Unicorns of Love.CIS,Other,3,-0.6666666666666667,1.6666666666666665,1.0,-0.9629629629629629,-0.9629629629629629,-1.037037037037037,0.4814814814814815,0.2,0.2814814814814814,2.0581704342810005,-1.985675715166169,1.210568187813805,1.1514090790329612,1.1492279327284094,0.8263953531882253
2021,oe:team:ef69efa6acebe94107f0cf1ba716806,Dplus Kia,LCK,3,-1.7142857142857144,2.257142857142857,0.5428571428571428,-1.7142857142857144,-1.7142857142857144,-1.9428571428571428,0.5142857142857142,0.10857142857142858,0.4057142857142857,0.28481622201229917,-0.7429724624502537,-0.8212150339190224,-0.2713067143633409,-0.275989937588262,-0.6018623874765054
2021,oe:team:fc8e90107dabb9a35c490b0d86adea0,Cloud9,LCS,4,-2.7142857142857144,3.2857142857142856,0.5714285714285714,-2.657142857142857,-2.657142857142857,-2.7142857142857144,0.6285714285714287,0.11428571428571428,0.5142857142857145,-1.4079309806078248,1.4217364293774688,-0.6942285825607207,-2.0567148438226432,-2.0645379973800275,-1.8182174025986886
2022,oe:team:056c3140a119e44a03d462e2c832f27,EDward Gaming,LPL,3,-1.75,1.9285714285714284,0.17857142857142855,-0.2857142857142857,-0.2857142857142857,-0.39285714285714285,0.42142857142857143,0.03571428571428571,0.3857142857142858,-0.6976386412302419,0.2088988477269142,-0.920097049002477,1.4135954158651372,1.422977835551173,1.2770254224161495
2022,oe:team:0916b3c324c8577b0c6344f3e067f62,CTBC Flying Oyster,Other,4,-1.5714285714285714,2.0285714285714285,0.4571428571428572,-0.48571428571428565,-0.48571428571428565,-0.5428571428571428,0.41142857142857137,0.06285714285714286,0.34857142857142853,-0.21958637082461246,0.5425448696880745,0.3745118180721848,0.4883999763383057,0.4990522516721379,0.6382026332087123
2022,oe:team:1d0389df0c5eea93b04122ba167c010,Kiwoom DRX,LCK,4,-1.218181818181818,1.9818181818181817,0.7636363636363636,-0.7818181818181817,-0.7818181818181817,-0.9090909090909091,0.46909090909090906,0.10545454545454544,0.36363636363636365,0.7260879386323418,0.3865545217581814,1.7988833454830007,-0.8813698951689515,-0.8688375738111094,-0.9215205404406154
2022,oe:team:4bd1751425ef6a9bc9d4d8e9385b4a6,100 Thieves,LCS,3,-2.0,2.1875,0.1875,-0.59375,-0.59375,-0.71875,0.475,0.0375,0.4375,-1.366911819798123,1.072803726019204,-0.8786031750577762,-0.011370774477527752,-3.255033394851208e-05,-0.11089313746905674
2022,oe:team:50f58982d91a36557ec8aec52ab014f,Gen.G,LCK,4,-1.627906976744186,2.0697674418604652,0.4418604651162791,-0.8604651162790697,-0.8604651162790697,-1.0697674418604652,0.46511627906976755,0.07441860465116279,0.39069767441860465,-0.37078429820871855,0.6799937292335364,0.30348974545985974,-1.2451888206488475,-1.2321571480214704,-1.605812745934136
2022,oe:team:5737b101780a9835142549164be1ac4,Isurus,Other,4,-1.4482758620689657,1.8275862068965518,0.37931034482758624,-0.10344827586206896,-0.10344827586206896,-0.13793103448275862,0.37931034482758624,0.05517241379310345,0.3241379310344828,0.11010485014478635,-0.1280343271599705,0.01279970313355257,2.2567538213452547,2.26497898342123,2.3627094730396263
2022,oe:team:658a021a796aa5501503220adb38cf4,LOUD,Other,4,-1.4482758620689655,1.96551724137931,0.5172413793103448,-0.7241379310344828,-0.7241379310344828,-0.8275862068965517,0.44827586206896547,0.0896551724137931,0.3586206896551724,0.11010485014478695,0.3321670824416281,0.6538085144172041,-0.6145423702897402,-0.602376276893018,-0.574406799178476
2022,oe:team:692bccdba8ec7050f5aeb916815439e,Chiefs Esports Club,Other,3,-0.7826086956521738,1.217391304347826,0.43478260869565216,-0.6956521739130435,-0.6956521739130435,-0.9130434782608695,0.33043478260869563,0.08695652173913042,0.24347826086956523,1.89215757148895,-2.163925345723571,0.2705967250628472,-0.48276790738861713,-0.47078267798970697,-0.9383538155185451
2022,oe:team:6a0084dacefb228be863fbb64cefe11,MAD Lions KOI,LEC,3,-1.4166666666666665,1.8333333333333333,0.41666666666666663,-0.375,-0.375,-0.5416666666666666,0.45,0.08333333333333334,0.36666666666666664,0.19472559686026658,-0.10885926842657108,0.18640625618954132,1.0005617375049443,1.0105110570337466,0.6432726553452792
2022,oe:team:73f3126d91d35faa5d5ce34abadb865,Royal Never Give Up,LPL,3,-1.2037037037037037,1.5370370370370372,0.33333333333333337,-0.5555555555555556,-0.5555555555555556,-0.7777777777777778,0.3740740740740741,0.06666666666666667,0.3074074074074074,0.7648471934180907,-1.0974400742374146,-0.20086990062766477,0.1653158545987768,0.17641157158739496,-0.3622817350738354
2022,oe:team:78f183fa5a7d8ecb22b9ad272c3abd7,Fnatic,LEC,3,-2.0625,2.21875,0.15625,-0.46875,-0.46875,-0.53125,0.475,0.03125,0.44375,-1.5342301144400932,1.1770681078820664,-1.0238317338642287,0.5668763752267421,0.5774209395904487,0.6876353490402399
2022,oe:team:7d6673d3a9d00363c6bebc1a630da6e,G2 Esports,LEC,3,-1.6800000000000002,1.88,0.2,-0.64,-0.64,-0.6799999999999999,0.41600000000000004,0.04,0.376,-0.5102421512312356,0.04684220848863678,-0.8205117515351952,-0.22532221986810763,-0.21369034160597553,0.054136083076198174
2022,oe:team:89008bdacc273b554227d6b76869381,Beyond Gaming,Other,4,-1.6486486486486487,2.4054054054054057,0.7567567567567568,-1.0270270270270272,-1.0270270270270272,-1.135135135135135,0.5351351351351352,0.12432432432432435,0.4108108108108109,-0.42631167694596583,1.7998364427926785,1.7669116529300328,-2.0157004217632744,-2.001611201220542,-1.8842018935460083
2022,oe:team:8e27b674a472ab529e758f13f0bace0,Saigon Buffalo,Other,3,-0.9574468085106383,1.3404255319148934,0.3829787234042553,-0.4893617021276596,-0.4893617021276596,-0.5957446808510638,0.3446808510638296,0.07659574468085106,0.26808510638297867,1.4240997333785723,-1.7534265397954094,0.029847809816628244,0.4715271111797612,0.48220254497525533,0.41296420297143943
2022,oe:team:9cae7677cd0dbcc1cd86653870b73c2,GAM Esports,Other,3,-0.7142857142857143,1.2040816326530612,0.4897959183673469,-0.32653061224489793,-0.32653061224489793,-0.6938775510204082,0.33877551020408164,0.09795918367346938,0.2408163265306123,2.075064527122408,-2.208332535869244,0.5262608427842328,1.2247800200433347,1.2344215939432068,-0.004965889258639801
2022,oe:team:a65adb2808377018a2a7832eb2bd7f4,İstanbul Wildcats,Other,3,-1.8695652173913044,1.956521739130435,0.08695652173913043,-0.8695652173913043,-0.8695652173913043,-0.8695652173913043,0.408695652173913,0.017391304347826087,0.391304347826087,-1.0177258135887939,0.30215394703282994,-1.345860277304623,-1.2872856808902098,-1.2741962291888682,-0.753187789661317
2022,oe:team:b42d0f31f2727621b963042276817c4,JD Gaming,LPL,3,-1.4545454545454544,1.7045454545454544,0.25,-0.6818181818181818,-0.6818181818181818,-0.7272727272727272,0.3909090909090909,0.05,0.3409090909090909,0.09332056980452712,-0.5385549027704896,-0.5881460574448714,-0.4187721754055358,-0.40687478187159176,-0.14718988685584256
2022,oe:team:cd62e47544f14f1d239afa659b9d243,Rogue,LEC,3,-1.9333333333333333,2.1666666666666665,0.23333333333333334,-0.6,-0.6,-0.6,0.48,0.04666666666666667,0.4333333333333333,-1.1884389721800213,1.0032941381106284,-0.6656012888083127,-0.04028313196274114,-0.028905224830168268,0.39484157065349795
2022,oe:team:ce499dea30cfce118f4fe85da0227e8,T1,LCK,4,-0.8510638297872339,1.829787234042553,0.978723404255319,-0.6595744680851063,-0.6595744680851063,-0.7872340425531914,0.45106382978723414,0.12765957446808512,0.32340425531914896,1.7088968306415009,-0.1206906876450525,2.798460335148146,-0.31587326288562706,-0.30411710087924254,-0.40255425133592715
2022,oe:team:e435aa3ecb82a89e60544f5f5857a81,DetonatioN FocusMe,Other,3,-1.7142857142857144,2.0,0.2857142857142857,-0.8571428571428572,-0.8571428571428572,-0.9642857142857142,0.45714285714285713,0.05714285714285714,0.4,-0.6020281871491163,0.4472174348420291,-0.4221705616660687,-1.2298201256400965,-1.216809546960357,-1.1565852031359924
2022,oe:team:ef69efa6acebe94107f0cf1ba716806,Dplus Kia,LCK,4,-1.4509803921568627,1.823529411764706,0.37254901960784315,-0.6078431372549019,-0.6078431372549019,-0.6274509803921569,0.41568627450980394,0.0627450980392157,0.3529411764705882,0.1028645723509493,-0.14156966273648788,-0.018622297419567755,-0.07656530606183244,-0.06513760066856168,0.2779328249161891
2022,oe:team:f7f7324c151aa6ed770b244ce08e027,Evil Geniuses,LCS,3,-1.7647058823529411,2.088235294117647,0.32352941176470584,-0.5882352941176471,-0.6470588235294117,-0.6176470588235294,0.45294117647058824,0.06470588235294118,0.38823529411764707,-0.7370076517342347,0.7416109836312883,-0.24643180142968943,0.014140129185895824,-0.2462994798605293,0.3196859483937992
2022,oe:team:fc8e90107dabb9a35c490b0d86adea0,Cloud9,LCS,3,-1.6875,1.8125,0.125,-0.28125,-0.28125,-0.25,0.3875,0.025,0.3625,-0.5303203465882715,-0.17836885633514582,-1.169060292670681,1.4342470997831467,1.4436011744770445,1.885428078804185
2022,oe:team:fcec508e780bbd1ad493852640f5b36,Top Esports,LPL,3,-1.489795918367347,1.7755102040816326,0.2857142857142857,-0.6326530612244898,-0.6326530612244898,-0.7142857142857143,0.4122448979591836,0.05714285714285714,0.3551020408163265,-0.00104819006775371,-0.30178383894833005,-0.4221705616660687,-0.1913354486201833,-0.17975021811654168,-0.09188055445693069
2023,oe:team:0916b3c324c8577b0c6344f3e067f62,CTBC Flying Oyster,Other,4,-1.2307692307692308,1.358974358974359,0.1282051282051282,-0.4358974358974359,-0.4358974358974359,-0.4358974358974359,0.29743589743589743,0.02564102564102564,0.27179487179487183,-0.24049875840008902,-0.1364759996578299,-1.1914931500825916,-0.10151345727704118,-0.22197599935120618,-0.29040363048468776
2023,oe:team:2cb996a4b0ffaca3bcf66fe91450243,Movistar R7,Other,5,-1.8333333333333335,2.111111111111111,0.2777777777777778,-0.5555555555555556,-0.5,-0.2222222222222222,0.47777777777777775,0.05555555555555556,0.4222222222222222,-1.297201770092136,1.2027843405419794,-0.35787796047258585,-0.5108981755284178,-0.4599449418202667,0.5085741544510003
2023,oe:team:407a64574852482edb8c1560eab637c,Team Whales,Other,4,-1.0930232558139534,1.2093023255813955,0.11627906976744186,-0.16279069767441862,-0.16279069767441862,-0.16279069767441862,0.2651162790697675,0.023255813953488372,0.2418604651162791,0.0010632363558368367,-0.4029831445231723,-1.2579608063970107,0.8328629594628116,0.7918823787960468,0.7308014639354381
2023,oe:team:4880b157399745e82e26e229d8bbf48,PSG Talon,Other,4,-0.9655172413793103,1.1724137931034482,0.20689655172413796,-0.3103448275862069,-0.3103448275862069,-0.41379310344827586,0.27586206896551724,0.04137931034482759,0.23448275862068968,0.2246676443990515,-0.4686671420349772,-0.7529212178148643,0.32803799586356575,0.2441148948640571,-0.20775075618099587
2023,oe:team:50f58982d91a36557ec8aec52ab014f,Gen.G,LCK,5,-1.2727272727272727,1.7272727272727273,0.45454545454545453,-0.5454545454545454,-0.5151515151515151,-0.3030303030303031,0.43636363636363634,0.0909090909090909,0.34545454545454546,-0.31407962575195286,0.5193188363491015,0.6273036272483297,-0.47633972528641827,-0.5161921464038627,0.20641528305713983
2023,oe:team:606c6ac695907af3823ee6405c58ff1,Weibo Gaming,LPL,6,-1.96875,2.1875,0.21875,-1.125,-0.9375,-0.75,0.475,0.0375,0.4375,-1.534678909687822,1.3388029688435223,-0.6868582406579631,-2.4591308079211296,-2.0840829741716043,-1.464900974340149
2023,oe:team:658a021a796aa5501503220adb38cf4,LOUD,Other,4,-0.36363636363636365,1.0,0.6363636363636364,-0.40909090909090906,-0.40909090909090906,-0.5909090909090908,0.32727272727272727,0.12727272727272726,0.2,1.2801725002051005,-0.7756684347531935,1.6406332603327,-0.009800647019427481,-0.12246171431868985,-0.8700256962834866
2023,oe:team:6a0084dacefb228be863fbb64cefe11,MAD Lions KOI,LEC,4,-0.6111111111111112,0.9444444444444444,0.33333333333333337,-0.4444444444444444,-0.4444444444444444,-0.49999999999999994,0.2555555555555556,0.06666666666666668,0.18888888888888888,0.8461816436945693,-0.8745910735179522,-0.048249461474583664,-0.13075522286642513,-0.25370519168041417,-0.5300969659653939
2023,oe:team:7338408a0fe0217451d2c9a567db999,Team BDS,LEC,0,0.0,0.0,0.0,0.0,0.0,0.0,0.0,0.0,0.0,1.917873350587922,-2.556275932518849,-1.9060204554625964,1.389816587781545,1.3962128094384052,1.3395110507841157
2023,oe:team:78f183fa5a7d8ecb22b9ad272c3abd7,Fnatic,LEC,4,-0.7714285714285714,1.0,0.22857142857142856,-0.42857142857142855,-0.42857142857142855,-0.4571428571428571,0.24571428571428572,0.04571428571428572,0.2,0.5650365465615081,-0.7756684347531935,-0.6321203452993878,-0.07644908677185476,-0.19477954878331344,-0.3698448502440073
2023,oe:team:7d6673d3a9d00363c6bebc1a630da6e,G2 Esports,LEC,4,-0.5384615384615385,0.8461538461538463,0.3076923076923077,-0.038461538461538464,-0.038461538461538464,-0.34615384615384615,0.23076923076923078,0.06153846153846154,0.16923076923076924,0.9735855529056671,-1.0496080497940634,-0.19115492255058472,1.2582286426293168,1.2534314439569687,0.045167039188301235
2023,oe:team:8eb884e168f28402ce685bedebb5250,Team Liquid,LCS,5,-0.25806451612903225,0.9032258064516129,0.6451612903225806,-0.0967741935483871,-0.0967741935483871,0.16129032258064516,0.2967741935483871,0.11612903225806451,0.18064516129032254,1.4653114567678553,-0.9479852893756763,1.6896653393529115,1.0587243386888416,1.036956470485114,1.9426104110258933
2023,oe:team:9cae7677cd0dbcc1cd86653870b73c2,GAM Esports,Other,4,-0.4722222222222221,1.1388888888888888,0.6666666666666667,-0.4444444444444444,-0.4444444444444444,-0.6666666666666667,0.36111111111111105,0.13333333333333333,0.22777777777777777,1.0897479407157862,-0.528361837841297,1.8095215325134288,-0.13075522286642513,-0.25370519168041417,-1.153299638215231
2023,oe:team:a9145b7711873f53e610fbba0493484,LNG Esports,LPL,6,-1.564102564102564,1.9487179487179487,0.3846153846153846,-0.3076923076923077,-0.3076923076923077,-0.15384615384615385,0.4512820512820512,0.06153846153846153,0.3897435897435898,-0.8250578712510085,0.9136258579988386,0.23756146067741785,0.3371130265637194,0.25396188558691474,0.7642470456304203
2023,oe:team:b42d0f31f2727621b963042276817c4,JD Gaming,LPL,6,-1.4166666666666667,1.75,0.3333333333333333,-0.3333333333333333,-0.20833333333333331,-0.20833333333333331,0.4166666666666667,0.06666666666666667,0.35,-0.5665028790284865,0.5597871885710481,-0.04824946147458397,0.24938772979556736,0.6228137464139586,0.56050771047182
2023,oe:team:ce499dea30cfce118f4fe85da0227e8,T1,LCK,5,-1.3541666666666667,1.8958333333333333,0.5416666666666667,-0.625,-0.6041666666666667,-0.6458333333333333,0.4875,0.10833333333333332,0.3791666666666666,-0.4568980453689391,0.8194591153285394,1.1128574097679242,-0.7484875209421631,-0.8466444733324903,-1.0753993041840009
2023,oe:team:d356a144644879dabb5f34cd99c886d,Bilibili Gaming,LPL,6,-1.8181818181818183,2.2727272727272725,0.4545454545454546,-0.18181818181818182,-0.18181818181818182,-0.09090909090909093,0.509090909090909,0.07272727272727272,0.43636363636363634,-1.2706309013261854,1.4905592896758222,0.62730362724833,0.7677644834255571,0.7212463544352518,0.9995823204660229
2023,oe:team:d723992568441c6bafa2658129eade7,KT Rolster,LCK,5,-1.65,1.825,0.175,-0.9500000000000001,-0.9500000000000001,-0.7750000000000001,0.3999999999999999,0.035,0.36499999999999994,-0.97569425802413,0.6933327509034722,-0.9306906836188898,-1.8604056574784913,-2.1304869179530717,-1.5583813751776252
2023,oe:team:e435aa3ecb82a89e60544f5f5857a81,DetonatioN FocusMe,Other,5,-1.5294117647058825,1.7647058823529413,0.23529411764705882,-0.7058823529411764,-0.6470588235294118,-0.7058823529411764,0.3882352941176471,0.047058823529411764,0.3411764705882353,-0.7642214024927683,0.5859725929499551,-0.5946526950004699,-1.0252092291299368,-1.0058736921904643,-1.2999355610975452
2023,oe:team:e758ebe9a5a2cc81b9c8078479c2d87,NRG,LCS,5,-1.4482758620689655,1.7586206896551724,0.3103448275862069,-0.6551724137931034,-0.5517241379310345,-0.4827586206896552,0.4137931034482759,0.06206896551724138,0.3517241379310345,-0.621935208695384,0.5751372532069589,-0.17637159899099847,-0.8517159951564109,-0.6519612609159913,-0.4656277240085146
2023,oe:team:ef69efa6acebe94107f0cf1ba716806,Dplus Kia,LCK,5,-0.5,0.96875,0.46875,-0.03125,0.0,-0.03125,0.2875,0.09375,0.19375,1.0410346813115425,-0.8313124190583703,0.7064700048330461,1.2829013823453594,1.3962128094384052,1.2226605497372713
2023,oe:team:fc8e90107dabb9a35c490b0d86adea0,Cloud9,LCS,5,-1.4,1.8,0.4,-0.15000000000000002,-0.1,-0.10000000000000003,0.43,0.06999999999999999,0.36000000000000004,-0.5372749233859403,0.648817563459331,0.32330473732301873,0.8766236016878549,1.0249812591866707,0.9655894474342136
2024,oe:team:2cb996a4b0ffaca3bcf66fe91450243,Movistar R7,Other,3,-1.6428571428571426,2.142857142857143,0.4999999999999999,-0.892857142857143,-1.3214285714285712,-0.035714285714285754,0.45714285714285713,0.1,0.3571428571428572,2.1611851823704877,-1.671519094676637,1.0429320712130292,0.7500568940466613,0.8409988548387969,1.3826136815277867
2024,oe:team:2e66da41dc460dd378e3bcc57042d31,FlyQuest,LCS,2,-2.3684210526315788,2.473684210526316,0.10526315789473684,-1.6052631578947367,-2.3684210526315788,-1.0,0.47368421052631576,0.021052631578947368,0.45263157894736833,-0.3848706862737206,-0.4558073767289532,-1.5137774124859498,-1.1034270164690356,-0.9766292126285679,-0.556668863652042
2024,oe:team:3a1d18f46bcb3716ebcfcf4ef068934,Hanwha Life Esports,LCK,2,-2.0,2.352941176470588,0.35294117647058826,-1.1372549019607843,-1.6666666666666667,-1.0980392156862746,0.5137254901960785,0.07058823529411765,0.4431372549019608,0.9079452470274827,-0.8995096481189517,0.09043245963890036,0.11420135001284784,0.24164932451293278,-0.7538362974393887
2024,oe:team:4880b157399745e82e26e229d8bbf48,PSG Talon,Other,3,-2.428571428571429,2.9642857142857144,0.5357142857142857,-0.7142857142857144,-0.9642857142857143,-0.21428571428571452,0.5642857142857143,0.10714285714285714,0.45714285714285713,-0.5959426753841228,1.3470378413639177,1.2742534054524612,1.214650486392285,1.4610156103483105,1.0234872842722624
2024,oe:team:4bd1751425ef6a9bc9d4d8e9385b4a6,100 Thieves,LCS,2,-2.1875,2.40625,0.21875,-0.53125,-0.8125,0.21875,0.4875,0.04375,0.44375,0.2499942809724057,-0.7036122510549374,-0.778723435922493,1.690858918546549,1.724522731439854,1.8943687976169084
2024,oe:team:50f58982d91a36557ec8aec52ab014f,Gen.G,LCK,2,-2.083333333333333,2.2916666666666665,0.20833333333333331,-1.8125,-2.7291666666666665,-1.3333333333333335,0.4791666666666667,0.04166666666666667,0.4375,0.6155225954474495,-1.1246790700316094,-0.8461921584089941,-1.642600106533299,-1.602900523127871,-1.2270381385290203
2024,oe:team:606c6ac695907af3823ee6405c58ff1,Weibo Gaming,LPL,3,-2.648148148148148,2.888888888888889,0.24074074074074073,-0.9444444444444446,-1.4629629629629628,-0.055555555555555663,0.5407407407407407,0.04814814814814815,0.4925925925925926,-1.3664531541505605,1.069972228877103,-0.6362894662287691,0.6158409673690367,0.59528851098873,1.342710748499395
2024,oe:team:61450737f7b683db4da7b3e0bf0dced,paiN Gaming,Other,3,-2.4782608695652173,2.9130434782608696,0.43478260869565216,-1.5217391304347823,-2.4782608695652177,-1.0869565217391304,0.5130434782608695,0.08695652173913043,0.42608695652173917,-0.7703064924753221,1.1587346676600643,0.6205191999931984,-0.886120539866185,-1.1673162880072387,-0.731547804924297
2024,oe:team:6a0084dacefb228be863fbb64cefe11,MAD Lions KOI,LEC,3,-2.24,2.5200000000000005,0.28,-0.88,-1.4400000000000002,-0.6400000000000001,0.504,0.05600000000000001,0.44800000000000006,0.06576801047698337,-0.2856077362162764,-0.38200734770186795,0.7835076326955466,0.6351532920096375,0.1673299532150938
2024,oe:team:78f183fa5a7d8ecb22b9ad272c3abd7,Fnatic,LEC,3,-2.096774193548387,2.290322580645161,0.1935483870967742,-0.9032258064516129,-1.4838709677419355,-0.6451612903225806,0.432258064516129,0.03870967741935484,0.39354838709677414,0.5683576516442175,-1.1296182702542101,-0.9419542161317693,0.7230804919104643,0.558991233784469,0.15695004186216024
2024,oe:team:7d6673d3a9d00363c6bebc1a630da6e,G2 Esports,LEC,3,-2.282608695652174,2.5434782608695654,0.2608695652173913,-1.5,-2.4130434782608696,-1.1956521739130435,0.4695652173913044,0.05217391304347826,0.417391304347826,-0.08374896267872008,-0.19933064571923925,-0.5059151232596854,-0.8295613199284578,-1.054095837001153,-0.950146481514616
2024,oe:team:8eb884e168f28402ce685bedebb5250,Team Liquid,LCS,2,-2.419354838709677,2.709677419354838,0.29032258064516125,-1.8064516129032255,-2.7419354838709675,-1.3548387096774195,0.5548387096774192,0.058064516129032254,0.49677419354838703,-0.5636009996333334,0.4114121991970671,-0.3151480201281488,-1.6268638719538495,-1.6250677888490443,-1.2702877691662446
2024,oe:team:9cae7677cd0dbcc1cd86653870b73c2,GAM Esports,Other,3,-2.3333333333333335,2.717948717948718,0.3846153846153846,-0.8717948717948719,-1.3846153846153846,-0.17948717948717957,0.4871794871794871,0.07692307692307691,0.41025641025641024,-0.26174535929265474,0.4418072774899945,0.2955862221317894,0.804855112631017,0.7313035827101901,1.0934708898912882
2024,oe:team:a9145b7711873f53e610fbba0493484,LNG Esports,LPL,3,-2.052631578947368,2.3421052631578947,0.2894736842105263,-0.8421052631578948,-1.236842105263158,-0.4736842105263157,0.43157894736842106,0.05789473684210526,0.3736842105263158,0.7232572565558831,-0.9393290827308733,-0.3206463200930925,0.8820992834501545,0.9878449285121023,0.5018089387852916
2024,oe:team:ce499dea30cfce118f4fe85da0227e8,T1,LCK,2,-1.8133333333333335,2.2533333333333334,0.44,-1.6533333333333335,-2.3066666666666666,-1.3733333333333335,0.4960000000000001,0.08800000000000001,0.40800000000000003,1.5629719865667588,-1.265545060380168,0.654312229690785,-1.228492351222567,-0.8694207013601162,-1.3074824515142578
2024,oe:team:d356a144644879dabb5f34cd99c886d,Bilibili Gaming,LPL,3,-2.238095238095238,2.619047619047619,0.38095238095238093,-1.119047619047619,-1.6904761904761905,-0.5000000000000002,0.5095238095238095,0.07619047619047618,0.4333333333333333,0.07245195679881332,0.07836898418745254,0.2718609570815914,0.16157167707553868,0.20031487414563198,0.4488850486634243
2024,oe:team:d8ca3fc1f0827ec76369af7b70d43e3,Fukuoka SoftBank HAWKS gaming,Other,3,-2.5,2.852941176470588,0.35294117647058826,-0.8823529411764706,-1.411764705882353,-0.7352941176470587,0.5470588235294117,0.07058823529411765,0.4764705882352941,-0.8465906624527227,0.937872834688342,0.09043245963890036,0.7773859288905219,0.6841710872687428,-0.02431679242620634
2024,oe:team:ef69efa6acebe94107f0cf1ba716806,Dplus Kia,LCK,2,-2.236363636363636,2.745454545454545,0.509090909090909,-1.5454545454545454,-2.1090909090909093,-1.309090909090909,0.5963636363636363,0.10181818181818181,0.4945454545454545,0.07852827163684183,0.5428847287586459,1.1018138653830667,-0.9478215070709801,-0.5264199168576412,-1.178284009447058
2024,oe:team:fcec508e780bbd1ad493852640f5b36,Top Esports,LPL,3,-2.934782608695652,3.0217391304347823,0.08695652173913043,-1.173913043478261,-2.0000000000000004,-0.5,0.5217391304347827,0.017391304347826087,0.5043478260869565,-2.3722740620007263,1.5581656421833876,-1.6323494465125692,0.018826979137462868,-0.33703298062928094,0.44888504866342477
2024,oe:team:fe099196385a285d6d6edde504dc1f6,MGN Vikings Esports,Other,3,-2.1904761904761902,2.9047619047619047,0.7142857142857143,-1.2857142857142858,-2.095238095238095,-0.9523809523809521,0.6238095238095238,0.14285714285714285,0.48095238095238085,0.23955061484454815,1.1283018315059057,2.4308600766496187,-0.27204900911371,-0.5023707820984833,-0.4609018243839018
2025,oe:team:0916b3c324c8577b0c6344f3e067f62,CTBC Flying Oyster,Other,3,-0.8275862068965517,0.8620689655172414,0.034482758620689655,0.034482758620689655,0.10344827586206896,0.06896551724137931,0.16551724137931031,0.006896551724137931,0.15862068965517237,-0.3995948178437957,0.08847148522273024,-1.2613588161029492,0.2329185050637833,0.2975155400894629,0.9946416341055073
2025,oe:team:2e66da41dc460dd378e3bcc57042d31,FlyQuest,LCS,2,-0.3235294117647059,0.35294117647058826,0.029411764705882353,0.0,0.0,0.0,0.07647058823529412,0.0058823529411764705,0.07058823529411765,1.4249033918992873,-1.5652388810399718,-1.3382759047951642,-0.33412409065268645,-0.8905084607906265,0.06608770474418336
2025,oe:team:3a1d18f46bcb3716ebcfcf4ef068934,Hanwha Life Esports,LCK,3,-1.0232558139534884,1.0930232558139534,0.06976744186046512,0.0,0.0,0.0,0.213953488372093,0.013953488372093023,0.2,-1.1078460530704402,0.8386397380923851,-0.7261589803654891,-0.33412409065268645,-0.8905084607906265,0.06608770474418336
2025,oe:team:4880b157399745e82e26e229d8bbf48,PSG Talon,Other,3,-0.9166666666666666,1.0,0.08333333333333333,0.0,0.0,-0.041666666666666664,0.19166666666666668,0.016666666666666666,0.175,-0.7220329655750514,0.5364886362421075,-0.5203908617012764,-0.33412409065268645,-0.8905084607906265,-0.4949136275782832
2025,oe:team:4acc40654379b4da680be1bd3129dfa,Movistar KOI,LEC,2,-0.40625,0.5625,0.15625,0.09375,0.28125,0.0625,0.14375,0.03125,0.1125,1.1254856147721843,-0.8845657646474803,0.5856127761188676,1.2075229664514657,2.3394317916021166,0.9075897032278832
2025,oe:team:4bd1751425ef6a9bc9d4d8e9385b4a6,100 Thieves,LCS,2,-0.33333333333333337,0.36111111111111116,0.027777777777777776,0.0,0.0,-0.027777777777777776,0.07777777777777777,0.005555555555555555,0.07222222222222222,1.389416840536075,-1.5387019174379253,-1.3630603000404335,-0.33412409065268645,-0.8905084607906265,-0.3079131834707944
2025,oe:team:50f58982d91a36557ec8aec52ab014f,Gen.G,LCK,3,-0.893939393939394,1.0303030303030303,0.13636363636363635,0.030303030303030304,0.09090909090909091,-0.015151515151515152,0.21818181818181817,0.02727272727272727,0.19090909090909092,-0.639768687414878,0.6349166466933343,0.28397542034973733,0.16418606921936274,0.15351263089187636,-0.1379127797367136
2025,oe:team:53a258f289c26d94431c0496a54e151,Invictus Gaming,LPL,3,-1.0,1.1400000000000001,0.13999999999999999,0.0,0.0,-0.1,0.24400000000000005,0.028000000000000004,0.21600000000000003,-1.0236686521623553,0.991226044526776,0.33913196540466395,-0.33412409065268645,-0.8905084607906265,-1.2803154928297367
2025,oe:team:740de582f50775c516c77ed7b923fd5,Team Secret Whales,Other,3,-1.0625,1.3125,0.25,0.0,0.0,-0.09375,0.29375,0.05,0.24375,-1.2498954171028331,1.5515274940203845,2.0076174533161955,-0.33412409065268645,-0.8905084607906265,-1.1961652929813664
2025,oe:team:78f183fa5a7d8ecb22b9ad272c3abd7,Fnatic,LEC,2,-0.52,0.56,0.04,0.08,0.08,0.08,0.12000000000000002,0.008,0.11200000000000002,0.7137529025805145,-0.8926860755097064,-1.1776730236058188,0.9814147314095234,0.02823009988997602,1.1432102628033192
2025,oe:team:7d6673d3a9d00363c6bebc1a630da6e,G2 Esports,LEC,2,-0.4482758620689655,0.6206896551724138,0.1724137931034483,-0.1724137931034483,0.034482758620689655,-0.1724137931034483,0.15862068965517243,0.034482758620689655,0.12413793103448274,0.9733676176570353,-0.6955585290611803,0.8307859963253037,-3.1693370692350356,-0.49450046049726337,-2.255297118659127
2025,oe:team:b9e44c69c1a70fb35df9be96f9eafea,Vivo Keyd Stars,Other,2,-0.3793103448275862,0.4482758620689655,0.06896551724137931,0.034482758620689655,0.10344827586206896,0.0,0.10344827586206898,0.013793103448275862,0.0896551724137931,1.2229971513844593,-1.2555799678354023,-0.738322612995886,0.2329185050637833,0.2975155400894629,0.06608770474418336
2025,oe:team:ce499dea30cfce118f4fe85da0227e8,T1,LCK,3,-0.9130434782608694,1.1014492753623188,0.18840579710144928,0.07246376811594203,0.18840579710144928,0.10144927536231885,0.24347826086956523,0.03768115942028986,0.20579710144927535,-0.7089183705060377,0.8660084973179539,1.0733535108097387,0.8574871612152573,1.2731874248702129,1.4320039921380152
2025,oe:team:d356a144644879dabb5f34cd99c886d,Bilibili Gaming,LPL,3,-0.6865671641791044,0.880597014925373,0.19402985074626866,0.08955223880597014,0.208955223880597,0.04477611940298508,0.19402985074626863,0.03880597014925373,0.15522388059701492,0.11084169141974302,0.14865289356861616,1.158659437078985,1.1384939937453096,1.509181809643783,0.6689548081354908
2025,oe:team:d723992568441c6bafa2658129eade7,KT Rolster,LCK,3,-0.5609756097560976,0.7073170731707317,0.14634146341463417,0.0,0.0,-0.07317073170731708,0.1658536585365854,0.029268292682926828,0.13658536585365855,0.5654364283951474,-0.41418190372583985,0.43531959885410976,-0.33412409065268645,-0.8905084607906265,-0.9190853666513679
2025,oe:team:ed28f87f0cfdba0a2a8f183cebae73a,Anyone's Legend,LPL,3,-1.1066666666666667,1.2400000000000002,0.13333333333333333,0.06666666666666667,0.14666666666666667,0.06666666666666668,0.25333333333333335,0.026666666666666665,0.22666666666666666,-1.4097623309941043,1.3160384790158248,0.23801163280396526,0.7621582610658217,0.7938455671238114,0.9636898364601301
2025,oe:team:fcec508e780bbd1ad493852640f5b36,Top Esports,LPL,3,-0.7903225806451613,0.9193548387096774,0.12903225806451613,0.016129032258064516,0.08064516129032258,0.016129032258064516,0.19032258064516125,0.025806451612903226,0.16451612903225807,-0.2647143439749456,0.2745431245573907,0.17277270854544982,-0.06889448943046673,0.035639281830948576,0.28324951080449295
