year_group,patch_oe,riot_patch_title,release_date,champion,direction,magnitude,pro_targeted,hotfix,summary,source_url
2016,6.13,Patch 6.13 notes,2016-06-29,Blitzcrank,nerf,2,0,0,"E buff 10s to 5s; R cooldown 30s to 60/40/20s; Q pulls 75 units in front; E uncancellable.",https://web.archive.org/web/20160712/http://na.leagueoflegends.com/en/news/game-updates/patch/patch-613-notes
2016,6.13,Patch 6.13 notes,2016-06-29,Fiora,bugfix,0,0,0,"Bug fix: dying during Q no longer locks out Flash/Teleport.",https://web.archive.org/web/20160712/http://na.leagueoflegends.com/en/news/game-updates/patch/patch-613-notes
2016,6.13,Patch 6.13 notes,2016-06-29,Gnar,buff,2,0,0,"Mini Gnar range to 500 at 18; Q return distance 3000; W base damage +5 all ranks.",https://web.archive.org/web/20160712/http://na.leagueoflegends.com/en/news/game-updates/patch/patch-613-notes
2016,6.13,Patch 6.13 notes,2016-06-29,Irelia,nerf,2,0,0,"R cooldown increased to 110/85/60s from 70/60/50s.",https://web.archive.org/web/20160712/http://na.leagueoflegends.com/en/news/game-updates/patch/patch-613-notes
2016,6.13,Patch 6.13 notes,2016-06-29,Jarvan IV,buff,1,0,0,"W base shield lower, shield per enemy champion higher, radius 500 to 600.",https://web.archive.org/web/20160712/http://na.leagueoflegends.com/en/news/game-updates/patch/patch-613-notes
2016,6.13,Patch 6.13 notes,2016-06-29,Kindred,nerf,2,0,0,"Base armor 27 to 20, armor growth up; W heal removed; Wolf now maims jungle monsters.",https://web.archive.org/web/20160712/http://na.leagueoflegends.com/en/news/game-updates/patch/patch-613-notes
2016,6.13,Patch 6.13 notes,2016-06-29,Leona,bugfix,0,0,0,"Tooltip fix: Q stun shown as 1s (actual unchanged).",https://web.archive.org/web/20160712/http://na.leagueoflegends.com/en/news/game-updates/patch/patch-613-notes
2016,6.13,Patch 6.13 notes,2016-06-29,Lulu,buff,2,0,0,"Base mana and MS up; Q slow 2s all ranks, less damage to extra targets; W grants attack speed.",https://web.archive.org/web/20160712/http://na.leagueoflegends.com/en/news/game-updates/patch/patch-613-notes
2016,6.13,Patch 6.13 notes,2016-06-29,Miss Fortune,bugfix,0,0,0,"Bug fix: passive no longer applies extra Black Cleaver stacks.",https://web.archive.org/web/20160712/http://na.leagueoflegends.com/en/news/game-updates/patch/patch-613-notes
2016,6.13,Patch 6.13 notes,2016-06-29,Nidalee,bugfix,0,0,0,"Cosmetic: Challenger Nidalee VFX colors adjusted for readability.",https://web.archive.org/web/20160712/http://na.leagueoflegends.com/en/news/game-updates/patch/patch-613-notes
2016,6.13,Patch 6.13 notes,2016-06-29,Shaco,bugfix,0,0,0,"Bug fix: passive no longer applies extra Black Cleaver stacks.",https://web.archive.org/web/20160712/http://na.leagueoflegends.com/en/news/game-updates/patch/patch-613-notes
2016,6.13,Patch 6.13 notes,2016-06-29,Swain,nerf,2,0,0,"R cooldown 10s to 20s; recast lockout 0.5s to 2s.",https://web.archive.org/web/20160712/http://na.leagueoflegends.com/en/news/game-updates/patch/patch-613-notes
2016,6.13,Patch 6.13 notes,2016-06-29,Syndra,buff,1,0,0,"W and R bug fixes; R now checks for spheres through entire cast.",https://web.archive.org/web/20160712/http://na.leagueoflegends.com/en/news/game-updates/patch/patch-613-notes
2016,6.13,Patch 6.13 notes,2016-06-29,Tahm Kench,buff,3,0,0,"R damage moved to passive; Q damage up; E weaker but 6s cooldown; R faster, longer range.",https://web.archive.org/web/20160712/http://na.leagueoflegends.com/en/news/game-updates/patch/patch-613-notes
2016,6.13,Patch 6.13 notes,2016-06-29,Thresh,buff,1,0,0,"Epic monsters drop two souls; W shield scales with souls not AP; lantern/hook QoL.",https://web.archive.org/web/20160712/http://na.leagueoflegends.com/en/news/game-updates/patch/patch-613-notes
2016,6.13,Patch 6.13 notes,2016-06-29,Trundle,nerf,2,0,0,"Base health regen reduced to 6 from 9.4.",https://web.archive.org/web/20160712/http://na.leagueoflegends.com/en/news/game-updates/patch/patch-613-notes
2016,6.13,Patch 6.13 notes,2016-06-29,Twitch,bugfix,0,0,0,"Bug fix: Q stealth delay no longer completes instantly after a champion kill.",https://web.archive.org/web/20160712/http://na.leagueoflegends.com/en/news/game-updates/patch/patch-613-notes
2016,6.13,Patch 6.13 notes,2016-06-29,Varus,bugfix,0,0,0,"Cosmetic: restored Blight Crystal Varus E particles.",https://web.archive.org/web/20160712/http://na.leagueoflegends.com/en/news/game-updates/patch/patch-613-notes
2016,6.13,Patch 6.13 notes,2016-06-29,Vladimir,nerf,2,0,0,"Passive reverted to 1 AP per 40 bonus HP; Q base damage down, AP ratio up.",https://web.archive.org/web/20160712/http://na.leagueoflegends.com/en/news/game-updates/patch/patch-613-notes
2016,6.13,Patch 6.13 notes,2016-06-29,Volibear,nerf,2,0,0,"W base damage and attack speed per stack reduced at early ranks.",https://web.archive.org/web/20160712/http://na.leagueoflegends.com/en/news/game-updates/patch/patch-613-notes
2016,6.13,Patch 6.13 notes,2016-06-29,Zac,bugfix,0,0,0,"Cosmetic: fixed cracks in Sweet chromas on very low settings.",https://web.archive.org/web/20160712/http://na.leagueoflegends.com/en/news/game-updates/patch/patch-613-notes
2016,6.13,Patch 6.13 notes,2016-06-29,Ziggs,bugfix,0,0,0,"Bug fix: Q explodes more consistently near large units.",https://web.archive.org/web/20160712/http://na.leagueoflegends.com/en/news/game-updates/patch/patch-613-notes
2016,6.13,Patch 6.13 notes,2016-06-29,Zilean,bugfix,0,0,0,"Bug fix: R now procs on-heal effects such as Ardent Censer.",https://web.archive.org/web/20160712/http://na.leagueoflegends.com/en/news/game-updates/patch/patch-613-notes
2016,6.13,Patch 6.13 notes,2016-06-29,Zyra,nerf,2,0,0,"Seed spawn time increased; W recharge 20-12s; plants no longer auto-target champions (bug fix).",https://web.archive.org/web/20160712/http://na.leagueoflegends.com/en/news/game-updates/patch/patch-613-notes
2016,6.13,Patch 6.13 notes,2016-06-29,Mordekaiser,bugfix,0,0,0,"ARAM (Howling Abyss) only bug fix: W now targets the chosen ally.",https://web.archive.org/web/20160712/http://na.leagueoflegends.com/en/news/game-updates/patch/patch-613-notes
2016,6.13,Patch 6.13 notes,2016-06-29,Taliyah,buff,1,0,0,"ARAM (Howling Abyss) only: Q worked ground duration 140s to 100s.",https://web.archive.org/web/20160712/http://na.leagueoflegends.com/en/news/game-updates/patch/patch-613-notes
2016,6.14,Patch 6.14 notes,2016-07-13,Annie,buff,1,0,0,"Tibbers AI: chases into fog, keeps attacking after CC; two Tibbers bug fixes.",https://web.archive.org/web/20160726/http://na.leagueoflegends.com/en/news/game-updates/patch/patch-614-notes
2016,6.14,Patch 6.14 notes,2016-07-13,Azir,nerf,2,0,0,"Soldier damage scales slower levels 2-13 (unchanged at 1 and 18); soldier vision 575 to 350.",https://web.archive.org/web/20160726/http://na.leagueoflegends.com/en/news/game-updates/patch/patch-614-notes
2016,6.14,Patch 6.14 notes,2016-07-13,Bard,bugfix,0,0,0,"Cosmetic: restored Snow Day Bard E pathing indicator.",https://web.archive.org/web/20160726/http://na.leagueoflegends.com/en/news/game-updates/patch/patch-614-notes
2016,6.14,Patch 6.14 notes,2016-07-13,Braum,bugfix,0,0,0,"Bug fix: no longer dies blocking Baron Acid Shot with E.",https://web.archive.org/web/20160726/http://na.leagueoflegends.com/en/news/game-updates/patch/patch-614-notes
2016,6.14,Patch 6.14 notes,2016-07-13,Darius,bugfix,0,0,0,"Bug fix: E pull over walls no longer bumps targets back.",https://web.archive.org/web/20160726/http://na.leagueoflegends.com/en/news/game-updates/patch/patch-614-notes
2016,6.14,Patch 6.14 notes,2016-07-13,Fiora,buff,2,0,0,"Passive vital heal +5; Q bonus AD ratio higher at early ranks (0.95 from 0.55 rank 1).",https://web.archive.org/web/20160726/http://na.leagueoflegends.com/en/news/game-updates/patch/patch-614-notes
2016,6.14,Patch 6.14 notes,2016-07-13,Gragas,bugfix,0,0,0,"Cosmetic: Fnatic Gragas barrel texture fixed.",https://web.archive.org/web/20160726/http://na.leagueoflegends.com/en/news/game-updates/patch/patch-614-notes
2016,6.14,Patch 6.14 notes,2016-07-13,Graves,bugfix,0,0,0,"Bug fixes: W fizzle, R displacement stun, attacks vs Elise spiderlings.",https://web.archive.org/web/20160726/http://na.leagueoflegends.com/en/news/game-updates/patch/patch-614-notes
2016,6.14,Patch 6.14 notes,2016-07-13,Hecarim,bugfix,0,0,0,"Cosmetic: Headless Hecarim smoke effects fixed.",https://web.archive.org/web/20160726/http://na.leagueoflegends.com/en/news/game-updates/patch/patch-614-notes
2016,6.14,Patch 6.14 notes,2016-07-13,Illaoi,nerf,1,0,0,"Tentacle slam indicators now more accurately show hit area (clarity for opponents).",https://web.archive.org/web/20160726/http://na.leagueoflegends.com/en/news/game-updates/patch/patch-614-notes
2016,6.14,Patch 6.14 notes,2016-07-13,Jarvan IV,bugfix,0,0,0,"Cosmetic: Commando Jarvan IV model fix.",https://web.archive.org/web/20160726/http://na.leagueoflegends.com/en/news/game-updates/patch/patch-614-notes
2016,6.14,Patch 6.14 notes,2016-07-13,Kayle,bugfix,0,0,0,"Cosmetic: health bar height fixed on three skins.",https://web.archive.org/web/20160726/http://na.leagueoflegends.com/en/news/game-updates/patch/patch-614-notes
2016,6.14,Patch 6.14 notes,2016-07-13,Lee Sin,buff,1,0,0,"W shield 40/100/160/220/280 from 40/80/120/160/200; cosmetic model fix.",https://web.archive.org/web/20160726/http://na.leagueoflegends.com/en/news/game-updates/patch/patch-614-notes
2016,6.14,Patch 6.14 notes,2016-07-13,Leona,buff,2,1,0,"Q cooldown down, E root 0.5s, R grants empowered attacks; passive, Q, W, R damage reduced.",https://web.archive.org/web/20160726/http://na.leagueoflegends.com/en/news/game-updates/patch/patch-614-notes
2016,6.14,Patch 6.14 notes,2016-07-13,Lulu,bugfix,0,0,0,"Cosmetic: Pool Party Lulu hat fix.",https://web.archive.org/web/20160726/http://na.leagueoflegends.com/en/news/game-updates/patch/patch-614-notes
2016,6.14,Patch 6.14 notes,2016-07-13,Lux,buff,1,1,0,"Passive damage up (20-190); Q base damage -10 all ranks.",https://web.archive.org/web/20160726/http://na.leagueoflegends.com/en/news/game-updates/patch/patch-614-notes
2016,6.14,Patch 6.14 notes,2016-07-13,Malzahar,nerf,2,0,0,"Base movement speed 340 to 335; attack range 550 to 500.",https://web.archive.org/web/20160726/http://na.leagueoflegends.com/en/news/game-updates/patch/patch-614-notes
2016,6.14,Patch 6.14 notes,2016-07-13,Poppy,buff,1,0,0,"Passive cooldown and damage lower, shield higher; W movement speed +5%.",https://web.archive.org/web/20160726/http://na.leagueoflegends.com/en/news/game-updates/patch/patch-614-notes
2016,6.14,Patch 6.14 notes,2016-07-13,Rek'Sai,nerf,1,0,0,"W tremor sense refresh per target 0.75s to 1.5s; ignores minor facing movement.",https://web.archive.org/web/20160726/http://na.leagueoflegends.com/en/news/game-updates/patch/patch-614-notes
2016,6.14,Patch 6.14 notes,2016-07-13,Ryze,rework,0,0,0,"Gameplay and visual update: new passive, reworked Q/W/E, new R Realm Warp group teleport.",https://web.archive.org/web/20160726/http://na.leagueoflegends.com/en/news/game-updates/patch/patch-614-notes
2016,6.14,Patch 6.14 notes,2016-07-13,Shyvana,bugfix,0,0,0,"Cosmetic: Championship Shyvana dragon-form teeth fixed.",https://web.archive.org/web/20160726/http://na.leagueoflegends.com/en/news/game-updates/patch/patch-614-notes
2016,6.14,Patch 6.14 notes,2016-07-13,Sona,buff,3,0,0,"R now cuts basic ability cooldowns; aura radius, heal, shield, E speed up; Q damage down.",https://web.archive.org/web/20160726/http://na.leagueoflegends.com/en/news/game-updates/patch/patch-614-notes
2016,6.14,Patch 6.14 notes,2016-07-13,Taliyah,buff,2,0,0,"W vector cast, cast lockout removed, cooldown up at late ranks; repeat E mine damage reduced.",https://web.archive.org/web/20160726/http://na.leagueoflegends.com/en/news/game-updates/patch/patch-614-notes
2016,6.14,Patch 6.14 notes,2016-07-13,Veigar,bugfix,0,0,0,"Cosmetic: Bad Santa Veigar W particles restored.",https://web.archive.org/web/20160726/http://na.leagueoflegends.com/en/news/game-updates/patch/patch-614-notes
2016,6.14,Patch 6.14 notes,2016-07-13,Viktor,nerf,1,0,0,"Hex Core mk-1 cost 1000 to 1250; Perfect Hex Core upgrade 1000 to 750.",https://web.archive.org/web/20160726/http://na.leagueoflegends.com/en/news/game-updates/patch/patch-614-notes
2016,6.14,Patch 6.14 notes,2016-07-13,Vladimir,bugfix,0,0,0,"Cosmetic: Blood Lord Vladimir R flicker fixed.",https://web.archive.org/web/20160726/http://na.leagueoflegends.com/en/news/game-updates/patch/patch-614-notes
2016,6.14,Patch 6.14 notes,2016-07-13,Yasuo,bugfix,0,0,0,"Bug fixes: attack lockout, Q crit consistency, Wind Wall on death, E chain-cast exploit.",https://web.archive.org/web/20160726/http://na.leagueoflegends.com/en/news/game-updates/patch/patch-614-notes
2016,6.14,Patch 6.14 notes,2016-07-13,Zyra,bugfix,0,0,0,"Bug fix: passive no longer reveals location while recalling in brush.",https://web.archive.org/web/20160726/http://na.leagueoflegends.com/en/news/game-updates/patch/patch-614-notes
2016,6.14,Patch 6.14 notes,2016-07-20,Sona,nerf,2,0,1,"Mid-patch: W heal 35-115 from 40-140; E self movement speed 13-17% from 16-20%.",https://web.archive.org/web/20160726/http://na.leagueoflegends.com/en/news/game-updates/patch/patch-614-notes
2016,6.15,Patch 6.15 notes,2016-07-26,Annie,bugfix,0,0,0,"Bug fix: Pyromania stun from W/R now applies to invulnerable targets.",https://web.archive.org/web/20160809/http://na.leagueoflegends.com/en/news/game-updates/patch/patch-615-notes
2016,6.15,Patch 6.15 notes,2016-07-26,Braum,nerf,2,0,0,"Passive damage lower early (26-196 from 40-176); Q damage -10 all ranks.",https://web.archive.org/web/20160809/http://na.leagueoflegends.com/en/news/game-updates/patch/patch-615-notes
2016,6.15,Patch 6.15 notes,2016-07-26,Caitlyn,bugfix,0,0,0,"Bug fix: untargetable champions can't trigger W traps; Lunar Wraith trap visibility.",https://web.archive.org/web/20160809/http://na.leagueoflegends.com/en/news/game-updates/patch/patch-615-notes
2016,6.15,Patch 6.15 notes,2016-07-26,Corki,buff,1,0,0,"Passive Package cooldown 300s to 240s.",https://web.archive.org/web/20160809/http://na.leagueoflegends.com/en/news/game-updates/patch/patch-615-notes
2016,6.15,Patch 6.15 notes,2016-07-26,Darius,bugfix,0,0,0,"Cosmetic: Dunkmaster Darius health bar position fixed.",https://web.archive.org/web/20160809/http://na.leagueoflegends.com/en/news/game-updates/patch/patch-615-notes
2016,6.15,Patch 6.15 notes,2016-07-26,Evelynn,bugfix,0,0,0,"Cosmetic: Safecracker Evelynn texture fix.",https://web.archive.org/web/20160809/http://na.leagueoflegends.com/en/news/game-updates/patch/patch-615-notes
2016,6.15,Patch 6.15 notes,2016-07-26,Graves,bugfix,0,0,0,"Bug fix: cancelling an attack no longer fails to reset attack timer.",https://web.archive.org/web/20160809/http://na.leagueoflegends.com/en/news/game-updates/patch/patch-615-notes
2016,6.15,Patch 6.15 notes,2016-07-26,Hecarim,nerf,2,0,0,"Base AD 61.4 to 58; Q damage -10 all ranks.",https://web.archive.org/web/20160809/http://na.leagueoflegends.com/en/news/game-updates/patch/patch-615-notes
2016,6.15,Patch 6.15 notes,2016-07-26,Illaoi,nerf,1,0,0,"Tentacles in brush now visible to enemies within vision range.",https://web.archive.org/web/20160809/http://na.leagueoflegends.com/en/news/game-updates/patch/patch-615-notes
2016,6.15,Patch 6.15 notes,2016-07-26,Jarvan IV,buff,1,0,0,"E attack speed (passive and aura) 15-25% from 10-22%.",https://web.archive.org/web/20160809/http://na.leagueoflegends.com/en/news/game-updates/patch/patch-615-notes
2016,6.15,Patch 6.15 notes,2016-07-26,Karma,nerf,2,0,0,"E shield -10, can't target minions; Mantra E move speed 40-60% by rank from 60%.",https://web.archive.org/web/20160809/http://na.leagueoflegends.com/en/news/game-updates/patch/patch-615-notes
2016,6.15,Patch 6.15 notes,2016-07-26,Kassadin,buff,2,0,0,"Q damage 65-185 from 70-170; E mana cost lower early; W turret damage bug fix.",https://web.archive.org/web/20160809/http://na.leagueoflegends.com/en/news/game-updates/patch/patch-615-notes
2016,6.15,Patch 6.15 notes,2016-07-26,Malzahar,nerf,2,0,0,"Passive cooldown longer after level 6; shield lingers 0.25s from 1s after damage.",https://web.archive.org/web/20160809/http://na.leagueoflegends.com/en/news/game-updates/patch/patch-615-notes
2016,6.15,Patch 6.15 notes,2016-07-26,Miss Fortune,bugfix,0,0,0,"Cosmetic: Pool Party MF level number position fixed.",https://web.archive.org/web/20160809/http://na.leagueoflegends.com/en/news/game-updates/patch/patch-615-notes
2016,6.15,Patch 6.15 notes,2016-07-26,Mordekaiser,bugfix,0,0,0,"Bug fix: Classic skin Dragon Ghost leash range matches other skins.",https://web.archive.org/web/20160809/http://na.leagueoflegends.com/en/news/game-updates/patch/patch-615-notes
2016,6.15,Patch 6.15 notes,2016-07-26,Nami,bugfix,0,0,0,"Cosmetic: Koi Nami chroma particles fixed.",https://web.archive.org/web/20160809/http://na.leagueoflegends.com/en/news/game-updates/patch/patch-615-notes
2016,6.15,Patch 6.15 notes,2016-07-26,Nidalee,adjust,0,0,0,"R no longer resets basic attacks; human and cougar Q damage raised; W minimap bug fix.",https://web.archive.org/web/20160809/http://na.leagueoflegends.com/en/news/game-updates/patch/patch-615-notes
2016,6.15,Patch 6.15 notes,2016-07-26,Rammus,bugfix,0,0,0,"Bug fix: Q stun no longer lasts longer than intended.",https://web.archive.org/web/20160809/http://na.leagueoflegends.com/en/news/game-updates/patch/patch-615-notes
2016,6.15,Patch 6.15 notes,2016-07-26,Renekton,buff,2,0,0,"R damage per second 40/80/120 from 30/60/120; gains 20 Fury on cast.",https://web.archive.org/web/20160809/http://na.leagueoflegends.com/en/news/game-updates/patch/patch-615-notes
2016,6.15,Patch 6.15 notes,2016-07-26,Shen,nerf,1,0,0,"Base health regen 10 to 8.5.",https://web.archive.org/web/20160809/http://na.leagueoflegends.com/en/news/game-updates/patch/patch-615-notes
2016,6.15,Patch 6.15 notes,2016-07-26,Shyvana,buff,1,0,0,"R passive Fury per second 1/1.5/2 from 0.66/1.33/2.",https://web.archive.org/web/20160809/http://na.leagueoflegends.com/en/news/game-updates/patch/patch-615-notes
2016,6.15,Patch 6.15 notes,2016-07-26,Sona,bugfix,0,0,0,"Bug fix: W no longer castable instantly after E (notes say bug aided her power).",https://web.archive.org/web/20160809/http://na.leagueoflegends.com/en/news/game-updates/patch/patch-615-notes
2016,6.15,Patch 6.15 notes,2016-07-26,Taliyah,nerf,1,0,0,"R cooldown 180/150/120s from 160/140/120s.",https://web.archive.org/web/20160809/http://na.leagueoflegends.com/en/news/game-updates/patch/patch-615-notes
2016,6.15,Patch 6.15 notes,2016-07-26,Taric,bugfix,0,0,0,"Cosmetic: Pool Party Taric recall animation fix.",https://web.archive.org/web/20160809/http://na.leagueoflegends.com/en/news/game-updates/patch/patch-615-notes
2016,6.15,Patch 6.15 notes,2016-07-26,Vayne,buff,1,0,0,"Q bonus damage now applies to structures; Tumble and attack crit together.",https://web.archive.org/web/20160809/http://na.leagueoflegends.com/en/news/game-updates/patch/patch-615-notes
2016,6.15,Patch 6.15 notes,2016-07-26,Vel'Koz,bugfix,0,0,0,"Cosmetic: Arclight Vel'Koz respawn portal fix.",https://web.archive.org/web/20160809/http://na.leagueoflegends.com/en/news/game-updates/patch/patch-615-notes
2016,6.15,Patch 6.15 notes,2016-07-26,Viktor,nerf,1,0,0,"R only moves at max return speed when Viktor targets himself.",https://web.archive.org/web/20160809/http://na.leagueoflegends.com/en/news/game-updates/patch/patch-615-notes
2016,6.15,Patch 6.15 notes,2016-07-26,Vladimir,nerf,2,0,0,"Base movement speed 335 to 330; W cooldown +2s all ranks.",https://web.archive.org/web/20160809/http://na.leagueoflegends.com/en/news/game-updates/patch/patch-615-notes
2016,6.15,Patch 6.15 notes,2016-07-26,Zac,bugfix,0,0,0,"Bug fix: E no longer jumps randomly when cursor is over minimap.",https://web.archive.org/web/20160809/http://na.leagueoflegends.com/en/news/game-updates/patch/patch-615-notes
2016,6.15,Patch 6.15 notes,2016-07-26,Zyra,buff,1,0,0,"Q damage 60-200 from 60-180; AP ratio 0.6 from 0.55.",https://web.archive.org/web/20160809/http://na.leagueoflegends.com/en/news/game-updates/patch/patch-615-notes
2016,6.15,Patch 6.15 notes,2016-08-03,Varus,bugfix,0,0,1,"Mid-patch bug fix: Q targets at maximum range now take damage.",https://web.archive.org/web/20160809/http://na.leagueoflegends.com/en/news/game-updates/patch/patch-615-notes
2016,6.16,Patch 6.16 notes,2016-08-10,Ahri,bugfix,0,0,0,"Bug fix: R no longer fires oddly when cursor is over minimap.",https://web.archive.org/web/20160823/http://na.leagueoflegends.com/en/news/game-updates/patch/patch-616-notes
2016,6.16,Patch 6.16 notes,2016-08-10,Annie,bugfix,0,0,0,"Bug fix: Tibbers no longer cancels attacks when re-ordered onto same target.",https://web.archive.org/web/20160823/http://na.leagueoflegends.com/en/news/game-updates/patch/patch-616-notes
2016,6.16,Patch 6.16 notes,2016-08-10,Azir,bugfix,0,0,0,"Cosmetic: Gravelord Azir recall buff particles fixed.",https://web.archive.org/web/20160823/http://na.leagueoflegends.com/en/news/game-updates/patch/patch-616-notes
2016,6.16,Patch 6.16 notes,2016-08-10,Braum,bugfix,0,0,0,"Cosmetic: Dragonslayer Braum blur fixed.",https://web.archive.org/web/20160823/http://na.leagueoflegends.com/en/news/game-updates/patch/patch-616-notes
2016,6.16,Patch 6.16 notes,2016-08-10,Fiora,bugfix,0,0,0,"Bug fix: Q no longer fires oddly when cursor is over minimap.",https://web.archive.org/web/20160823/http://na.leagueoflegends.com/en/news/game-updates/patch/patch-616-notes
2016,6.16,Patch 6.16 notes,2016-08-10,Fizz,bugfix,0,0,0,"Cosmetic: Cottontail Fizz health bar position fixed.",https://web.archive.org/web/20160823/http://na.leagueoflegends.com/en/news/game-updates/patch/patch-616-notes
2016,6.16,Patch 6.16 notes,2016-08-10,Graves,bugfix,0,0,0,"Bug fix: multiple shells now apply multiple Black Cleaver stacks.",https://web.archive.org/web/20160823/http://na.leagueoflegends.com/en/news/game-updates/patch/patch-616-notes
2016,6.16,Patch 6.16 notes,2016-08-10,Irelia,nerf,2,0,0,"Passive tenacity now based on nearby enemies vs allies (0/10/25-40%); range 1400 to 1000.",https://web.archive.org/web/20160823/http://na.leagueoflegends.com/en/news/game-updates/patch/patch-616-notes
2016,6.16,Patch 6.16 notes,2016-08-10,Katarina,bugfix,0,0,0,"Cosmetic: PROJECT: Katarina texture crack fixed.",https://web.archive.org/web/20160823/http://na.leagueoflegends.com/en/news/game-updates/patch/patch-616-notes
2016,6.16,Patch 6.16 notes,2016-08-10,Leona,adjust,0,0,0,"Leona now sees damage numbers when allies proc Sunlight (clarity only).",https://web.archive.org/web/20160823/http://na.leagueoflegends.com/en/news/game-updates/patch/patch-616-notes
2016,6.16,Patch 6.16 notes,2016-08-10,Lulu,buff,2,0,0,"W cooldown 16-12s from 18-12s; W attack speed 25-45% from 15-35%.",https://web.archive.org/web/20160823/http://na.leagueoflegends.com/en/news/game-updates/patch/patch-616-notes
2016,6.16,Patch 6.16 notes,2016-08-10,Lux,bugfix,0,0,0,"Bug fix: R now damages champions Lux cannot see.",https://web.archive.org/web/20160823/http://na.leagueoflegends.com/en/news/game-updates/patch/patch-616-notes
2016,6.16,Patch 6.16 notes,2016-08-10,Miss Fortune,bugfix,0,0,0,"Cosmetic: Pool Party MF E coconut visuals fixed.",https://web.archive.org/web/20160823/http://na.leagueoflegends.com/en/news/game-updates/patch/patch-616-notes
2016,6.16,Patch 6.16 notes,2016-08-10,Mordekaiser,buff,1,0,0,"R ghost AI improved: prioritizes champions/towers, follows commands, chases last known location.",https://web.archive.org/web/20160823/http://na.leagueoflegends.com/en/news/game-updates/patch/patch-616-notes
2016,6.16,Patch 6.16 notes,2016-08-10,Nami,bugfix,0,0,0,"Cosmetic: Deep Sea Nami voice muting fixed.",https://web.archive.org/web/20160823/http://na.leagueoflegends.com/en/news/game-updates/patch/patch-616-notes
2016,6.16,Patch 6.16 notes,2016-08-10,Nautilus,buff,2,0,0,"R now stuns every target it passes through; knockup duration 0.5s to 1s.",https://web.archive.org/web/20160823/http://na.leagueoflegends.com/en/news/game-updates/patch/patch-616-notes
2016,6.16,Patch 6.16 notes,2016-08-10,Orianna,bugfix,0,0,0,"Bug fix: ball no longer vanishes visually when ally holding it dies.",https://web.archive.org/web/20160823/http://na.leagueoflegends.com/en/news/game-updates/patch/patch-616-notes
2016,6.16,Patch 6.16 notes,2016-08-10,Shyvana,bugfix,0,0,0,"Cosmetic: Super Galaxy Shyvana death animation fixed.",https://web.archive.org/web/20160823/http://na.leagueoflegends.com/en/news/game-updates/patch/patch-616-notes
2016,6.16,Patch 6.16 notes,2016-08-10,Sona,nerf,2,0,0,"E self MS 10-14% from 13-17%, ally MS ratio lower; R cooldown cut 10/25/40% from 20/30/40%.",https://web.archive.org/web/20160823/http://na.leagueoflegends.com/en/news/game-updates/patch/patch-616-notes
2016,6.16,Patch 6.16 notes,2016-08-10,Soraka,bugfix,0,0,0,"Bug fix: R now grants Ardent Censer buff to faraway allies.",https://web.archive.org/web/20160823/http://na.leagueoflegends.com/en/news/game-updates/patch/patch-616-notes
2016,6.16,Patch 6.16 notes,2016-08-10,Syndra,bugfix,0,0,0,"Cosmetic: recall animation poses smoothed.",https://web.archive.org/web/20160823/http://na.leagueoflegends.com/en/news/game-updates/patch/patch-616-notes
2016,6.16,Patch 6.16 notes,2016-08-10,Thresh,bugfix,0,0,0,"Cosmetic: Championship/Deep Terror lantern trail restored.",https://web.archive.org/web/20160823/http://na.leagueoflegends.com/en/news/game-updates/patch/patch-616-notes
2016,6.16,Patch 6.16 notes,2016-08-10,Tristana,bugfix,0,0,0,"Cosmetic: Rocket Girl Punk chroma effects fixed.",https://web.archive.org/web/20160823/http://na.leagueoflegends.com/en/news/game-updates/patch/patch-616-notes
2016,6.16,Patch 6.16 notes,2016-08-10,Twisted Fate,bugfix,0,0,0,"Bug fix: E hotkey no longer cancels recall.",https://web.archive.org/web/20160823/http://na.leagueoflegends.com/en/news/game-updates/patch/patch-616-notes
2016,6.16,Patch 6.16 notes,2016-08-10,Vayne,bugfix,0,0,0,"Bug fix: Q now damages inhibitors and nexus.",https://web.archive.org/web/20160823/http://na.leagueoflegends.com/en/news/game-updates/patch/patch-616-notes
2016,6.16,Patch 6.16 notes,2016-08-10,Viktor,nerf,1,0,0,"R max speed 450 to 400, min 170 to 200, decays sooner; self-target snapback removed.",https://web.archive.org/web/20160823/http://na.leagueoflegends.com/en/news/game-updates/patch/patch-616-notes
2016,6.16,Patch 6.16 notes,2016-08-10,Xerath,bugfix,0,0,0,"Bug fix: E no longer fires oddly when cursor is over minimap.",https://web.archive.org/web/20160823/http://na.leagueoflegends.com/en/news/game-updates/patch/patch-616-notes
2016,6.16,Patch 6.16 notes,2016-08-10,Yasuo,bugfix,0,0,0,"Bug fix: failed E no longer refreshes Grasp of the Undying cooldown.",https://web.archive.org/web/20160823/http://na.leagueoflegends.com/en/news/game-updates/patch/patch-616-notes
2016,6.16,Patch 6.16 notes,2016-08-15,Jhin,bugfix,0,0,1,"Mid-patch bug fix: E trap timer bars now count down.",https://web.archive.org/web/20160823/http://na.leagueoflegends.com/en/news/game-updates/patch/patch-616-notes
2016,6.16,Patch 6.16 notes,2016-08-15,Teemo,bugfix,0,0,1,"Mid-patch bug fix: R trap timer bars now count down.",https://web.archive.org/web/20160823/http://na.leagueoflegends.com/en/news/game-updates/patch/patch-616-notes
2016,6.16,Patch 6.16 notes,2016-08-15,Twisted Fate,bugfix,0,0,1,"Mid-patch: reverted under-the-hood 6.16 changes that introduced several bugs.",https://web.archive.org/web/20160823/http://na.leagueoflegends.com/en/news/game-updates/patch/patch-616-notes
2016,6.17,Patch 6.17 notes,2016-08-24,Ahri,bugfix,0,0,0,"Cosmetic: Challenger Ahri orb effects restored.",https://web.archive.org/web/20160907/http://na.leagueoflegends.com/en/news/game-updates/patch/patch-617-notes
2016,6.17,Patch 6.17 notes,2016-08-24,Annie,nerf,1,0,0,"Tibbers post-death enrage bonuses decay 20% faster.",https://web.archive.org/web/20160907/http://na.leagueoflegends.com/en/news/game-updates/patch/patch-617-notes
2016,6.17,Patch 6.17 notes,2016-08-24,Ashe,nerf,2,1,0,"Q duration 5s to 4s; R damage 200/400/600 from 250/425/600.",https://web.archive.org/web/20160907/http://na.leagueoflegends.com/en/news/game-updates/patch/patch-617-notes
2016,6.17,Patch 6.17 notes,2016-08-24,Corki,buff,1,0,0,"Attacking wards no longer removes Package out-of-combat movement speed.",https://web.archive.org/web/20160907/http://na.leagueoflegends.com/en/news/game-updates/patch/patch-617-notes
2016,6.17,Patch 6.17 notes,2016-08-24,Diana,buff,1,0,0,"E maximum pull distance 150 to 225.",https://web.archive.org/web/20160907/http://na.leagueoflegends.com/en/news/game-updates/patch/patch-617-notes
2016,6.17,Patch 6.17 notes,2016-08-24,Draven,buff,1,0,0,"R cost 120 to 100 mana; cooldown 100/90/80s from 110/100/90s.",https://web.archive.org/web/20160907/http://na.leagueoflegends.com/en/news/game-updates/patch/patch-617-notes
2016,6.17,Patch 6.17 notes,2016-08-24,Ekko,bugfix,0,0,0,"Cosmetic: PROJECT: Ekko passive ring readability improved.",https://web.archive.org/web/20160907/http://na.leagueoflegends.com/en/news/game-updates/patch/patch-617-notes
2016,6.17,Patch 6.17 notes,2016-08-24,Elise,bugfix,0,0,0,"Cosmetic: SKT T1 Elise buff VFX follow animations.",https://web.archive.org/web/20160907/http://na.leagueoflegends.com/en/news/game-updates/patch/patch-617-notes
2016,6.17,Patch 6.17 notes,2016-08-24,Evelynn,buff,1,0,0,"R cooldown 120/100/80s from 150/120/90s.",https://web.archive.org/web/20160907/http://na.leagueoflegends.com/en/news/game-updates/patch/patch-617-notes
2016,6.17,Patch 6.17 notes,2016-08-24,Ezreal,buff,1,0,0,"Passive attack speed per stack and maximum increase at levels 7 and 13.",https://web.archive.org/web/20160907/http://na.leagueoflegends.com/en/news/game-updates/patch/patch-617-notes
2016,6.17,Patch 6.17 notes,2016-08-24,Gangplank,nerf,3,0,0,"Base health 580 to 540; W cost up; R cooldown up early, damage down; E lifesteal bug fix.",https://web.archive.org/web/20160907/http://na.leagueoflegends.com/en/news/game-updates/patch/patch-617-notes
2016,6.17,Patch 6.17 notes,2016-08-24,Gragas,nerf,3,1,0,"E cooldown 16-12s from flat 12s; R fixed 0.55s travel time; E collision bug fixed.",https://web.archive.org/web/20160907/http://na.leagueoflegends.com/en/news/game-updates/patch/patch-617-notes
2016,6.17,Patch 6.17 notes,2016-08-24,Jayce,buff,2,0,0,"E cost flat 40 mana; hammer transform attack ratio now 0.4 bonus AD not AP; bug fix.",https://web.archive.org/web/20160907/http://na.leagueoflegends.com/en/news/game-updates/patch/patch-617-notes
2016,6.17,Patch 6.17 notes,2016-08-24,Jhin,nerf,2,1,0,"W bonus AD ratio 0.7 to 0.5; R base damage down, execute up, no cooldown refund.",https://web.archive.org/web/20160907/http://na.leagueoflegends.com/en/news/game-updates/patch/patch-617-notes
2016,6.17,Patch 6.17 notes,2016-08-24,Jinx,buff,1,0,0,"R bonus AD ratio 0.15-1.5 from 0.1-1.0.",https://web.archive.org/web/20160907/http://na.leagueoflegends.com/en/news/game-updates/patch/patch-617-notes
2016,6.17,Patch 6.17 notes,2016-08-24,Kalista,bugfix,0,0,0,"Bug fix: passive dash no longer overrides other displacements; SKT T1 cosmetic fix.",https://web.archive.org/web/20160907/http://na.leagueoflegends.com/en/news/game-updates/patch/patch-617-notes
2016,6.17,Patch 6.17 notes,2016-08-24,Katarina,bugfix,0,0,0,"Cosmetic: Sandstorm Katarina taunt speed fixed.",https://web.archive.org/web/20160907/http://na.leagueoflegends.com/en/news/game-updates/patch/patch-617-notes
2016,6.17,Patch 6.17 notes,2016-08-24,Kennen,adjust,0,0,0,"Basic attack missile speed 1700 (from 1600), empowered W attacks 1700 (from 1800); animation fix.",https://web.archive.org/web/20160907/http://na.leagueoflegends.com/en/news/game-updates/patch/patch-617-notes
2016,6.17,Patch 6.17 notes,2016-08-24,Kha'Zix,bugfix,0,0,0,"Bug fix: Youmuu's Ghostblade no longer breaks R stealth.",https://web.archive.org/web/20160907/http://na.leagueoflegends.com/en/news/game-updates/patch/patch-617-notes
2016,6.17,Patch 6.17 notes,2016-08-24,Kled,adjust,0,0,0,"Colorblind mode now recolors Skaarl's health bar (clarity only).",https://web.archive.org/web/20160907/http://na.leagueoflegends.com/en/news/game-updates/patch/patch-617-notes
2016,6.17,Patch 6.17 notes,2016-08-24,Lee Sin,bugfix,0,0,0,"Bug fix: Q2 now deals damage when cast during W dash.",https://web.archive.org/web/20160907/http://na.leagueoflegends.com/en/news/game-updates/patch/patch-617-notes
2016,6.17,Patch 6.17 notes,2016-08-24,Leona,bugfix,0,0,0,"Bug fix: E visuals now shown when cast from fog of war.",https://web.archive.org/web/20160907/http://na.leagueoflegends.com/en/news/game-updates/patch/patch-617-notes
2016,6.17,Patch 6.17 notes,2016-08-24,Malphite,buff,2,0,0,"W cooldown 14s to 12s; W bonus armor and active armor ratio increased.",https://web.archive.org/web/20160907/http://na.leagueoflegends.com/en/news/game-updates/patch/patch-617-notes
2016,6.17,Patch 6.17 notes,2016-08-24,Morgana,buff,1,0,0,"E cast range 750 to 800; cosmetic run animation fix.",https://web.archive.org/web/20160907/http://na.leagueoflegends.com/en/news/game-updates/patch/patch-617-notes
2016,6.17,Patch 6.17 notes,2016-08-24,Nasus,bugfix,0,0,0,"Bug fix: Q stacks granted when last-hitting Gangplank barrels.",https://web.archive.org/web/20160907/http://na.leagueoflegends.com/en/news/game-updates/patch/patch-617-notes
2016,6.17,Patch 6.17 notes,2016-08-24,Orianna,buff,1,0,0,"R cost flat 100 mana; cooldown 110/95/80s from 120/105/90s.",https://web.archive.org/web/20160907/http://na.leagueoflegends.com/en/news/game-updates/patch/patch-617-notes
2016,6.17,Patch 6.17 notes,2016-08-24,Poppy,buff,1,0,0,"Base movement speed 340 to 345; W passive resist bonus 12% to 15%.",https://web.archive.org/web/20160907/http://na.leagueoflegends.com/en/news/game-updates/patch/patch-617-notes
2016,6.17,Patch 6.17 notes,2016-08-24,Rek'Sai,nerf,3,1,0,"E Tunnel cooldown 26-18s from 20-18s; R cooldown 180/140/100s from 150/110/70s.",https://web.archive.org/web/20160907/http://na.leagueoflegends.com/en/news/game-updates/patch/patch-617-notes
2016,6.17,Patch 6.17 notes,2016-08-24,Riven,buff,2,0,0,"R Wind Slash damage up 25% (min 100-200, max 300-600).",https://web.archive.org/web/20160907/http://na.leagueoflegends.com/en/news/game-updates/patch/patch-617-notes
2016,6.17,Patch 6.17 notes,2016-08-24,Ryze,buff,1,0,0,"R rank 1 range 1500 to 1750.",https://web.archive.org/web/20160907/http://na.leagueoflegends.com/en/news/game-updates/patch/patch-617-notes
2016,6.17,Patch 6.17 notes,2016-08-24,Sion,bugfix,0,0,0,"Bug fixes: snap-cast Q small-area damage, E launched-minion damage; splash art updates.",https://web.archive.org/web/20160907/http://na.leagueoflegends.com/en/news/game-updates/patch/patch-617-notes
2016,6.17,Patch 6.17 notes,2016-08-24,Sivir,nerf,2,1,0,"W bounce ratio -0.1 bonus AD; R passive attack speed 30/45/60% from 40/60/80%.",https://web.archive.org/web/20160907/http://na.leagueoflegends.com/en/news/game-updates/patch/patch-617-notes
2016,6.17,Patch 6.17 notes,2016-08-24,Syndra,bugfix,0,0,0,"Cosmetic: death animation arm stretching fixed.",https://web.archive.org/web/20160907/http://na.leagueoflegends.com/en/news/game-updates/patch/patch-617-notes
2016,6.17,Patch 6.17 notes,2016-08-24,Tahm Kench,bugfix,0,0,0,"Bug fix: R description no longer blank in champion select.",https://web.archive.org/web/20160907/http://na.leagueoflegends.com/en/news/game-updates/patch/patch-617-notes
2016,6.17,Patch 6.17 notes,2016-08-24,Thresh,buff,1,0,0,"R cooldown 140/120/100s from 150/140/130s; Dark Star cosmetic fixes.",https://web.archive.org/web/20160907/http://na.leagueoflegends.com/en/news/game-updates/patch/patch-617-notes
2016,6.17,Patch 6.17 notes,2016-08-24,Trundle,nerf,1,0,0,"E cooldown 22-14s from 23-11s (slightly lower early, higher late).",https://web.archive.org/web/20160907/http://na.leagueoflegends.com/en/news/game-updates/patch/patch-617-notes
2016,6.17,Patch 6.17 notes,2016-08-24,Twitch,bugfix,0,0,0,"Bug fix: E now damages enemies acquired at edge of range.",https://web.archive.org/web/20160907/http://na.leagueoflegends.com/en/news/game-updates/patch/patch-617-notes
2016,6.17,Patch 6.17 notes,2016-08-24,Vayne,buff,2,0,0,"Q total AD ratio 0.3-0.7 from 0.3-0.5 at later ranks.",https://web.archive.org/web/20160907/http://na.leagueoflegends.com/en/news/game-updates/patch/patch-617-notes
2016,6.17,Patch 6.17 notes,2016-08-24,Veigar,buff,1,0,0,"Passive AP per takedown 3 to 5; E warning ring bug fix.",https://web.archive.org/web/20160907/http://na.leagueoflegends.com/en/news/game-updates/patch/patch-617-notes
2016,6.17,Patch 6.17 notes,2016-08-24,Vi,buff,2,0,0,"Passive and Q cooldowns lower early; Q knockback 0.7s; two E charges at first rank.",https://web.archive.org/web/20160907/http://na.leagueoflegends.com/en/news/game-updates/patch/patch-617-notes
2016,6.17,Patch 6.17 notes,2016-08-24,Yasuo,bugfix,0,0,0,"Bug fix: first crit after R no longer delayed.",https://web.archive.org/web/20160907/http://na.leagueoflegends.com/en/news/game-updates/patch/patch-617-notes
2016,6.17,Patch 6.17 notes,2016-08-24,Zilean,bugfix,0,0,0,"Bug fix: Q now damages attached targets that became untargetable.",https://web.archive.org/web/20160907/http://na.leagueoflegends.com/en/news/game-updates/patch/patch-617-notes
2016,6.18,Patch 6.18 notes,2016-09-08,Ahri,bugfix,0,0,0,"Cosmetic: several Arcade Ahri visual fixes.",https://web.archive.org/web/20161005/http://na.leagueoflegends.com/en/news/game-updates/patch/patch-618-notes
2016,6.18,Patch 6.18 notes,2016-09-08,Ashe,nerf,1,0,0,"W cooldown 15/12.5/10/7.5/5s from 12/10/8/6/4s; PROJECT skin R timing fix.",https://web.archive.org/web/20161005/http://na.leagueoflegends.com/en/news/game-updates/patch/patch-618-notes
2016,6.18,Patch 6.18 notes,2016-09-08,Aurelion Sol,bugfix,0,0,0,"Bug fix: passive stars no longer briefly appear at last known location.",https://web.archive.org/web/20161005/http://na.leagueoflegends.com/en/news/game-updates/patch/patch-618-notes
2016,6.18,Patch 6.18 notes,2016-09-08,Ekko,nerf,1,0,0,"Base attack damage 59 to 55.",https://web.archive.org/web/20161005/http://na.leagueoflegends.com/en/news/game-updates/patch/patch-618-notes
2016,6.18,Patch 6.18 notes,2016-09-08,Elise,bugfix,0,0,0,"Cosmetic: Blood Moon/SKT T1 E trail particles fixed.",https://web.archive.org/web/20161005/http://na.leagueoflegends.com/en/news/game-updates/patch/patch-618-notes
2016,6.18,Patch 6.18 notes,2016-09-08,Gnar,nerf,2,1,0,"W base damage -5 all ranks; E cooldown 22-12s from 18-12s.",https://web.archive.org/web/20161005/http://na.leagueoflegends.com/en/news/game-updates/patch/patch-618-notes
2016,6.18,Patch 6.18 notes,2016-09-08,Kalista,bugfix,0,0,0,"Cosmetic: SKT T1 Kalista death animation fixed.",https://web.archive.org/web/20161005/http://na.leagueoflegends.com/en/news/game-updates/patch/patch-618-notes
2016,6.18,Patch 6.18 notes,2016-09-08,Kled,bugfix,0,0,0,"Bug fix: health bar reappears after Zilean revive at remount; Sir Kled joke loop.",https://web.archive.org/web/20161005/http://na.leagueoflegends.com/en/news/game-updates/patch/patch-618-notes
2016,6.18,Patch 6.18 notes,2016-09-08,Lee Sin,buff,1,1,0,"W2 lifesteal/spell vamp 10-30% from 5-25%; Q2 cancel window bug fix.",https://web.archive.org/web/20161005/http://na.leagueoflegends.com/en/news/game-updates/patch/patch-618-notes
2016,6.18,Patch 6.18 notes,2016-09-08,Lissandra,nerf,1,0,0,"Health growth 84 to 75.",https://web.archive.org/web/20161005/http://na.leagueoflegends.com/en/news/game-updates/patch/patch-618-notes
2016,6.18,Patch 6.18 notes,2016-09-08,Lulu,buff,1,0,0,"Bug fix makes 6.13's intended 2s Q slow at all ranks actually apply.",https://web.archive.org/web/20161005/http://na.leagueoflegends.com/en/news/game-updates/patch/patch-618-notes
2016,6.18,Patch 6.18 notes,2016-09-08,Lux,buff,1,1,0,"E slow 25-45% from 20-36%.",https://web.archive.org/web/20161005/http://na.leagueoflegends.com/en/news/game-updates/patch/patch-618-notes
2016,6.18,Patch 6.18 notes,2016-09-08,Miss Fortune,buff,1,1,0,"Passive deals 100% damage to turrets (from 50%); Love Tap after Q bug fix.",https://web.archive.org/web/20161005/http://na.leagueoflegends.com/en/news/game-updates/patch/patch-618-notes
2016,6.18,Patch 6.18 notes,2016-09-08,Nocturne,buff,1,0,0,"E fear duration 1.25-2.25s from 1-2s.",https://web.archive.org/web/20161005/http://na.leagueoflegends.com/en/news/game-updates/patch/patch-618-notes
2016,6.18,Patch 6.18 notes,2016-09-08,Rek'Sai,nerf,2,1,0,"Base armor 28.3 to 24; armor growth 3.75 to 3.4.",https://web.archive.org/web/20161005/http://na.leagueoflegends.com/en/news/game-updates/patch/patch-618-notes
2016,6.18,Patch 6.18 notes,2016-09-08,Riven,bugfix,0,0,0,"Cosmetic: Championship Riven on-hit particles restored.",https://web.archive.org/web/20161005/http://na.leagueoflegends.com/en/news/game-updates/patch/patch-618-notes
2016,6.18,Patch 6.18 notes,2016-09-08,Ryze,bugfix,0,0,0,"R rank 1 tooltip and range indicator fixed to match 6.17's 1750 range.",https://web.archive.org/web/20161005/http://na.leagueoflegends.com/en/news/game-updates/patch/patch-618-notes
2016,6.18,Patch 6.18 notes,2016-09-08,Shen,nerf,2,0,0,"Passive base shield 50-101 from 52-120; Q max-health damage -1% all ranks.",https://web.archive.org/web/20161005/http://na.leagueoflegends.com/en/news/game-updates/patch/patch-618-notes
2016,6.18,Patch 6.18 notes,2016-09-08,Taliyah,nerf,2,0,0,"Q no longer deals 50% bonus damage to minions; E damage 70-150 from 80-180.",https://web.archive.org/web/20161005/http://na.leagueoflegends.com/en/news/game-updates/patch/patch-618-notes
2016,6.18,Patch 6.18 notes,2016-09-08,Teemo,bugfix,0,0,0,"Cosmetic: Cottontail chromas loading screen splash fixed.",https://web.archive.org/web/20161005/http://na.leagueoflegends.com/en/news/game-updates/patch/patch-618-notes
2016,6.18,Patch 6.18 notes,2016-09-08,Trundle,bugfix,0,0,0,"Bug fix: passive heal now procs on Rift Herald and Scuttler kills.",https://web.archive.org/web/20161005/http://na.leagueoflegends.com/en/news/game-updates/patch/patch-618-notes
2016,6.18,Patch 6.18 notes,2016-09-08,Vladimir,nerf,2,1,0,"Base HP 550 to 525; empowered Q heal down; E cooldown up early, max-HP conversion lower.",https://web.archive.org/web/20161005/http://na.leagueoflegends.com/en/news/game-updates/patch/patch-618-notes
2016,6.18,Patch 6.18 notes,2016-09-08,Yasuo,nerf,2,0,0,"Base AS up but AS growth 3.2% to 2.5%; R armor pen only on crits; R bug fix.",https://web.archive.org/web/20161005/http://na.leagueoflegends.com/en/news/game-updates/patch/patch-618-notes
2016,6.18,Patch 6.18 notes,2016-09-08,Yorick,rework,0,0,0,"Full gameplay and visual relaunch: new Mist Walkers, Maiden of the Mist ultimate.",https://web.archive.org/web/20161005/http://na.leagueoflegends.com/en/news/game-updates/patch/patch-618-notes
2016,6.18,Patch 6.18 notes,2016-09-08,Zed,bugfix,0,0,0,"Cosmetic: PROJECT: Zed emote transition smoothed.",https://web.archive.org/web/20161005/http://na.leagueoflegends.com/en/news/game-updates/patch/patch-618-notes
2016,6.18,Patch 6.18 notes,2016-09-13,Aatrox,bugfix,0,0,1,"Mid-patch bug fixes: Q interruptible again during rise; no lockouts after interruption or death.",https://web.archive.org/web/20161005/http://na.leagueoflegends.com/en/news/game-updates/patch/patch-618-notes
2016,6.18,Patch 6.18 notes,2016-09-13,Yasuo,bugfix,0,0,1,"Mid-patch bug fix: rapid repeated Q hits no longer fail to deal damage.",https://web.archive.org/web/20161005/http://na.leagueoflegends.com/en/news/game-updates/patch/patch-618-notes
2016,6.18,Patch 6.18 notes,2016-09-13,Yorick,bugfix,0,0,1,"Mid-patch bug fix: Q no longer creates graves on non-kills with full ghoul army.",https://web.archive.org/web/20161005/http://na.leagueoflegends.com/en/news/game-updates/patch/patch-618-notes
2016,6.18,Patch 6.18 notes,2016-09-14,Ryze,bugfix,0,0,1,"Mid-patch bug fix: R rank 2 cast range indicator fixed.",https://web.archive.org/web/20161005/http://na.leagueoflegends.com/en/news/game-updates/patch/patch-618-notes
2016,6.18,Patch 6.18 notes,2016-09-15,Bard,bugfix,0,0,1,"Mid-patch bug fix: tiny E journeys no longer cause infinite travel loops.",https://web.archive.org/web/20161005/http://na.leagueoflegends.com/en/news/game-updates/patch/patch-618-notes
2016,6.18,Patch 6.18 notes,2016-09-15,Kled,bugfix,0,0,1,"Mid-patch bug fix: no longer remounts Skaarl too quickly at 100 Courage.",https://web.archive.org/web/20161005/http://na.leagueoflegends.com/en/news/game-updates/patch/patch-618-notes
2017,7.16,Patch 7.16 notes,2017-08-09,Aatrox,nerf,1,0,0,"W third-hit effects (heal/Blood Well stacks) no longer proc on wards.",https://web.archive.org/web/20170822/http://na.leagueoflegends.com/en/news/game-updates/patch/patch-716-notes
2017,7.16,Patch 7.16 notes,2017-08-09,Caitlyn,nerf,2,0,0,"Q damage to additional targets 67% to 50%; W trap damage lower early, ratio 0.7 to 0.6.",https://web.archive.org/web/20170822/http://na.leagueoflegends.com/en/news/game-updates/patch/patch-716-notes
2017,7.16,Patch 7.16 notes,2017-08-09,Cassiopeia,nerf,1,1,0,"Base mana 375 to 334, growth up; E base damage vs poisoned lower early, AP ratio up.",https://web.archive.org/web/20170822/http://na.leagueoflegends.com/en/news/game-updates/patch/patch-716-notes
2017,7.16,Patch 7.16 notes,2017-08-09,Corki,nerf,1,1,0,"Base attack damage 58 to 55.",https://web.archive.org/web/20170822/http://na.leagueoflegends.com/en/news/game-updates/patch/patch-716-notes
2017,7.16,Patch 7.16 notes,2017-08-09,Fiddlesticks,bugfix,0,0,0,"Cosmetic: Pumpkinhead Fiddlesticks load screen border restored.",https://web.archive.org/web/20170822/http://na.leagueoflegends.com/en/news/game-updates/patch/patch-716-notes
2017,7.16,Patch 7.16 notes,2017-08-09,Fiora,buff,1,0,0,"Passive bonus movement speed 15/25/35/45% from 15/20/25/30% by R rank.",https://web.archive.org/web/20170822/http://na.leagueoflegends.com/en/news/game-updates/patch/patch-716-notes
2017,7.16,Patch 7.16 notes,2017-08-09,Fizz,buff,1,1,0,"E cooldown 16-10s from 18-10s.",https://web.archive.org/web/20170822/http://na.leagueoflegends.com/en/news/game-updates/patch/patch-716-notes
2017,7.16,Patch 7.16 notes,2017-08-09,Galio,nerf,2,1,0,"R cooldown 180/150/120s from 160/140/120s; ally damage reduction 20/25/30% from 20/30/40%.",https://web.archive.org/web/20170822/http://na.leagueoflegends.com/en/news/game-updates/patch/patch-716-notes
2017,7.16,Patch 7.16 notes,2017-08-09,Heimerdinger,bugfix,0,0,0,"Bug fix: upgraded Q turret beam no longer breaks when target leaves range.",https://web.archive.org/web/20170822/http://na.leagueoflegends.com/en/news/game-updates/patch/patch-716-notes
2017,7.16,Patch 7.16 notes,2017-08-09,Irelia,bugfix,0,0,0,"Bug fix: Q across walls now carries Irelia over the wall.",https://web.archive.org/web/20170822/http://na.leagueoflegends.com/en/news/game-updates/patch/patch-716-notes
2017,7.16,Patch 7.16 notes,2017-08-09,Jax,buff,1,0,0,"R third-hit bonus damage no longer consumed on wards.",https://web.archive.org/web/20170822/http://na.leagueoflegends.com/en/news/game-updates/patch/patch-716-notes
2017,7.16,Patch 7.16 notes,2017-08-09,Jayce,buff,1,0,0,"Stance-swap on-hit bonuses no longer consumed on wards.",https://web.archive.org/web/20170822/http://na.leagueoflegends.com/en/news/game-updates/patch/patch-716-notes
2017,7.16,Patch 7.16 notes,2017-08-09,Kayn,bugfix,0,0,0,"Bug fixes: DoT ticks no longer give transformation progress; R marks through shields; tooltip.",https://web.archive.org/web/20170822/http://na.leagueoflegends.com/en/news/game-updates/patch/patch-716-notes
2017,7.16,Patch 7.16 notes,2017-08-09,LeBlanc,nerf,1,1,0,"Q damage to minions 80% to 60%.",https://web.archive.org/web/20170822/http://na.leagueoflegends.com/en/news/game-updates/patch/patch-716-notes
2017,7.16,Patch 7.16 notes,2017-08-09,Maokai,nerf,1,0,0,"E max-health damage 6-8% by rank (brush 12-16%) from flat 8% (16%).",https://web.archive.org/web/20170822/http://na.leagueoflegends.com/en/news/game-updates/patch/patch-716-notes
2017,7.16,Patch 7.16 notes,2017-08-09,Nautilus,bugfix,0,0,0,"Bug fix: Q pull now stops at player-created terrain.",https://web.archive.org/web/20170822/http://na.leagueoflegends.com/en/news/game-updates/patch/patch-716-notes
2017,7.16,Patch 7.16 notes,2017-08-09,Orianna,nerf,2,1,0,"W base damage -10; buffered W cast distance 275 to 75; E shield -20.",https://web.archive.org/web/20170822/http://na.leagueoflegends.com/en/news/game-updates/patch/patch-716-notes
2017,7.16,Patch 7.16 notes,2017-08-09,Riven,buff,1,0,0,"Passive Runic Blade charges no longer consumed on wards.",https://web.archive.org/web/20170822/http://na.leagueoflegends.com/en/news/game-updates/patch/patch-716-notes
2017,7.16,Patch 7.16 notes,2017-08-09,Sejuani,bugfix,0,0,0,"Cosmetic: Poro Rider Sejuani death animation restored.",https://web.archive.org/web/20170822/http://na.leagueoflegends.com/en/news/game-updates/patch/patch-716-notes
2017,7.16,Patch 7.16 notes,2017-08-09,Singed,bugfix,0,0,0,"Cosmetic: Snow Day Singed Q VFX more opaque.",https://web.archive.org/web/20170822/http://na.leagueoflegends.com/en/news/game-updates/patch/patch-716-notes
2017,7.16,Patch 7.16 notes,2017-08-09,Sion,buff,2,0,0,"W health per small unit 2 to 3; R max damage 400/800/1200 from 300/600/900; bug fix.",https://web.archive.org/web/20170822/http://na.leagueoflegends.com/en/news/game-updates/patch/patch-716-notes
2017,7.16,Patch 7.16 notes,2017-08-09,Syndra,nerf,1,1,0,"Q AP ratio 0.75 to 0.65; E AP ratio 0.5 to 0.6.",https://web.archive.org/web/20170822/http://na.leagueoflegends.com/en/news/game-updates/patch/patch-716-notes
2017,7.16,Patch 7.16 notes,2017-08-09,Tahm Kench,bugfix,0,0,0,"Cosmetic: Master Chef Tahm Kench animation fix.",https://web.archive.org/web/20170822/http://na.leagueoflegends.com/en/news/game-updates/patch/patch-716-notes
2017,7.16,Patch 7.16 notes,2017-08-09,Taliyah,nerf,1,1,0,"Q mana cost 60-100 from 50-70.",https://web.archive.org/web/20170822/http://na.leagueoflegends.com/en/news/game-updates/patch/patch-716-notes
2017,7.16,Patch 7.16 notes,2017-08-09,Teemo,bugfix,0,0,0,"Cosmetic: Omega Squad chroma VFX restored.",https://web.archive.org/web/20170822/http://na.leagueoflegends.com/en/news/game-updates/patch/patch-716-notes
2017,7.16,Patch 7.16 notes,2017-08-09,Tristana,bugfix,0,0,0,"Cosmetic: Omega Squad Tristana SFX restored.",https://web.archive.org/web/20170822/http://na.leagueoflegends.com/en/news/game-updates/patch/patch-716-notes
2017,7.16,Patch 7.16 notes,2017-08-09,Twitch,bugfix,0,0,0,"Bug fix: R no longer double-hits inhibitors/nexus from slightly outside range.",https://web.archive.org/web/20170822/http://na.leagueoflegends.com/en/news/game-updates/patch/patch-716-notes
2017,7.16,Patch 7.16 notes,2017-08-09,Vi,buff,1,0,0,"R cooldown 130/100/70s from 150/115/80s; E attack uncancellable; R positioning bug fix.",https://web.archive.org/web/20170822/http://na.leagueoflegends.com/en/news/game-updates/patch/patch-716-notes
2017,7.16,Patch 7.16 notes,2017-08-09,Yasuo,bugfix,0,0,0,"Cosmetic: Nightbringer Yasuo channel animation facing fixed.",https://web.archive.org/web/20170822/http://na.leagueoflegends.com/en/news/game-updates/patch/patch-716-notes
2017,7.16,Patch 7.16 notes,2017-08-11,Orianna,bugfix,0,0,1,"Mid-patch revert: W/R cast rules while ball travels restored to pre-7.16 (unintended ult effects).",https://web.archive.org/web/20170822/http://na.leagueoflegends.com/en/news/game-updates/patch/patch-716-notes
2017,7.17,Patch 7.17 notes,2017-08-23,Cassiopeia,bugfix,0,0,0,"Cosmetic: skin portrait no longer reverts while dead.",https://web.archive.org/web/20170912/http://na.leagueoflegends.com/en/news/game-updates/patch/patch-717-notes
2017,7.17,Patch 7.17 notes,2017-08-23,Cho'Gath,bugfix,0,0,0,"Recommended starting items no longer exceed starting gold.",https://web.archive.org/web/20170912/http://na.leagueoflegends.com/en/news/game-updates/patch/patch-717-notes
2017,7.17,Patch 7.17 notes,2017-08-23,Draven,nerf,2,0,0,"Passive loses 75% of stacks on death (from 50%); base kill gold 50 to 25.",https://web.archive.org/web/20170912/http://na.leagueoflegends.com/en/news/game-updates/patch/patch-717-notes
2017,7.17,Patch 7.17 notes,2017-08-23,Ezreal,buff,1,0,0,"Q total AD ratio 1.1 to 1.25.",https://web.archive.org/web/20170912/http://na.leagueoflegends.com/en/news/game-updates/patch/patch-717-notes
2017,7.17,Patch 7.17 notes,2017-08-23,Hecarim,buff,1,0,0,"E no longer ticks down during R; R fear 0.75-1.5s by distance (from 1s); cosmetic fixes.",https://web.archive.org/web/20170912/http://na.leagueoflegends.com/en/news/game-updates/patch/patch-717-notes
2017,7.17,Patch 7.17 notes,2017-08-23,Illaoi,bugfix,0,0,0,"Bug fix: W no longer deals extra crit damage when dashing.",https://web.archive.org/web/20170912/http://na.leagueoflegends.com/en/news/game-updates/patch/patch-717-notes
2017,7.17,Patch 7.17 notes,2017-08-23,Jhin,bugfix,0,0,0,"Bug fix: Blood Moon Jhin R now shows ally/enemy indicators.",https://web.archive.org/web/20170912/http://na.leagueoflegends.com/en/news/game-updates/patch/patch-717-notes
2017,7.17,Patch 7.17 notes,2017-08-23,Jinx,bugfix,0,0,0,"Cosmetic: Star Guardian Jinx spawn song fix.",https://web.archive.org/web/20170912/http://na.leagueoflegends.com/en/news/game-updates/patch/patch-717-notes
2017,7.17,Patch 7.17 notes,2017-08-23,Katarina,bugfix,0,0,0,"Cosmetic: Slay Belle Katarina recall stuck fix.",https://web.archive.org/web/20170912/http://na.leagueoflegends.com/en/news/game-updates/patch/patch-717-notes
2017,7.17,Patch 7.17 notes,2017-08-23,Leona,buff,2,1,0,"Passive mark 1.5s (from 3.5s) but damage 25-144; Q cooldown flat 6s (from 9-5s).",https://web.archive.org/web/20170912/http://na.leagueoflegends.com/en/news/game-updates/patch/patch-717-notes
2017,7.17,Patch 7.17 notes,2017-08-23,Lulu,bugfix,0,0,0,"Cosmetic: Star Guardian and Dragon Trainer Lulu visual fixes.",https://web.archive.org/web/20170912/http://na.leagueoflegends.com/en/news/game-updates/patch/patch-717-notes
2017,7.17,Patch 7.17 notes,2017-08-23,Malzahar,bugfix,0,0,0,"Bug fix: passive now blocks Fizz R; Battle Boss attack animation speed fixed.",https://web.archive.org/web/20170912/http://na.leagueoflegends.com/en/news/game-updates/patch/patch-717-notes
2017,7.17,Patch 7.17 notes,2017-08-23,Maokai,adjust,0,0,0,"Passive Sap Magic no longer procs on wards (ward on-hit standardization).",https://web.archive.org/web/20170912/http://na.leagueoflegends.com/en/news/game-updates/patch/patch-717-notes
2017,7.17,Patch 7.17 notes,2017-08-23,Nidalee,bugfix,0,0,0,"Bug fix: W traps no longer valid targets for Bard Q stun.",https://web.archive.org/web/20170912/http://na.leagueoflegends.com/en/news/game-updates/patch/patch-717-notes
2017,7.17,Patch 7.17 notes,2017-08-23,Poppy,bugfix,0,0,0,"Cosmetic: Star Guardian Poppy spawn song fix.",https://web.archive.org/web/20170912/http://na.leagueoflegends.com/en/news/game-updates/patch/patch-717-notes
2017,7.17,Patch 7.17 notes,2017-08-23,Rek'Sai,bugfix,0,0,0,"Bug fix: tunnels no longer become permanent if destroyed on exit.",https://web.archive.org/web/20170912/http://na.leagueoflegends.com/en/news/game-updates/patch/patch-717-notes
2017,7.17,Patch 7.17 notes,2017-08-23,Thresh,bugfix,0,0,0,"Cosmetic: Dark Star Thresh buffbone fix.",https://web.archive.org/web/20170912/http://na.leagueoflegends.com/en/news/game-updates/patch/patch-717-notes
2017,7.17,Patch 7.17 notes,2017-08-23,Twisted Fate,bugfix,0,0,0,"Bug fix: W empowered attacks no longer consume all Energized charges.",https://web.archive.org/web/20170912/http://na.leagueoflegends.com/en/news/game-updates/patch/patch-717-notes
2017,7.17,Patch 7.17 notes,2017-08-23,Urgot,buff,2,0,0,"R slow/reactivation window 3s to 4s; W lock-on refreshes; shorter W lockout after missed E.",https://web.archive.org/web/20170912/http://na.leagueoflegends.com/en/news/game-updates/patch/patch-717-notes
2017,7.17,Patch 7.17 notes,2017-08-23,Warwick,bugfix,0,0,0,"Bug fix: energized attacks no longer block W movement speed.",https://web.archive.org/web/20170912/http://na.leagueoflegends.com/en/news/game-updates/patch/patch-717-notes
2017,7.17,Patch 7.17 notes,2017-08-23,Yasuo,bugfix,0,0,0,"Bug fix: invalid R cast no longer activates Zeke's Convergence.",https://web.archive.org/web/20170912/http://na.leagueoflegends.com/en/news/game-updates/patch/patch-717-notes
2017,7.17,Patch 7.17 notes,2017-08-23,Zac,bugfix,0,0,0,"Bug fix: passive bloblets now invisible in fog of war.",https://web.archive.org/web/20170912/http://na.leagueoflegends.com/en/news/game-updates/patch/patch-717-notes
2017,7.17,Patch 7.17 notes,2017-08-23,Zed,buff,1,0,0,"Base attack speed 0.644 to 0.651; W shadow duration 4.5s to 5s; R bug fix.",https://web.archive.org/web/20170912/http://na.leagueoflegends.com/en/news/game-updates/patch/patch-717-notes
2017,7.17,Patch 7.17 notes,2017-08-24,Ornn,bugfix,0,0,1,"Mid-patch bug fix: mini-shop UI lag mitigated (basic items only until 7.18).",https://web.archive.org/web/20170912/http://na.leagueoflegends.com/en/news/game-updates/patch/patch-717-notes
2017,7.17,Patch 7.17 notes,2017-08-25,Ornn,buff,2,0,1,"Mid-patch: health growth, health regen, attack speed growth up; R cooldown 130/100/70s.",https://web.archive.org/web/20170912/http://na.leagueoflegends.com/en/news/game-updates/patch/patch-717-notes
2017,7.17,Patch 7.17 notes,2017-09-01,Ornn,buff,2,0,1,"Mid-patch: Q pillar faster and displaces; W longer, wider, less self-slow; E no longer knocks back.",https://web.archive.org/web/20170912/http://na.leagueoflegends.com/en/news/game-updates/patch/patch-717-notes
2017,7.18,Patch 7.18 notes,2017-09-13,Aatrox,bugfix,0,0,0,"Bug fix: keeps empowered W attack through passive revive.",https://web.archive.org/web/20170930/http://na.leagueoflegends.com/en/news/game-updates/patch/patch-718-notes
2017,7.18,Patch 7.18 notes,2017-09-13,Ahri,bugfix,0,0,0,"Cosmetic: Star Guardian Ahri model fix.",https://web.archive.org/web/20170930/http://na.leagueoflegends.com/en/news/game-updates/patch/patch-718-notes
2017,7.18,Patch 7.18 notes,2017-09-13,Azir,buff,1,0,0,"R base damage 150/250/450 from 150/225/300.",https://web.archive.org/web/20170930/http://na.leagueoflegends.com/en/news/game-updates/patch/patch-718-notes
2017,7.18,Patch 7.18 notes,2017-09-13,Brand,bugfix,0,0,0,"Recommended item pages added for mid and support.",https://web.archive.org/web/20170930/http://na.leagueoflegends.com/en/news/game-updates/patch/patch-718-notes
2017,7.18,Patch 7.18 notes,2017-09-13,Cassiopeia,nerf,1,0,0,"E bonus damage vs poisoned 10-90 from 15-115; AP ratio 0.5 from 0.4.",https://web.archive.org/web/20170930/http://na.leagueoflegends.com/en/news/game-updates/patch/patch-718-notes
2017,7.18,Patch 7.18 notes,2017-09-13,Elise,nerf,2,1,0,"W base damage 55-215 from 60-260, ratio 0.95; E cooldown 26-18s from 26-14s.",https://web.archive.org/web/20170930/http://na.leagueoflegends.com/en/news/game-updates/patch/patch-718-notes
2017,7.18,Patch 7.18 notes,2017-09-13,Fiora,buff,2,0,0,"Passive MS 20-50% by rank; R zone again grants passive MS (reverting 7.14); bug fix.",https://web.archive.org/web/20170930/http://na.leagueoflegends.com/en/news/game-updates/patch/patch-718-notes
2017,7.18,Patch 7.18 notes,2017-09-13,Fizz,bugfix,0,0,0,"Bug fix: R no longer attaches to spell-shielded champions at max range.",https://web.archive.org/web/20170930/http://na.leagueoflegends.com/en/news/game-updates/patch/patch-718-notes
2017,7.18,Patch 7.18 notes,2017-09-13,Gnar,nerf,1,0,0,"Base health 540 to 510.",https://web.archive.org/web/20170930/http://na.leagueoflegends.com/en/news/game-updates/patch/patch-718-notes
2017,7.18,Patch 7.18 notes,2017-09-13,Gragas,nerf,2,0,0,"Base armor 29 to 26; E collision radius 210 to 180, hitbox offset reduced.",https://web.archive.org/web/20170930/http://na.leagueoflegends.com/en/news/game-updates/patch/patch-718-notes
2017,7.18,Patch 7.18 notes,2017-09-13,Ivern,buff,1,0,0,"E explosion damage +10 all ranks; AP ratio 0.7 to 0.8.",https://web.archive.org/web/20170930/http://na.leagueoflegends.com/en/news/game-updates/patch/patch-718-notes
2017,7.18,Patch 7.18 notes,2017-09-13,Jarvan IV,nerf,1,0,0,"W base shield -5; shield per enemy champion 2-3% max HP from 2-4%.",https://web.archive.org/web/20170930/http://na.leagueoflegends.com/en/news/game-updates/patch/patch-718-notes
2017,7.18,Patch 7.18 notes,2017-09-13,Kalista,nerf,2,1,0,"R cooldown 150/120/90s from 120/90/60s.",https://web.archive.org/web/20170930/http://na.leagueoflegends.com/en/news/game-updates/patch/patch-718-notes
2017,7.18,Patch 7.18 notes,2017-09-13,Karma,bugfix,0,0,0,"Recommended item pages added for mid and support.",https://web.archive.org/web/20170930/http://na.leagueoflegends.com/en/news/game-updates/patch/patch-718-notes
2017,7.18,Patch 7.18 notes,2017-09-13,Kha'Zix,bugfix,0,0,0,"Cosmetic: Dark Star Kha'Zix evolved E VFX visibility.",https://web.archive.org/web/20170930/http://na.leagueoflegends.com/en/news/game-updates/patch/patch-718-notes
2017,7.18,Patch 7.18 notes,2017-09-13,Lee Sin,buff,1,0,0,"W shield 55/110/165/220/275 from 40/100/160/220/280.",https://web.archive.org/web/20170930/http://na.leagueoflegends.com/en/news/game-updates/patch/patch-718-notes
2017,7.18,Patch 7.18 notes,2017-09-13,Lucian,nerf,1,0,0,"E cooldown 22/20/18/16/14s from 18/17/16/15/14s.",https://web.archive.org/web/20170930/http://na.leagueoflegends.com/en/news/game-updates/patch/patch-718-notes
2017,7.18,Patch 7.18 notes,2017-09-13,Lulu,bugfix,0,0,0,"Recommended item pages added for mid and support.",https://web.archive.org/web/20170930/http://na.leagueoflegends.com/en/news/game-updates/patch/patch-718-notes
2017,7.18,Patch 7.18 notes,2017-09-13,Nautilus,buff,1,0,0,"Q cost flat 60 mana; refunds half cost when hitting terrain.",https://web.archive.org/web/20170930/http://na.leagueoflegends.com/en/news/game-updates/patch/patch-718-notes
2017,7.18,Patch 7.18 notes,2017-09-13,Nidalee,buff,1,0,0,"E heal AP ratio 0.325-0.65 from 0.275-0.55.",https://web.archive.org/web/20170930/http://na.leagueoflegends.com/en/news/game-updates/patch/patch-718-notes
2017,7.18,Patch 7.18 notes,2017-09-13,Orianna,bugfix,0,0,0,"Cosmetic: Dark Star Orianna ball gems fix.",https://web.archive.org/web/20170930/http://na.leagueoflegends.com/en/news/game-updates/patch/patch-718-notes
2017,7.18,Patch 7.18 notes,2017-09-13,Ornn,buff,1,0,0,"R ram max speed 1050 to 1200; new Zhonya's Paradox; Masterworks locked until level 13.",https://web.archive.org/web/20170930/http://na.leagueoflegends.com/en/news/game-updates/patch/patch-718-notes
2017,7.18,Patch 7.18 notes,2017-09-13,Quinn,bugfix,0,0,0,"Cosmetic: Heartseeker Quinn recall animation fix.",https://web.archive.org/web/20170930/http://na.leagueoflegends.com/en/news/game-updates/patch/patch-718-notes
2017,7.18,Patch 7.18 notes,2017-09-13,Rakan,nerf,2,0,0,"W dash speed scales less with MS; R collision radius 200 to 150; R cooldown lower late.",https://web.archive.org/web/20170930/http://na.leagueoflegends.com/en/news/game-updates/patch/patch-718-notes
2017,7.18,Patch 7.18 notes,2017-09-13,Rengar,buff,1,0,0,"Base armor 22 to 25.",https://web.archive.org/web/20170930/http://na.leagueoflegends.com/en/news/game-updates/patch/patch-718-notes
2017,7.18,Patch 7.18 notes,2017-09-13,Rumble,adjust,0,0,0,"Heat bar turns orange at 80+ Heat (clarity only).",https://web.archive.org/web/20170930/http://na.leagueoflegends.com/en/news/game-updates/patch/patch-718-notes
2017,7.18,Patch 7.18 notes,2017-09-13,Ryze,buff,1,0,0,"W AP ratio 0.2 to 0.6.",https://web.archive.org/web/20170930/http://na.leagueoflegends.com/en/news/game-updates/patch/patch-718-notes
2017,7.18,Patch 7.18 notes,2017-09-13,Sivir,bugfix,0,0,0,"Bug fix: E no longer blocks summoner spells cast alongside abilities.",https://web.archive.org/web/20170930/http://na.leagueoflegends.com/en/news/game-updates/patch/patch-718-notes
2017,7.18,Patch 7.18 notes,2017-09-13,Soraka,bugfix,0,0,0,"Cosmetic: Star Guardian Soraka recall VFX/SFX fixes.",https://web.archive.org/web/20170930/http://na.leagueoflegends.com/en/news/game-updates/patch/patch-718-notes
2017,7.18,Patch 7.18 notes,2017-09-13,Syndra,bugfix,0,0,0,"Cosmetic: Star Guardian and Atlantean Syndra recall fixes.",https://web.archive.org/web/20170930/http://na.leagueoflegends.com/en/news/game-updates/patch/patch-718-notes
2017,7.18,Patch 7.18 notes,2017-09-13,Talon,bugfix,0,0,0,"Cosmetic: Blood Moon Talon passive VFX visibility.",https://web.archive.org/web/20170930/http://na.leagueoflegends.com/en/news/game-updates/patch/patch-718-notes
2017,7.18,Patch 7.18 notes,2017-09-13,Tristana,nerf,1,0,0,"E bomb bonus AD ratio 0.5-0.9 from 0.5-1.1 (4-stack max 1.98 from 2.42).",https://web.archive.org/web/20170930/http://na.leagueoflegends.com/en/news/game-updates/patch/patch-718-notes
2017,7.18,Patch 7.18 notes,2017-09-13,Vi,bugfix,0,0,0,"Howling Abyss recommended items duplicate removed.",https://web.archive.org/web/20170930/http://na.leagueoflegends.com/en/news/game-updates/patch/patch-718-notes
2017,7.18,Patch 7.18 notes,2017-09-13,Xerath,bugfix,0,0,0,"Bug fix: W slow now decays from 25% to 13% only once.",https://web.archive.org/web/20170930/http://na.leagueoflegends.com/en/news/game-updates/patch/patch-718-notes
2017,7.18,Patch 7.18 notes,2017-09-15,Zed,bugfix,0,0,1,"Mid-patch bug fix: W no longer causes game crash.",https://web.archive.org/web/20170930/http://na.leagueoflegends.com/en/news/game-updates/patch/patch-718-notes
