patch,date,champion,mode,source,exclude,checked
6.14,2016-07-20,Sona,SR (coded),https://web.archive.org/web/20160726/http://na.leagueoflegends.com/en/news/game-updates/patch/patch-614-notes,True,2026-09-29: entry read in the wiki Hotfixes section (or coded hotfix row)
6.14,July 20th,Sona,SR,https://wiki.leagueoflegends.com/en-us/V6.14,True,2026-09-29: entry read in the wiki Hotfixes section (or coded hotfix row)
6.15,2016-08-03,Varus,SR (coded),https://web.archive.org/web/20160809/http://na.leagueoflegends.com/en/news/game-updates/patch/patch-615-notes,True,2026-09-29: entry read in the wiki Hotfixes section (or coded hotfix row)
6.15,August 2nd,Varus,SR,https://wiki.leagueoflegends.com/en-us/V6.15,True,2026-09-29: entry read in the wiki Hotfixes section (or coded hotfix row)
6.16,2016-08-15,Jhin,SR (coded),https://web.archive.org/web/20160823/http://na.leagueoflegends.com/en/news/game-updates/patch/patch-616-notes,True,2026-09-29: entry read in the wiki Hotfixes section (or coded hotfix row)
6.16,2016-08-15,Teemo,SR (coded),https://web.archive.org/web/20160823/http://na.leagueoflegends.com/en/news/game-updates/patch/patch-616-notes,True,2026-09-29: entry read in the wiki Hotfixes section (or coded hotfix row)
6.16,2016-08-15,Twisted Fate,SR (coded),https://web.archive.org/web/20160823/http://na.leagueoflegends.com/en/news/game-updates/patch/patch-616-notes,True,2026-09-29: entry read in the wiki Hotfixes section (or coded hotfix row)
6.16,August 15th,Jhin,SR,https://wiki.leagueoflegends.com/en-us/V6.16,True,2026-09-29: entry read in the wiki Hotfixes section (or coded hotfix row)
6.16,August 15th,Teemo,SR,https://wiki.leagueoflegends.com/en-us/V6.16,True,2026-09-29: entry read in the wiki Hotfixes section (or coded hotfix row)
6.16,August 15th,Twisted Fate,SR,https://wiki.leagueoflegends.com/en-us/V6.16,True,2026-09-29: entry read in the wiki Hotfixes section (or coded hotfix row)
6.18,2016-09-13,Aatrox,SR (coded),https://web.archive.org/web/20161005/http://na.leagueoflegends.com/en/news/game-updates/patch/patch-618-notes,True,2026-09-29: entry read in the wiki Hotfixes section (or coded hotfix row)
6.18,2016-09-13,Yasuo,SR (coded),https://web.archive.org/web/20161005/http://na.leagueoflegends.com/en/news/game-updates/patch/patch-618-notes,True,2026-09-29: entry read in the wiki Hotfixes section (or coded hotfix row)
6.18,2016-09-13,Yorick,SR (coded),https://web.archive.org/web/20161005/http://na.leagueoflegends.com/en/news/game-updates/patch/patch-618-notes,True,2026-09-29: entry read in the wiki Hotfixes section (or coded hotfix row)
6.18,2016-09-14,Ryze,SR (coded),https://web.archive.org/web/20161005/http://na.leagueoflegends.com/en/news/game-updates/patch/patch-618-notes,True,2026-09-29: entry read in the wiki Hotfixes section (or coded hotfix row)
6.18,2016-09-15,Bard,SR (coded),https://web.archive.org/web/20161005/http://na.leagueoflegends.com/en/news/game-updates/patch/patch-618-notes,True,2026-09-29: entry read in the wiki Hotfixes section (or coded hotfix row)
6.18,2016-09-15,Kled,SR (coded),https://web.archive.org/web/20161005/http://na.leagueoflegends.com/en/news/game-updates/patch/patch-618-notes,True,2026-09-29: entry read in the wiki Hotfixes section (or coded hotfix row)
6.18,September 13th,Aatrox,SR,https://wiki.leagueoflegends.com/en-us/V6.18,True,2026-09-29: entry read in the wiki Hotfixes section (or coded hotfix row)
6.18,September 13th,Yasuo,SR,https://wiki.leagueoflegends.com/en-us/V6.18,True,2026-09-29: entry read in the wiki Hotfixes section (or coded hotfix row)
6.18,September 13th,Yorick,SR,https://wiki.leagueoflegends.com/en-us/V6.18,True,2026-09-29: entry read in the wiki Hotfixes section (or coded hotfix row)
6.18,September 14th,Ryze,SR,https://wiki.leagueoflegends.com/en-us/V6.18,True,2026-09-29: entry read in the wiki Hotfixes section (or coded hotfix row)
7.15,July 26th Hotfix,Sivir,SR,https://wiki.leagueoflegends.com/en-us/V7.15,True,2026-09-29: entry read in the wiki Hotfixes section (or coded hotfix row)
7.15,July 27th Hotfix,Elise,SR,https://wiki.leagueoflegends.com/en-us/V7.15,True,2026-09-29: entry read in the wiki Hotfixes section (or coded hotfix row)
7.15,July 27th Hotfix,Shyvana,SR,https://wiki.leagueoflegends.com/en-us/V7.15,True,2026-09-29: entry read in the wiki Hotfixes section (or coded hotfix row)
7.16,2017-08-11,Orianna,SR (coded),https://web.archive.org/web/20170822/http://na.leagueoflegends.com/en/news/game-updates/patch/patch-716-notes,True,2026-09-29: entry read in the wiki Hotfixes section (or coded hotfix row)
7.16,August 11th Hotfix,Orianna,SR,https://wiki.leagueoflegends.com/en-us/V7.16,True,2026-09-29: entry read in the wiki Hotfixes section (or coded hotfix row)
7.17,2017-08-24,Ornn,SR (coded),https://web.archive.org/web/20170912/http://na.leagueoflegends.com/en/news/game-updates/patch/patch-717-notes,True,2026-09-29: entry read in the wiki Hotfixes section (or coded hotfix row)
7.17,2017-08-25,Ornn,SR (coded),https://web.archive.org/web/20170912/http://na.leagueoflegends.com/en/news/game-updates/patch/patch-717-notes,True,2026-09-29: entry read in the wiki Hotfixes section (or coded hotfix row)
7.17,2017-09-01,Ornn,SR (coded),https://web.archive.org/web/20170912/http://na.leagueoflegends.com/en/news/game-updates/patch/patch-717-notes,True,2026-09-29: entry read in the wiki Hotfixes section (or coded hotfix row)
7.17,August 24th Hotfix,Ornn,SR,https://wiki.leagueoflegends.com/en-us/V7.17,True,2026-09-29: entry read in the wiki Hotfixes section (or coded hotfix row)
7.17,August 25th Hotfix,Ornn,SR,https://wiki.leagueoflegends.com/en-us/V7.17,True,2026-09-29: entry read in the wiki Hotfixes section (or coded hotfix row)
7.17,September 1st Hotfix,Ornn,SR,https://wiki.leagueoflegends.com/en-us/V7.17,True,2026-09-29: entry read in the wiki Hotfixes section (or coded hotfix row)
7.18,2017-09-15,Zed,SR (coded),https://web.archive.org/web/20170930/http://na.leagueoflegends.com/en/news/game-updates/patch/patch-718-notes,True,2026-09-29: entry read in the wiki Hotfixes section (or coded hotfix row)
7.18,September 15th Hotfix,Zed,SR,https://wiki.leagueoflegends.com/en-us/V7.18,True,2026-09-29: entry read in the wiki Hotfixes section (or coded hotfix row)
8.18,2018-09-12,Yasuo,SR (coded),https://wiki.leagueoflegends.com/en-us/V8.18,True,2026-09-29: entry read in the wiki Hotfixes section (or coded hotfix row)
8.18,Unknown Date,Yasuo,SR,https://wiki.leagueoflegends.com/en-us/V8.18,True,2026-09-29: entry read in the wiki Hotfixes section (or coded hotfix row)
8.19,2018-09-26,Fiora,SR (coded),https://web.archive.org/web/20180930/http://na.leagueoflegends.com/en/news/game-updates/patch/patch-819-notes,True,2026-09-29: entry read in the wiki Hotfixes section (or coded hotfix row)
8.19,September 26th Hotfix,Fiora,SR,https://wiki.leagueoflegends.com/en-us/V8.19,True,2026-09-29: entry read in the wiki Hotfixes section (or coded hotfix row)
9.15,August 8th Hotfix,Mordekaiser,SR,https://wiki.leagueoflegends.com/en-us/V9.15,True,2026-09-29: entry read in the wiki Hotfixes section (or coded hotfix row)
9.16,2019-08-14,Kha'Zix,SR (coded),https://web.archive.org/web/20190827/http://na.leagueoflegends.com/en/news/game-updates/patch/patch-916-notes,True,2026-09-29: entry read in the wiki Hotfixes section (or coded hotfix row)
9.16,2019-08-15,Pantheon,SR (coded),https://web.archive.org/web/20190827/http://na.leagueoflegends.com/en/news/game-updates/patch/patch-916-notes,True,2026-09-29: entry read in the wiki Hotfixes section (or coded hotfix row)
9.16,2019-08-16,Pantheon,SR (coded),https://web.archive.org/web/20190827/http://na.leagueoflegends.com/en/news/game-updates/patch/patch-916-notes,True,2026-09-29: entry read in the wiki Hotfixes section (or coded hotfix row)
9.16,August 14th Hotfix,Kha'Zix,SR,https://wiki.leagueoflegends.com/en-us/V9.16,True,2026-09-29: entry read in the wiki Hotfixes section (or coded hotfix row)
9.16,August 15th Hotfix,Pantheon,SR,https://wiki.leagueoflegends.com/en-us/V9.16,True,2026-09-29: entry read in the wiki Hotfixes section (or coded hotfix row)
9.16,August 16th Hotfix,Pantheon,SR,https://wiki.leagueoflegends.com/en-us/V9.16,True,2026-09-29: entry read in the wiki Hotfixes section (or coded hotfix row)
9.19,2019-09-26,Blitzcrank,SR (coded),https://www.leagueoflegends.com/en-us/news/game-updates/patch-9-19-notes/,True,2026-09-29: entry read in the wiki Hotfixes section (or coded hotfix row)
9.19,2019-09-26,Sylas,SR (coded),https://www.leagueoflegends.com/en-us/news/game-updates/patch-9-19-notes/,True,2026-09-29: entry read in the wiki Hotfixes section (or coded hotfix row)
9.19,2019-10-01,Gangplank,SR (coded),https://www.leagueoflegends.com/en-us/news/game-updates/patch-9-19-notes/,True,2026-09-29: entry read in the wiki Hotfixes section (or coded hotfix row)
9.19,September 26th Hotfix,Blitzcrank,SR,https://wiki.leagueoflegends.com/en-us/V9.19,True,2026-09-29: entry read in the wiki Hotfixes section (or coded hotfix row)
9.19,September 26th Hotfix,Sylas,SR,https://wiki.leagueoflegends.com/en-us/V9.19,True,2026-09-29: entry read in the wiki Hotfixes section (or coded hotfix row)
10.18,2020-09-02,Zac,SR (coded),https://www.leagueoflegends.com/en-us/news/game-updates/patch-10-18-notes/,True,2026-09-29: entry read in the wiki Hotfixes section (or coded hotfix row)
10.18,2020-09-03,Ahri,SR (coded),https://www.leagueoflegends.com/en-us/news/game-updates/patch-10-18-notes/,True,2026-09-29: entry read in the wiki Hotfixes section (or coded hotfix row)
10.18,September 2nd Hotfix,Zac,SR,https://wiki.leagueoflegends.com/en-us/V10.18,True,2026-09-29: entry read in the wiki Hotfixes section (or coded hotfix row)
10.18,September 4th Hotfix,Aurelion Sol,One for All,https://wiki.leagueoflegends.com/en-us/V10.18,False,2026-09-29: entry read in the wiki Hotfixes section (or coded hotfix row)
10.18,September 4th Hotfix,Blitzcrank,One for All,https://wiki.leagueoflegends.com/en-us/V10.18,False,2026-09-29: entry read in the wiki Hotfixes section (or coded hotfix row)
10.18,September 4th Hotfix,Braum,One for All,https://wiki.leagueoflegends.com/en-us/V10.18,False,2026-09-29: entry read in the wiki Hotfixes section (or coded hotfix row)
10.18,September 4th Hotfix,Darius,One for All,https://wiki.leagueoflegends.com/en-us/V10.18,False,2026-09-29: entry read in the wiki Hotfixes section (or coded hotfix row)
10.18,September 4th Hotfix,Diana,One for All,https://wiki.leagueoflegends.com/en-us/V10.18,False,2026-09-29: entry read in the wiki Hotfixes section (or coded hotfix row)
10.18,September 4th Hotfix,Elise,One for All,https://wiki.leagueoflegends.com/en-us/V10.18,False,2026-09-29: entry read in the wiki Hotfixes section (or coded hotfix row)
10.18,September 4th Hotfix,Illaoi,One for All,https://wiki.leagueoflegends.com/en-us/V10.18,False,2026-09-29: entry read in the wiki Hotfixes section (or coded hotfix row)
10.18,September 4th Hotfix,Jax,One for All,https://wiki.leagueoflegends.com/en-us/V10.18,False,2026-09-29: entry read in the wiki Hotfixes section (or coded hotfix row)
10.18,September 4th Hotfix,Lee Sin,One for All,https://wiki.leagueoflegends.com/en-us/V10.18,False,2026-09-29: entry read in the wiki Hotfixes section (or coded hotfix row)
10.18,September 4th Hotfix,Malphite,One for All,https://wiki.leagueoflegends.com/en-us/V10.18,False,2026-09-29: entry read in the wiki Hotfixes section (or coded hotfix row)
10.18,September 4th Hotfix,Nami,One for All,https://wiki.leagueoflegends.com/en-us/V10.18,False,2026-09-29: entry read in the wiki Hotfixes section (or coded hotfix row)
10.18,September 4th Hotfix,Pyke,One for All,https://wiki.leagueoflegends.com/en-us/V10.18,False,2026-09-29: entry read in the wiki Hotfixes section (or coded hotfix row)
10.18,September 4th Hotfix,Qiyana,One for All,https://wiki.leagueoflegends.com/en-us/V10.18,False,2026-09-29: entry read in the wiki Hotfixes section (or coded hotfix row)
10.18,September 4th Hotfix,Senna,One for All,https://wiki.leagueoflegends.com/en-us/V10.18,False,2026-09-29: entry read in the wiki Hotfixes section (or coded hotfix row)
10.18,September 4th Hotfix,Thresh,One for All,https://wiki.leagueoflegends.com/en-us/V10.18,False,2026-09-29: entry read in the wiki Hotfixes section (or coded hotfix row)
10.18,September 4th Hotfix,Urgot,One for All,https://wiki.leagueoflegends.com/en-us/V10.18,False,2026-09-29: entry read in the wiki Hotfixes section (or coded hotfix row)
10.18,September 4th Hotfix,Ziggs,One for All,https://wiki.leagueoflegends.com/en-us/V10.18,False,2026-09-29: entry read in the wiki Hotfixes section (or coded hotfix row)
10.18,September 4th Hotfix,Zoe,One for All,https://wiki.leagueoflegends.com/en-us/V10.18,False,2026-09-29: entry read in the wiki Hotfixes section (or coded hotfix row)
10.19,2020-09-16,Fiora,SR (coded),https://www.leagueoflegends.com/en-us/news/game-updates/patch-10-19-notes/,True,2026-09-29: entry read in the wiki Hotfixes section (or coded hotfix row)
10.19,2020-09-16,Rek'Sai,SR (coded),https://www.leagueoflegends.com/en-us/news/game-updates/patch-10-19-notes/,True,2026-09-29: entry read in the wiki Hotfixes section (or coded hotfix row)
10.19,2020-09-21,Sion,SR (coded),https://www.leagueoflegends.com/en-us/news/game-updates/patch-10-19-notes/,True,2026-09-29: entry read in the wiki Hotfixes section (or coded hotfix row)
10.19,2020-09-22,Samira,SR (coded),https://www.leagueoflegends.com/en-us/news/game-updates/patch-10-19-notes/,True,2026-09-29: entry read in the wiki Hotfixes section (or coded hotfix row)
10.19,September 16th Hotfix,Fiora,SR,https://wiki.leagueoflegends.com/en-us/V10.19,True,2026-09-29: entry read in the wiki Hotfixes section (or coded hotfix row)
10.19,September 16th Hotfix,Rek'Sai,SR,https://wiki.leagueoflegends.com/en-us/V10.19,True,2026-09-29: entry read in the wiki Hotfixes section (or coded hotfix row)
10.19,September 21st Hotfix,Rek'Sai,SR,https://wiki.leagueoflegends.com/en-us/V10.19,True,2026-09-29: entry read in the wiki Hotfixes section (or coded hotfix row)
10.19,September 21st Hotfix,Sion,SR,https://wiki.leagueoflegends.com/en-us/V10.19,True,2026-09-29: entry read in the wiki Hotfixes section (or coded hotfix row)
10.19,September 22nd Hotfix,Samira,SR,https://wiki.leagueoflegends.com/en-us/V10.19,True,2026-09-29: entry read in the wiki Hotfixes section (or coded hotfix row)
11.15,July 23rd Hotfix,Akshan,SR,https://wiki.leagueoflegends.com/en-us/V11.15,True,2026-09-29: entry read in the wiki Hotfixes section (or coded hotfix row)
11.15,July 28th Hotfix,Akshan,SR,https://wiki.leagueoflegends.com/en-us/V11.15,True,2026-09-29: entry read in the wiki Hotfixes section (or coded hotfix row)
11.16,2021-08-11,Viego,SR (coded),https://www.leagueoflegends.com/en-us/news/game-updates/patch-11-16-notes/,True,2026-09-29: entry read in the wiki Hotfixes section (or coded hotfix row)
11.16,2021-08-13,Akshan,SR (coded),https://www.leagueoflegends.com/en-us/news/game-updates/patch-11-16-notes/,True,2026-09-29: entry read in the wiki Hotfixes section (or coded hotfix row)
11.16,August 11th Hotfix,Viego,SR,https://wiki.leagueoflegends.com/en-us/V11.16,True,2026-09-29: entry read in the wiki Hotfixes section (or coded hotfix row)
11.16,August 13th Hotfix,Akshan,SR,https://wiki.leagueoflegends.com/en-us/V11.16,True,2026-09-29: entry read in the wiki Hotfixes section (or coded hotfix row)
11.16,August 13th Hotfix,Alistar,One for All,https://wiki.leagueoflegends.com/en-us/V11.16,False,2026-09-29: entry read in the wiki Hotfixes section (or coded hotfix row)
11.16,August 13th Hotfix,Aurelion Sol,One for All,https://wiki.leagueoflegends.com/en-us/V11.16,False,2026-09-29: entry read in the wiki Hotfixes section (or coded hotfix row)
11.16,August 13th Hotfix,Azir,One for All,https://wiki.leagueoflegends.com/en-us/V11.16,False,2026-09-29: entry read in the wiki Hotfixes section (or coded hotfix row)
11.16,August 13th Hotfix,Braum,One for All,https://wiki.leagueoflegends.com/en-us/V11.16,False,2026-09-29: entry read in the wiki Hotfixes section (or coded hotfix row)
11.16,August 13th Hotfix,Elise,One for All,https://wiki.leagueoflegends.com/en-us/V11.16,False,2026-09-29: entry read in the wiki Hotfixes section (or coded hotfix row)
11.16,August 13th Hotfix,Graves,One for All,https://wiki.leagueoflegends.com/en-us/V11.16,False,2026-09-29: entry read in the wiki Hotfixes section (or coded hotfix row)
11.16,August 13th Hotfix,Irelia,One for All,https://wiki.leagueoflegends.com/en-us/V11.16,False,2026-09-29: entry read in the wiki Hotfixes section (or coded hotfix row)
11.16,August 13th Hotfix,Ivern,One for All,https://wiki.leagueoflegends.com/en-us/V11.16,False,2026-09-29: entry read in the wiki Hotfixes section (or coded hotfix row)
11.16,August 13th Hotfix,Kog'Maw,One for All,https://wiki.leagueoflegends.com/en-us/V11.16,False,2026-09-29: entry read in the wiki Hotfixes section (or coded hotfix row)
11.16,August 13th Hotfix,LeBlanc,One for All,https://wiki.leagueoflegends.com/en-us/V11.16,False,2026-09-29: entry read in the wiki Hotfixes section (or coded hotfix row)
11.16,August 13th Hotfix,Lillia,One for All,https://wiki.leagueoflegends.com/en-us/V11.16,False,2026-09-29: entry read in the wiki Hotfixes section (or coded hotfix row)
11.16,August 13th Hotfix,Qiyana,One for All,https://wiki.leagueoflegends.com/en-us/V11.16,False,2026-09-29: entry read in the wiki Hotfixes section (or coded hotfix row)
11.16,August 13th Hotfix,Rammus,One for All,https://wiki.leagueoflegends.com/en-us/V11.16,False,2026-09-29: entry read in the wiki Hotfixes section (or coded hotfix row)
11.16,August 13th Hotfix,Rengar,One for All,https://wiki.leagueoflegends.com/en-us/V11.16,False,2026-09-29: entry read in the wiki Hotfixes section (or coded hotfix row)
11.16,August 13th Hotfix,Skarner,One for All,https://wiki.leagueoflegends.com/en-us/V11.16,False,2026-09-29: entry read in the wiki Hotfixes section (or coded hotfix row)
11.16,August 13th Hotfix,Thresh,One for All,https://wiki.leagueoflegends.com/en-us/V11.16,False,2026-09-29: entry read in the wiki Hotfixes section (or coded hotfix row)
11.16,August 13th Hotfix,Vayne,One for All,https://wiki.leagueoflegends.com/en-us/V11.16,False,2026-09-29: entry read in the wiki Hotfixes section (or coded hotfix row)
11.16,August 13th Hotfix,Xerath,One for All,https://wiki.leagueoflegends.com/en-us/V11.16,False,2026-09-29: entry read in the wiki Hotfixes section (or coded hotfix row)
11.17,2021-08-25,Kalista,SR (coded),https://www.leagueoflegends.com/en-us/news/game-updates/patch-11-17-notes/,True,2026-09-29: entry read in the wiki Hotfixes section (or coded hotfix row)
11.17,2021-08-26,Lucian,SR (coded),https://www.leagueoflegends.com/en-us/news/game-updates/patch-11-17-notes/,True,2026-09-29: entry read in the wiki Hotfixes section (or coded hotfix row)
11.17,2021-08-26,Tahm Kench,SR (coded),https://www.leagueoflegends.com/en-us/news/game-updates/patch-11-17-notes/,True,2026-09-29: entry read in the wiki Hotfixes section (or coded hotfix row)
11.17,August 25th Hotfix,Kalista,SR,https://wiki.leagueoflegends.com/en-us/V11.17,True,2026-09-29: entry read in the wiki Hotfixes section (or coded hotfix row)
11.17,August 26th Hotfix,Lucian,SR,https://wiki.leagueoflegends.com/en-us/V11.17,True,2026-09-29: entry read in the wiki Hotfixes section (or coded hotfix row)
11.17,August 26th Hotfix,Tahm Kench,SR,https://wiki.leagueoflegends.com/en-us/V11.17,True,2026-09-29: entry read in the wiki Hotfixes section (or coded hotfix row)
11.18,2021-09-09,Janna,SR (coded),https://www.leagueoflegends.com/en-us/news/game-updates/patch-11-18-notes/,True,2026-09-29: entry read in the wiki Hotfixes section (or coded hotfix row)
11.18,2021-09-09,Qiyana,SR (coded),https://www.leagueoflegends.com/en-us/news/game-updates/patch-11-18-notes/,True,2026-09-29: entry read in the wiki Hotfixes section (or coded hotfix row)
11.18,September 9th Hotfix,Janna,SR,https://wiki.leagueoflegends.com/en-us/V11.18,True,2026-09-29: entry read in the wiki Hotfixes section (or coded hotfix row)
11.18,September 9th Hotfix,Qiyana,SR,https://wiki.leagueoflegends.com/en-us/V11.18,True,2026-09-29: entry read in the wiki Hotfixes section (or coded hotfix row)
11.19,2021-09-24,Vex,SR (coded),https://www.leagueoflegends.com/en-us/news/game-updates/patch-11-19-notes/,True,2026-09-29: entry read in the wiki Hotfixes section (or coded hotfix row)
11.19,September 24th Hotfix,Aatrox,URF,https://wiki.leagueoflegends.com/en-us/V11.19,False,2026-09-29: entry read in the wiki Hotfixes section (or coded hotfix row)
11.19,September 24th Hotfix,Ahri,URF,https://wiki.leagueoflegends.com/en-us/V11.19,False,2026-09-29: entry read in the wiki Hotfixes section (or coded hotfix row)
11.19,September 24th Hotfix,Amumu,URF,https://wiki.leagueoflegends.com/en-us/V11.19,False,2026-09-29: entry read in the wiki Hotfixes section (or coded hotfix row)
11.19,September 24th Hotfix,Anivia,URF,https://wiki.leagueoflegends.com/en-us/V11.19,False,2026-09-29: entry read in the wiki Hotfixes section (or coded hotfix row)
11.19,September 24th Hotfix,Annie,URF,https://wiki.leagueoflegends.com/en-us/V11.19,False,2026-09-29: entry read in the wiki Hotfixes section (or coded hotfix row)
11.19,September 24th Hotfix,Bard,URF,https://wiki.leagueoflegends.com/en-us/V11.19,False,2026-09-29: entry read in the wiki Hotfixes section (or coded hotfix row)
11.19,September 24th Hotfix,Braum,URF,https://wiki.leagueoflegends.com/en-us/V11.19,False,2026-09-29: entry read in the wiki Hotfixes section (or coded hotfix row)
11.19,September 24th Hotfix,Cassiopeia,URF,https://wiki.leagueoflegends.com/en-us/V11.19,False,2026-09-29: entry read in the wiki Hotfixes section (or coded hotfix row)
11.19,September 24th Hotfix,Darius,URF,https://wiki.leagueoflegends.com/en-us/V11.19,False,2026-09-29: entry read in the wiki Hotfixes section (or coded hotfix row)
11.19,September 24th Hotfix,Draven,URF,https://wiki.leagueoflegends.com/en-us/V11.19,False,2026-09-29: entry read in the wiki Hotfixes section (or coded hotfix row)
11.19,September 24th Hotfix,Ezreal,URF,https://wiki.leagueoflegends.com/en-us/V11.19,False,2026-09-29: entry read in the wiki Hotfixes section (or coded hotfix row)
11.19,September 24th Hotfix,Fiddlesticks,URF,https://wiki.leagueoflegends.com/en-us/V11.19,False,2026-09-29: entry read in the wiki Hotfixes section (or coded hotfix row)
11.19,September 24th Hotfix,Fiora,URF,https://wiki.leagueoflegends.com/en-us/V11.19,False,2026-09-29: entry read in the wiki Hotfixes section (or coded hotfix row)
11.19,September 24th Hotfix,Fizz,URF,https://wiki.leagueoflegends.com/en-us/V11.19,False,2026-09-29: entry read in the wiki Hotfixes section (or coded hotfix row)
11.19,September 24th Hotfix,Garen,URF,https://wiki.leagueoflegends.com/en-us/V11.19,False,2026-09-29: entry read in the wiki Hotfixes section (or coded hotfix row)
11.19,September 24th Hotfix,Gnar,URF,https://wiki.leagueoflegends.com/en-us/V11.19,False,2026-09-29: entry read in the wiki Hotfixes section (or coded hotfix row)
11.19,September 24th Hotfix,Illaoi,URF,https://wiki.leagueoflegends.com/en-us/V11.19,False,2026-09-29: entry read in the wiki Hotfixes section (or coded hotfix row)
11.19,September 24th Hotfix,Jax,URF,https://wiki.leagueoflegends.com/en-us/V11.19,False,2026-09-29: entry read in the wiki Hotfixes section (or coded hotfix row)
11.19,September 24th Hotfix,Jayce,URF,https://wiki.leagueoflegends.com/en-us/V11.19,False,2026-09-29: entry read in the wiki Hotfixes section (or coded hotfix row)
11.19,September 24th Hotfix,Kai'Sa,URF,https://wiki.leagueoflegends.com/en-us/V11.19,False,2026-09-29: entry read in the wiki Hotfixes section (or coded hotfix row)
11.19,September 24th Hotfix,Karthus,URF,https://wiki.leagueoflegends.com/en-us/V11.19,False,2026-09-29: entry read in the wiki Hotfixes section (or coded hotfix row)
11.19,September 24th Hotfix,Lucian,URF,https://wiki.leagueoflegends.com/en-us/V11.19,False,2026-09-29: entry read in the wiki Hotfixes section (or coded hotfix row)
11.19,September 24th Hotfix,Malzahar,URF,https://wiki.leagueoflegends.com/en-us/V11.19,False,2026-09-29: entry read in the wiki Hotfixes section (or coded hotfix row)
11.19,September 24th Hotfix,Mordekaiser,URF,https://wiki.leagueoflegends.com/en-us/V11.19,False,2026-09-29: entry read in the wiki Hotfixes section (or coded hotfix row)
11.19,September 24th Hotfix,Orianna,URF,https://wiki.leagueoflegends.com/en-us/V11.19,False,2026-09-29: entry read in the wiki Hotfixes section (or coded hotfix row)
11.19,September 24th Hotfix,Rammus,URF,https://wiki.leagueoflegends.com/en-us/V11.19,False,2026-09-29: entry read in the wiki Hotfixes section (or coded hotfix row)
11.19,September 24th Hotfix,Sett,URF,https://wiki.leagueoflegends.com/en-us/V11.19,False,2026-09-29: entry read in the wiki Hotfixes section (or coded hotfix row)
11.19,September 24th Hotfix,Shaco,URF,https://wiki.leagueoflegends.com/en-us/V11.19,False,2026-09-29: entry read in the wiki Hotfixes section (or coded hotfix row)
11.19,September 24th Hotfix,Sivir,URF,https://wiki.leagueoflegends.com/en-us/V11.19,False,2026-09-29: entry read in the wiki Hotfixes section (or coded hotfix row)
11.19,September 24th Hotfix,Soraka,URF,https://wiki.leagueoflegends.com/en-us/V11.19,False,2026-09-29: entry read in the wiki Hotfixes section (or coded hotfix row)
11.19,September 24th Hotfix,Syndra,URF,https://wiki.leagueoflegends.com/en-us/V11.19,False,2026-09-29: entry read in the wiki Hotfixes section (or coded hotfix row)
11.19,September 24th Hotfix,Tahm Kench,URF,https://wiki.leagueoflegends.com/en-us/V11.19,False,2026-09-29: entry read in the wiki Hotfixes section (or coded hotfix row)
11.19,September 24th Hotfix,Trundle,URF,https://wiki.leagueoflegends.com/en-us/V11.19,False,2026-09-29: entry read in the wiki Hotfixes section (or coded hotfix row)
11.19,September 24th Hotfix,Twisted Fate,URF,https://wiki.leagueoflegends.com/en-us/V11.19,False,2026-09-29: entry read in the wiki Hotfixes section (or coded hotfix row)
11.19,September 24th Hotfix,Twitch,URF,https://wiki.leagueoflegends.com/en-us/V11.19,False,2026-09-29: entry read in the wiki Hotfixes section (or coded hotfix row)
11.19,September 24th Hotfix,Urgot,URF,https://wiki.leagueoflegends.com/en-us/V11.19,False,2026-09-29: entry read in the wiki Hotfixes section (or coded hotfix row)
11.19,September 24th Hotfix,Vex,SR,https://wiki.leagueoflegends.com/en-us/V11.19,True,2026-09-29: entry read in the wiki Hotfixes section (or coded hotfix row)
11.19,September 24th Hotfix,Vex,URF,https://wiki.leagueoflegends.com/en-us/V11.19,False,2026-09-29: entry read in the wiki Hotfixes section (or coded hotfix row)
11.19,September 24th Hotfix,Vi,URF,https://wiki.leagueoflegends.com/en-us/V11.19,False,2026-09-29: entry read in the wiki Hotfixes section (or coded hotfix row)
11.19,September 24th Hotfix,Viktor,URF,https://wiki.leagueoflegends.com/en-us/V11.19,False,2026-09-29: entry read in the wiki Hotfixes section (or coded hotfix row)
11.19,September 24th Hotfix,Vladimir,URF,https://wiki.leagueoflegends.com/en-us/V11.19,False,2026-09-29: entry read in the wiki Hotfixes section (or coded hotfix row)
11.19,September 24th Hotfix,Xayah,URF,https://wiki.leagueoflegends.com/en-us/V11.19,False,2026-09-29: entry read in the wiki Hotfixes section (or coded hotfix row)
11.19,September 24th Hotfix,Xin Zhao,URF,https://wiki.leagueoflegends.com/en-us/V11.19,False,2026-09-29: entry read in the wiki Hotfixes section (or coded hotfix row)
11.19,September 24th Hotfix,Yone,URF,https://wiki.leagueoflegends.com/en-us/V11.19,False,2026-09-29: entry read in the wiki Hotfixes section (or coded hotfix row)
11.19,September 24th Hotfix,Yuumi,URF,https://wiki.leagueoflegends.com/en-us/V11.19,False,2026-09-29: entry read in the wiki Hotfixes section (or coded hotfix row)
11.19,September 24th Hotfix,Zed,URF,https://wiki.leagueoflegends.com/en-us/V11.19,False,2026-09-29: entry read in the wiki Hotfixes section (or coded hotfix row)
11.19,September 24th Hotfix,Zilean,URF,https://wiki.leagueoflegends.com/en-us/V11.19,False,2026-09-29: entry read in the wiki Hotfixes section (or coded hotfix row)
11.19,September 27th Hotfix,Aatrox,URF,https://wiki.leagueoflegends.com/en-us/V11.19,False,2026-09-29: entry read in the wiki Hotfixes section (or coded hotfix row)
11.19,September 27th Hotfix,Fiddlesticks,URF,https://wiki.leagueoflegends.com/en-us/V11.19,False,2026-09-29: entry read in the wiki Hotfixes section (or coded hotfix row)
11.19,September 27th Hotfix,Kai'Sa,URF,https://wiki.leagueoflegends.com/en-us/V11.19,False,2026-09-29: entry read in the wiki Hotfixes section (or coded hotfix row)
11.19,September 27th Hotfix,Malzahar,URF,https://wiki.leagueoflegends.com/en-us/V11.19,False,2026-09-29: entry read in the wiki Hotfixes section (or coded hotfix row)
11.19,September 27th Hotfix,Orianna,URF,https://wiki.leagueoflegends.com/en-us/V11.19,False,2026-09-29: entry read in the wiki Hotfixes section (or coded hotfix row)
11.19,September 27th Hotfix,Ornn,URF,https://wiki.leagueoflegends.com/en-us/V11.19,False,2026-09-29: entry read in the wiki Hotfixes section (or coded hotfix row)
11.19,September 27th Hotfix,Syndra,URF,https://wiki.leagueoflegends.com/en-us/V11.19,False,2026-09-29: entry read in the wiki Hotfixes section (or coded hotfix row)
11.19,September 27th Hotfix,Udyr,URF,https://wiki.leagueoflegends.com/en-us/V11.19,False,2026-09-29: entry read in the wiki Hotfixes section (or coded hotfix row)
11.19,September 27th Hotfix,Volibear,URF,https://wiki.leagueoflegends.com/en-us/V11.19,False,2026-09-29: entry read in the wiki Hotfixes section (or coded hotfix row)
11.19,September 27th Hotfix,Xayah,URF,https://wiki.leagueoflegends.com/en-us/V11.19,False,2026-09-29: entry read in the wiki Hotfixes section (or coded hotfix row)
12.15,2022-08-10,Taliyah,SR (coded),https://www.leagueoflegends.com/en-us/news/game-updates/patch-12-15-notes/,True,2026-09-29: entry read in the wiki Hotfixes section (or coded hotfix row)
12.15,August 10th Hotfix,Taliyah,SR,https://wiki.leagueoflegends.com/en-us/V12.15,True,2026-09-29: entry read in the wiki Hotfixes section (or coded hotfix row)
12.16,2022-08-24,Yuumi,SR (coded),https://www.leagueoflegends.com/en-us/news/game-updates/patch-12-16-notes/,True,2026-09-29: entry read in the wiki Hotfixes section (or coded hotfix row)
12.16,2022-08-26,Udyr,SR (coded),https://www.leagueoflegends.com/en-us/news/game-updates/patch-12-16-notes/,True,2026-09-29: entry read in the wiki Hotfixes section (or coded hotfix row)
12.16,2022-08-30,Zeri,SR (coded),https://www.leagueoflegends.com/en-us/news/game-updates/patch-12-16-notes/,True,2026-09-29: entry read in the wiki Hotfixes section (or coded hotfix row)
12.16,August 24th Hotfix,Yuumi,SR,https://wiki.leagueoflegends.com/en-us/V12.16,True,2026-09-29: entry read in the wiki Hotfixes section (or coded hotfix row)
12.16,August 26th Hotfix,Udyr,SR,https://wiki.leagueoflegends.com/en-us/V12.16,True,2026-09-29: entry read in the wiki Hotfixes section (or coded hotfix row)
12.17,2022-09-08,Miss Fortune,SR (coded),https://www.leagueoflegends.com/en-us/news/game-updates/patch-12-17-notes/,True,2026-09-29: entry read in the wiki Hotfixes section (or coded hotfix row)
12.17,2022-09-12,Gragas,SR (coded),https://www.leagueoflegends.com/en-us/news/game-updates/patch-12-17-notes/,True,2026-09-29: entry read in the wiki Hotfixes section (or coded hotfix row)
12.17,September 12th Hotfix,Gragas,SR,https://wiki.leagueoflegends.com/en-us/V12.17,True,2026-09-29: entry read in the wiki Hotfixes section (or coded hotfix row)
12.17,September 8th Hotfix,Miss Fortune,SR,https://wiki.leagueoflegends.com/en-us/V12.17,True,2026-09-29: entry read in the wiki Hotfixes section (or coded hotfix row)
13.14,2023-07-21,Naafiri,SR (coded),https://www.leagueoflegends.com/en-us/news/game-updates/patch-13-14-notes/,True,2026-09-29: entry read in the wiki Hotfixes section (or coded hotfix row)
13.14,July 21st Hotfix,Annie,Arena,https://wiki.leagueoflegends.com/en-us/V13.14,False,2026-09-29: entry read in the wiki Hotfixes section (or coded hotfix row)
13.14,July 21st Hotfix,Heimerdinger,Arena,https://wiki.leagueoflegends.com/en-us/V13.14,False,2026-09-29: entry read in the wiki Hotfixes section (or coded hotfix row)
13.14,July 21st Hotfix,Illaoi,Arena,https://wiki.leagueoflegends.com/en-us/V13.14,False,2026-09-29: entry read in the wiki Hotfixes section (or coded hotfix row)
13.14,July 21st Hotfix,Kayle,Arena,https://wiki.leagueoflegends.com/en-us/V13.14,False,2026-09-29: entry read in the wiki Hotfixes section (or coded hotfix row)
13.14,July 21st Hotfix,Kayn,Arena,https://wiki.leagueoflegends.com/en-us/V13.14,False,2026-09-29: entry read in the wiki Hotfixes section (or coded hotfix row)
13.14,July 21st Hotfix,Lux,Arena,https://wiki.leagueoflegends.com/en-us/V13.14,False,2026-09-29: entry read in the wiki Hotfixes section (or coded hotfix row)
13.14,July 21st Hotfix,Naafiri,SR,https://wiki.leagueoflegends.com/en-us/V13.14,True,2026-09-29: entry read in the wiki Hotfixes section (or coded hotfix row)
13.14,July 21st Hotfix,Shaco,Arena,https://wiki.leagueoflegends.com/en-us/V13.14,False,2026-09-29: entry read in the wiki Hotfixes section (or coded hotfix row)
13.14,July 21st Hotfix,Taric,Arena,https://wiki.leagueoflegends.com/en-us/V13.14,False,2026-09-29: entry read in the wiki Hotfixes section (or coded hotfix row)
13.14,July 21st Hotfix,Zoe,Arena,https://wiki.leagueoflegends.com/en-us/V13.14,False,2026-09-29: entry read in the wiki Hotfixes section (or coded hotfix row)
13.14,July 25th Hotfix,Cassiopeia,Arena,https://wiki.leagueoflegends.com/en-us/V13.14,False,2026-09-29: entry read in the wiki Hotfixes section (or coded hotfix row)
13.14,July 25th Hotfix,Kai'Sa,Arena,https://wiki.leagueoflegends.com/en-us/V13.14,False,2026-09-29: entry read in the wiki Hotfixes section (or coded hotfix row)
13.14,July 25th Hotfix,Kindred,Arena,https://wiki.leagueoflegends.com/en-us/V13.14,False,2026-09-29: entry read in the wiki Hotfixes section (or coded hotfix row)
13.14,July 25th Hotfix,Kog'Maw,Arena,https://wiki.leagueoflegends.com/en-us/V13.14,False,2026-09-29: entry read in the wiki Hotfixes section (or coded hotfix row)
13.14,July 25th Hotfix,Taric,Arena,https://wiki.leagueoflegends.com/en-us/V13.14,False,2026-09-29: entry read in the wiki Hotfixes section (or coded hotfix row)
13.14,July 25th Hotfix,Twitch,Arena,https://wiki.leagueoflegends.com/en-us/V13.14,False,2026-09-29: entry read in the wiki Hotfixes section (or coded hotfix row)
13.14,July 25th Hotfix,Vayne,Arena,https://wiki.leagueoflegends.com/en-us/V13.14,False,2026-09-29: entry read in the wiki Hotfixes section (or coded hotfix row)
13.15,2023-08-02,Bard,SR (coded),https://www.leagueoflegends.com/en-us/news/game-updates/patch-13-15-notes/,True,2026-09-29: entry read in the wiki Hotfixes section (or coded hotfix row)
13.15,2023-08-03,Bard,SR (coded),https://www.leagueoflegends.com/en-us/news/game-updates/patch-13-15-notes/,True,2026-09-29: entry read in the wiki Hotfixes section (or coded hotfix row)
13.15,2023-08-03,Bel'Veth,SR (coded),https://www.leagueoflegends.com/en-us/news/game-updates/patch-13-15-notes/,True,2026-09-29: entry read in the wiki Hotfixes section (or coded hotfix row)
13.15,August 2nd Hotfix,Bard,SR,https://wiki.leagueoflegends.com/en-us/V13.15,True,2026-09-29: entry read in the wiki Hotfixes section (or coded hotfix row)
13.15,August 2nd Hotfix,Bard,Arena,https://wiki.leagueoflegends.com/en-us/V13.15,False,2026-09-29: entry read in the wiki Hotfixes section (or coded hotfix row)
13.15,August 3rd Hotfix,Alistar,Arena,https://wiki.leagueoflegends.com/en-us/V13.15,False,2026-09-29: entry read in the wiki Hotfixes section (or coded hotfix row)
13.15,August 3rd Hotfix,Aphelios,Arena,https://wiki.leagueoflegends.com/en-us/V13.15,False,2026-09-29: entry read in the wiki Hotfixes section (or coded hotfix row)
13.15,August 3rd Hotfix,Bard,SR,https://wiki.leagueoflegends.com/en-us/V13.15,True,2026-09-29: entry read in the wiki Hotfixes section (or coded hotfix row)
13.15,August 3rd Hotfix,Bel'Veth,SR,https://wiki.leagueoflegends.com/en-us/V13.15,True,2026-09-29: entry read in the wiki Hotfixes section (or coded hotfix row)
13.15,August 3rd Hotfix,Viego,Arena,https://wiki.leagueoflegends.com/en-us/V13.15,False,2026-09-29: entry read in the wiki Hotfixes section (or coded hotfix row)
13.15,August 3rd Hotfix,Yasuo,Arena,https://wiki.leagueoflegends.com/en-us/V13.15,False,2026-09-29: entry read in the wiki Hotfixes section (or coded hotfix row)
13.15,August 3rd Hotfix,Yone,Arena,https://wiki.leagueoflegends.com/en-us/V13.15,False,2026-09-29: entry read in the wiki Hotfixes section (or coded hotfix row)
13.18,2023-09-14,Bard,SR (coded),https://www.leagueoflegends.com/en-us/news/game-updates/patch-13-18-notes/,True,2026-09-29: entry read in the wiki Hotfixes section (or coded hotfix row)
13.18,2023-09-14,Briar,SR (coded),https://www.leagueoflegends.com/en-us/news/game-updates/patch-13-18-notes/,True,2026-09-29: entry read in the wiki Hotfixes section (or coded hotfix row)
13.18,September 13th Hotfix,Hecarim,ARAM,https://wiki.leagueoflegends.com/en-us/V13.18,False,2026-09-29: entry read in the wiki Hotfixes section (or coded hotfix row)
13.18,September 13th Hotfix,Naafiri,ARAM,https://wiki.leagueoflegends.com/en-us/V13.18,False,2026-09-29: entry read in the wiki Hotfixes section (or coded hotfix row)
13.18,September 13th Hotfix,Sylas,ARAM,https://wiki.leagueoflegends.com/en-us/V13.18,False,2026-09-29: entry read in the wiki Hotfixes section (or coded hotfix row)
13.18,September 13th Hotfix,Tryndamere,ARAM,https://wiki.leagueoflegends.com/en-us/V13.18,False,2026-09-29: entry read in the wiki Hotfixes section (or coded hotfix row)
13.18,September 14th Hotfix,Bard,SR,https://wiki.leagueoflegends.com/en-us/V13.18,True,2026-09-29: entry read in the wiki Hotfixes section (or coded hotfix row)
13.18,September 14th Hotfix,Briar,SR,https://wiki.leagueoflegends.com/en-us/V13.18,True,2026-09-29: entry read in the wiki Hotfixes section (or coded hotfix row)
14.15,August 2nd Hotfix,Aurora,SR,https://wiki.leagueoflegends.com/en-us/V14.15,True,2026-09-29: entry read in the wiki Hotfixes section (or coded hotfix row)
14.15,August 5th Hotfix,Aurora,SR,https://wiki.leagueoflegends.com/en-us/V14.15,True,2026-09-29: entry read in the wiki Hotfixes section (or coded hotfix row)
14.16,2024-08-15,Samira,SR (coded),https://www.leagueoflegends.com/en-us/news/game-updates/patch-14-16-notes/,True,2026-09-29: entry read in the wiki Hotfixes section (or coded hotfix row)
15.17,August 27th Hotfix,Senna,SR,https://wiki.leagueoflegends.com/en-us/V25.17,True,2026-09-29: entry read in the wiki Hotfixes section (or coded hotfix row)
15.17,August 28th Hotfix,Xin Zhao,Arena,https://wiki.leagueoflegends.com/en-us/V25.17,False,2026-09-29: entry read in the wiki Hotfixes section (or coded hotfix row)
15.18,2025-09-11,Yunara,SR (coded),https://www.leagueoflegends.com/en-us/news/game-updates/patch-25-18-notes/,True,2026-09-29: entry read in the wiki Hotfixes section (or coded hotfix row)
15.18,September 11th Hotfix,Yunara,SR,https://wiki.leagueoflegends.com/en-us/V25.18,True,2026-09-29: entry read in the wiki Hotfixes section (or coded hotfix row)
15.19,2025-09-24,Jarvan IV,SR (coded),https://www.leagueoflegends.com/en-us/news/game-updates/patch-25-19-notes/,True,2026-09-29: entry read in the wiki Hotfixes section (or coded hotfix row)
15.19,2025-09-24,Nidalee,SR (coded),https://www.leagueoflegends.com/en-us/news/game-updates/patch-25-19-notes/,True,2026-09-29: entry read in the wiki Hotfixes section (or coded hotfix row)
15.19,2025-09-25,Kayn,SR (coded),https://wiki.leagueoflegends.com/en-us/V25.19,True,2026-09-29: entry read in the wiki Hotfixes section (or coded hotfix row)
15.19,September 25th Hotfix,Jarvan IV,SR,https://wiki.leagueoflegends.com/en-us/V25.19,True,2026-09-29: entry read in the wiki Hotfixes section (or coded hotfix row)
15.19,September 25th Hotfix,Kayn,SR,https://wiki.leagueoflegends.com/en-us/V25.19,True,2026-09-29: entry read in the wiki Hotfixes section (or coded hotfix row)
15.19,September 25th Hotfix,Nidalee,SR,https://wiki.leagueoflegends.com/en-us/V25.19,True,2026-09-29: entry read in the wiki Hotfixes section (or coded hotfix row)
15.20,2025-10-09,Azir,SR (coded),https://www.leagueoflegends.com/en-us/news/game-updates/patch-25-20-notes/,True,2026-09-29: entry read in the wiki Hotfixes section (or coded hotfix row)
15.20,October 9th Hotfix,Azir,SR,https://wiki.leagueoflegends.com/en-us/V25.20,True,2026-09-29: entry read in the wiki Hotfixes section (or coded hotfix row)
