year_group,patch_oe,riot_patch_title,release_date,champion,direction,magnitude,pro_targeted,hotfix,reason,refers_to_patch,summary,source_url
2022,"12.19","Patch 12.19 notes","2022-10-05","Syndra","rework",0,0,0,"pro_play","","Midscope update: new Transcendent passive upgrades each ability; Q, W, E, R numbers retuned.","https://www.leagueoflegends.com/en-us/news/game-updates/patch-12-19-notes/"
2022,"12.19","Patch 12.19 notes","2022-10-05","Blitzcrank","buff",3,0,0,"general","","Fighter buffs: attack speed up, W empowers attacks with %HP damage, E/R AP scaling up; mana costs up.","https://www.leagueoflegends.com/en-us/news/game-updates/patch-12-19-notes/"
2022,"12.19","Patch 12.19 notes","2022-10-05","Ekko","buff",2,0,0,"general","","Passive AP ratio and R base damage and AP ratio increased.","https://www.leagueoflegends.com/en-us/news/game-updates/patch-12-19-notes/"
2022,"12.19","Patch 12.19 notes","2022-10-05","Fizz","buff",1,0,0,"general","","E AP ratio increased from 75% to 90%.","https://www.leagueoflegends.com/en-us/news/game-updates/patch-12-19-notes/"
2022,"12.19","Patch 12.19 notes","2022-10-05","Garen","buff",1,0,0,"unstated","","E critical strike damage increased from 58% to 75%.","https://www.leagueoflegends.com/en-us/news/game-updates/patch-12-19-notes/"
2022,"12.19","Patch 12.19 notes","2022-10-05","Jinx","buff",2,0,0,"general","","Base AD increased; R base damage to primary target increased.","https://www.leagueoflegends.com/en-us/news/game-updates/patch-12-19-notes/"
2022,"12.19","Patch 12.19 notes","2022-10-05","Kai'Sa","buff",1,0,0,"general","","Passive missing-health proc AP ratio increased to help AP builds.","https://www.leagueoflegends.com/en-us/news/game-updates/patch-12-19-notes/"
2022,"12.19","Patch 12.19 notes","2022-10-05","Malphite","buff",2,0,0,"general","","W and R AP ratios increased to buff AP builds.","https://www.leagueoflegends.com/en-us/news/game-updates/patch-12-19-notes/"
2022,"12.19","Patch 12.19 notes","2022-10-05","Master Yi","nerf",2,0,0,"general","","AD growth and E bonus AD ratio reduced; too strong at all skill brackets.","https://www.leagueoflegends.com/en-us/news/game-updates/patch-12-19-notes/"
2022,"12.19","Patch 12.19 notes","2022-10-05","Nasus","buff",2,1,0,"general","12.13","High-skill buffs: longer Q range, stronger W attack speed slow, R size and AoE scale with rank.","https://www.leagueoflegends.com/en-us/news/game-updates/patch-12-19-notes/"
2022,"12.19","Patch 12.19 notes","2022-10-05","Nunu & Willump","buff",1,0,0,"general","","R AP ratio increased from 250% to 300% for AP builds.","https://www.leagueoflegends.com/en-us/news/game-updates/patch-12-19-notes/"
2022,"12.19","Patch 12.19 notes","2022-10-05","Rakan","buff",2,0,0,"general","","Passive shield and Q damage AP ratios increased.","https://www.leagueoflegends.com/en-us/news/game-updates/patch-12-19-notes/"
2022,"12.19","Patch 12.19 notes","2022-10-05","Rek'Sai","nerf",1,1,0,"general","","Base AD reduced to weaken early ganks at the highest levels of play.","https://www.leagueoflegends.com/en-us/news/game-updates/patch-12-19-notes/"
2022,"12.19","Patch 12.19 notes","2022-10-05","Ryze","buff",2,0,0,"pro_play","","Q and W AP ratios increased to strengthen full AP builds; no longer a pro terror.","https://www.leagueoflegends.com/en-us/news/game-updates/patch-12-19-notes/"
2022,"12.19","Patch 12.19 notes","2022-10-05","Shyvana","adjust",0,0,0,"general","","Base and %HP damage shifted into AD/AP ratios on W, E, R for alternative builds.","https://www.leagueoflegends.com/en-us/news/game-updates/patch-12-19-notes/"
2022,"12.19","Patch 12.19 notes","2022-10-05","Sona","buff",2,0,0,"general","","Q base damage and Power Chord E slow increased.","https://www.leagueoflegends.com/en-us/news/game-updates/patch-12-19-notes/"
2022,"12.19","Patch 12.19 notes","2022-10-05","Tahm Kench","buff",2,0,0,"general","","Q and W AP ratios increased for AP builds.","https://www.leagueoflegends.com/en-us/news/game-updates/patch-12-19-notes/"
2022,"12.19","Patch 12.19 notes","2022-10-05","Twitch","buff",1,0,0,"general","","Passive and E AP ratios slightly increased for AP builds.","https://www.leagueoflegends.com/en-us/news/game-updates/patch-12-19-notes/"
2022,"12.19","Patch 12.19 notes","2022-10-05","Udyr","buff",2,0,0,"revert","12.18","Damage and healing vs minions increased; recent nerfs hit top lane Udyr harder than intended.","https://www.leagueoflegends.com/en-us/news/game-updates/patch-12-19-notes/"
2022,"12.20","Patch 12.20 notes","2022-10-19","Aatrox","nerf",1,0,0,"general","12.19","Passive heal reduced from 100% to 80% of damage; still strong after last patch's Eclipse nerf.","https://www.leagueoflegends.com/en-us/news/game-updates/patch-12-20-notes/"
2022,"12.20","Patch 12.20 notes","2022-10-19","Akshan","buff",1,0,0,"unstated","","E swing duration made infinite; bugfixes for spinning in place.","https://www.leagueoflegends.com/en-us/news/game-updates/patch-12-20-notes/"
2022,"12.20","Patch 12.20 notes","2022-10-19","Blitzcrank","adjust",0,0,0,"general","12.19","Support power cut (base AD/AS, E vs champions); W monster damage up for jungle; passive shield scales.","https://www.leagueoflegends.com/en-us/news/game-updates/patch-12-20-notes/"
2022,"12.20","Patch 12.20 notes","2022-10-19","Elise","buff",1,0,0,"general","","Human Q range now measured edge-to-edge; slight effective range increase for smoother combos.","https://www.leagueoflegends.com/en-us/news/game-updates/patch-12-20-notes/"
2022,"12.20","Patch 12.20 notes","2022-10-19","Evelynn","buff",2,0,0,"general","","Q bonus damage to marked targets and W charm duration increased.","https://www.leagueoflegends.com/en-us/news/game-updates/patch-12-20-notes/"
2022,"12.20","Patch 12.20 notes","2022-10-19","Gwen","buff",2,0,0,"general","","Q per-snip and final snip base damage increased for mid-game power.","https://www.leagueoflegends.com/en-us/news/game-updates/patch-12-20-notes/"
2022,"12.20","Patch 12.20 notes","2022-10-19","Jayce","buff",2,0,0,"general","","W mana restoration increased; R hammer resists now scale with bonus AD.","https://www.leagueoflegends.com/en-us/news/game-updates/patch-12-20-notes/"
2022,"12.20","Patch 12.20 notes","2022-10-19","Kennen","buff",1,0,0,"unstated","","E bonus attack speed can now exceed the attack speed cap.","https://www.leagueoflegends.com/en-us/news/game-updates/patch-12-20-notes/"
2022,"12.20","Patch 12.20 notes","2022-10-19","Maokai","nerf",2,0,0,"general","","Passive max-health healing reduced and R cooldown increased at later ranks.","https://www.leagueoflegends.com/en-us/news/game-updates/patch-12-20-notes/"
2022,"12.20","Patch 12.20 notes","2022-10-19","Rammus","buff",2,0,0,"revert","12.19","W self-slow removed and R dash speed increased to offset 12.19 bugfix nerf.","https://www.leagueoflegends.com/en-us/news/game-updates/patch-12-20-notes/"
2022,"12.20","Patch 12.20 notes","2022-10-19","Sett","nerf",1,0,0,"general","","Base MR and early passive regen reduced to weaken mid lane; right punch AD ratio up.","https://www.leagueoflegends.com/en-us/news/game-updates/patch-12-20-notes/"
2022,"12.20","Patch 12.20 notes","2022-10-19","Wukong","buff",1,0,0,"general","","R AD ratio increased from 220% to 275%.","https://www.leagueoflegends.com/en-us/news/game-updates/patch-12-20-notes/"
2022,"12.20","Patch 12.20 notes","2022-10-19","Ziggs","buff",1,0,0,"general","","Q base damage increased by 10 at all ranks.","https://www.leagueoflegends.com/en-us/news/game-updates/patch-12-20-notes/"
2022,"12.20","Patch 12.20 notes","2022-10-19","Akshan","bugfix",0,0,1,"general","","Hotfix: E no longer swings infinitely on player-made terrain; E recast and reveal bugfixes.","https://leagueoflegends.fandom.com/wiki/V12.20"
2022,"12.21","Patch 12.21 notes","2022-11-02","Ahri","buff",2,0,0,"general","12.17","Q mana cost reduced and AP ratio increased after 12.17 charm nerf left her weak.","https://www.leagueoflegends.com/en-us/news/game-updates/patch-12-21-notes/"
2022,"12.21","Patch 12.21 notes","2022-11-02","Bel'Veth","nerf",2,0,0,"general","","E cooldown increased and Void Remora health reduced.","https://www.leagueoflegends.com/en-us/news/game-updates/patch-12-21-notes/"
2022,"12.21","Patch 12.21 notes","2022-11-02","Blitzcrank","nerf",2,0,0,"general","12.20","Base health, magic resist and W attack speed reduced; support too strong after jungle buffs.","https://www.leagueoflegends.com/en-us/news/game-updates/patch-12-21-notes/"
2022,"12.21","Patch 12.21 notes","2022-11-02","Corki","buff",2,0,0,"general","","Health growth and AD growth increased.","https://www.leagueoflegends.com/en-us/news/game-updates/patch-12-21-notes/"
2022,"12.21","Patch 12.21 notes","2022-11-02","Malzahar","buff",1,0,0,"general","","E now executes low-health minions.","https://www.leagueoflegends.com/en-us/news/game-updates/patch-12-21-notes/"
2022,"12.21","Patch 12.21 notes","2022-11-02","Miss Fortune","nerf",1,0,0,"general","12.17","E slow reduced to weaken early game; E and R AP ratios increased for AP builds.","https://www.leagueoflegends.com/en-us/news/game-updates/patch-12-21-notes/"
2022,"12.21","Patch 12.21 notes","2022-11-02","Ornn","bugfix",0,0,0,"general","","R slow set to 60% at all ranks, formalizing a bug; no change versus live.","https://www.leagueoflegends.com/en-us/news/game-updates/patch-12-21-notes/"
2022,"12.21","Patch 12.21 notes","2022-11-02","Xin Zhao","buff",2,0,0,"general","","Passive third-hit AD ratio and heal AP ratio increased; E cooldown reduced.","https://www.leagueoflegends.com/en-us/news/game-updates/patch-12-21-notes/"
2022,"12.21","Patch 12.21 notes","2022-11-02","Heimerdinger","bugfix",0,0,1,"general","","Hotfix: R-empowered Q no longer resets W and E cooldowns.","https://www.leagueoflegends.com/en-us/news/game-updates/patch-12-21-notes/"
2022,"12.21","Patch 12.21 notes","2022-11-02","Syndra","bugfix",0,0,1,"general","","Hotfix: E no longer displaces crowd-control-immune units like Olaf during R.","https://www.leagueoflegends.com/en-us/news/game-updates/patch-12-21-notes/"
2022,"12.21","Patch 12.21 notes","2022-11-08","K'Sante","bugfix",0,0,1,"general","","Hotfix: fixed extended knock-up when K'Sante dies during R through terrain.","https://www.leagueoflegends.com/en-us/news/game-updates/patch-12-21-notes/"
2022,"12.22","Patch 12.22 notes","2022-11-16","Cho'Gath","buff",1,0,0,"system_compensation","","R damage to non-champions increased to stay competitive with new Smite damage.","https://www.leagueoflegends.com/en-us/news/game-updates/patch-12-22-notes/"
2022,"12.22","Patch 12.22 notes","2022-11-16","Lillia","adjust",0,0,0,"general","","Changed from ranged to melee; base health and passive healing preemptively reduced.","https://www.leagueoflegends.com/en-us/news/game-updates/patch-12-22-notes/"
2022,"12.22","Patch 12.22 notes","2022-11-16","Nunu & Willump","buff",1,0,0,"system_compensation","","Q true damage to non-champions increased to stay competitive with new Smite damage.","https://www.leagueoflegends.com/en-us/news/game-updates/patch-12-22-notes/"
2022,"12.22","Patch 12.22 notes","2022-11-16","Rakan","adjust",0,0,0,"general","","Changed from ranged to melee to match player expectations.","https://www.leagueoflegends.com/en-us/news/game-updates/patch-12-22-notes/"
2022,"12.22","Patch 12.22 notes","2022-11-17","Amumu","buff",2,0,1,"unstated","","Hotfix: E base damage and cooldown reduction when hit by attacks increased.","https://www.leagueoflegends.com/en-us/news/game-updates/patch-12-22-notes/"
2022,"12.22","Patch 12.22 notes","2022-11-17","Ivern","buff",2,0,1,"unstated","","Hotfix: passive health and mana costs reduced; Daisy dragon kill credit bugfix.","https://www.leagueoflegends.com/en-us/news/game-updates/patch-12-22-notes/"
2022,"12.22","Patch 12.22 notes","2022-11-17","Karthus","bugfix",0,0,1,"general","","Hotfix: fixed passive momentarily reviving with Chemtech Soul.","https://www.leagueoflegends.com/en-us/news/game-updates/patch-12-22-notes/"
2022,"12.22","Patch 12.22 notes","2022-11-17","Kindred","buff",1,0,1,"unstated","","Hotfix: Q bonus attack speed increased from 25% to 35%.","https://www.leagueoflegends.com/en-us/news/game-updates/patch-12-22-notes/"
2022,"12.22","Patch 12.22 notes","2022-11-17","Maokai","buff",1,0,1,"unstated","","Hotfix: empowered E slow bonus health and AP ratios increased.","https://www.leagueoflegends.com/en-us/news/game-updates/patch-12-22-notes/"
2022,"12.22","Patch 12.22 notes","2022-11-17","Rammus","buff",2,0,1,"unstated","","Hotfix: W base bonus armor and magic resistance increased.","https://www.leagueoflegends.com/en-us/news/game-updates/patch-12-22-notes/"
2022,"12.22","Patch 12.22 notes","2022-11-17","Shaco","bugfix",0,0,1,"general","","Hotfix: fixed W boxes not dealing bonus damage.","https://www.leagueoflegends.com/en-us/news/game-updates/patch-12-22-notes/"
2022,"12.22","Patch 12.22 notes","2022-11-17","Viego","bugfix",0,0,1,"general","","Hotfix: fixed loss of bonus jungle experience after ending possession.","https://www.leagueoflegends.com/en-us/news/game-updates/patch-12-22-notes/"
2022,"12.22","Patch 12.22 notes","2022-11-22","Neeko","bugfix",0,0,1,"general","","Hotfix: fixed passive disguising as towers and copying their damage.","https://www.leagueoflegends.com/en-us/news/game-updates/patch-12-22-notes/"
2022,"12.23","Patch 12.23 notes","2022-12-07","Amumu","buff",2,0,0,"system_compensation","12.22","Health growth, W and late E damage up to fix clear after tank item/jungle changes; Q mana up.","https://www.leagueoflegends.com/en-us/news/game-updates/patch-12-23-notes/"
2022,"12.23","Patch 12.23 notes","2022-12-07","Cho'Gath","buff",2,0,0,"system_compensation","12.22","Passive mana, W damage up and R cooldown scales down after losing Immolate access.","https://www.leagueoflegends.com/en-us/news/game-updates/patch-12-23-notes/"
2022,"12.23","Patch 12.23 notes","2022-12-07","Dr. Mundo","buff",3,0,0,"general","","Full kit adjustment making W and R much stronger late; base stats and passive retuned.","https://www.leagueoflegends.com/en-us/news/game-updates/patch-12-23-notes/"
2022,"12.23","Patch 12.23 notes","2022-12-07","K'Sante","buff",2,0,0,"general","","Health regen and growth up; E partial attack reset and wall forgiveness for average players.","https://www.leagueoflegends.com/en-us/news/game-updates/patch-12-23-notes/"
2022,"12.23","Patch 12.23 notes","2022-12-07","Kassadin","adjust",0,0,0,"general","","Q shield base up, AP ratio down; E no longer needs stacks, longer cooldown reduced by nearby spells.","https://www.leagueoflegends.com/en-us/news/game-updates/patch-12-23-notes/"
2022,"12.23","Patch 12.23 notes","2022-12-07","Kayn","buff",2,0,0,"system_compensation","12.22","Shadow Assassin passive damage and E heal ratio up after Durability Update and preseason losses.","https://www.leagueoflegends.com/en-us/news/game-updates/patch-12-23-notes/"
2022,"12.23","Patch 12.23 notes","2022-12-07","Lillia","nerf",1,0,0,"general","12.22","Q base damage flattened, lower at later ranks, after melee change overpowered her.","https://www.leagueoflegends.com/en-us/news/game-updates/patch-12-23-notes/"
2022,"12.23","Patch 12.23 notes","2022-12-07","Malphite","buff",2,0,0,"system_compensation","12.22","E damage and armor ratio up, flat mana cost, restoring waveclear lost with Immolate.","https://www.leagueoflegends.com/en-us/news/game-updates/patch-12-23-notes/"
2022,"12.23","Patch 12.23 notes","2022-12-07","Maokai","buff",2,0,0,"system_compensation","12.22","Passive heal and Q damage, especially vs monsters, increased after losing Sunfire/Immolate.","https://www.leagueoflegends.com/en-us/news/game-updates/patch-12-23-notes/"
2022,"12.23","Patch 12.23 notes","2022-12-07","Mordekaiser","nerf",2,0,0,"system_compensation","12.22","Passive monster damage cap cut and only large monsters grant stacks after 12.22 jungle gains.","https://www.leagueoflegends.com/en-us/news/game-updates/patch-12-23-notes/"
2022,"12.23","Patch 12.23 notes","2022-12-07","Shyvana","nerf",1,0,0,"system_compensation","12.22","E marked-target %HP damage reduced after preseason jungle changes boosted her.","https://www.leagueoflegends.com/en-us/news/game-updates/patch-12-23-notes/"
2022,"12.23","Patch 12.23 notes","2022-12-07","Sion","buff",2,0,0,"system_compensation","12.22","Base mana, mana growth and Q base damage increased to offset Immolate loss.","https://www.leagueoflegends.com/en-us/news/game-updates/patch-12-23-notes/"
2022,"12.23","Patch 12.23 notes","2022-12-07","Syndra","nerf",2,0,0,"general","12.19","E cooldown up and AP ratio down; W Transcendent damage reshaped; Q cooldown bugfix.","https://www.leagueoflegends.com/en-us/news/game-updates/patch-12-23-notes/"
2022,"12.23","Patch 12.23 notes","2022-12-07","Tahm Kench","buff",3,0,0,"system_compensation","12.22","Buffs across passive, Q, W, E, R for tank and AP builds after preseason hurt him.","https://www.leagueoflegends.com/en-us/news/game-updates/patch-12-23-notes/"
2022,"12.23","Patch 12.23 notes","2022-12-07","Trundle","nerf",2,0,0,"system_compensation","12.22","Base attack speed and R %HP damage reduced after benefiting from preseason jungle changes.","https://www.leagueoflegends.com/en-us/news/game-updates/patch-12-23-notes/"
2022,"12.23","Patch 12.23 notes","2022-12-07","Yuumi","nerf",2,1,0,"pro_play","","Passive cooldown up and R root shortened to curb frustration and power in Elite/Pro play.","https://www.leagueoflegends.com/en-us/news/game-updates/patch-12-23-notes/"
2022,"12.23","Patch 12.23 notes","2022-12-07","Zac","buff",2,0,0,"system_compensation","12.22","Passive healing and Q health scaling up, Q cooldown down to offset Immolate loss.","https://www.leagueoflegends.com/en-us/news/game-updates/patch-12-23-notes/"
2022,"12.23","Patch 12.23 notes","2022-12-07","Zeri","rework",0,1,0,"pro_play","","Full kit update: shorter Q range, higher damage and base stats, reworked E and R.","https://www.leagueoflegends.com/en-us/news/game-updates/patch-12-23-notes/"
2022,"12.23","Patch 12.23 notes","2022-12-14","Dr. Mundo","nerf",2,0,1,"unstated","","Hotfix: regen growth and passive regen down, health costs up, R cooldown up.","https://www.leagueoflegends.com/en-us/news/game-updates/patch-12-23-notes/"
2022,"12.23","Patch 12.23 notes","2022-12-14","Hecarim","nerf",1,0,1,"unstated","","Hotfix: Q bonus damage per stack and its bonus AD ratio reduced.","https://www.leagueoflegends.com/en-us/news/game-updates/patch-12-23-notes/"
2022,"12.23","Patch 12.23 notes","2022-12-14","Janna","nerf",2,0,1,"unstated","","Hotfix: passive move speed and E bonus AD reduced.","https://www.leagueoflegends.com/en-us/news/game-updates/patch-12-23-notes/"
2022,"12.23","Patch 12.23 notes","2022-12-14","Lillia","nerf",2,0,1,"unstated","","Hotfix: passive %HP damage and Q base damage reduced.","https://www.leagueoflegends.com/en-us/news/game-updates/patch-12-23-notes/"
2022,"12.23","Patch 12.23 notes","2022-12-14","Lux","buff",2,0,1,"unstated","","Hotfix: E and R AP ratios increased.","https://www.leagueoflegends.com/en-us/news/game-updates/patch-12-23-notes/"
2022,"12.23","Patch 12.23 notes","2022-12-14","Mordekaiser","bugfix",0,0,1,"general","","Hotfix: fixed passive stacking from abilities on small monsters.","https://www.leagueoflegends.com/en-us/news/game-updates/patch-12-23-notes/"
2022,"12.23","Patch 12.23 notes","2022-12-14","Nilah","adjust",0,0,1,"unstated","","Hotfix: Q AD ratio down but crit scaling and healing up; R bonus AD ratio down, healing reshaped.","https://www.leagueoflegends.com/en-us/news/game-updates/patch-12-23-notes/"
2022,"12.23","Patch 12.23 notes","2022-12-14","Rammus","nerf",2,0,1,"revert","12.22","Hotfix: W armor and MR returned to pre-12.22-hotfix values; W cooldown increased.","https://www.leagueoflegends.com/en-us/news/game-updates/patch-12-23-notes/"
2022,"12.23","Patch 12.23 notes","2022-12-14","Udyr","adjust",0,0,1,"unstated","","Hotfix: Q damage reduced; W/E/R mana costs lowered; R base damage increased.","https://www.leagueoflegends.com/en-us/news/game-updates/patch-12-23-notes/"
2022,"12.23","Patch 12.23 notes","2022-12-14","Zed","nerf",2,0,1,"unstated","","Hotfix: Q and E base damage reduced; E cooldown increased.","https://www.leagueoflegends.com/en-us/news/game-updates/patch-12-23-notes/"
2023,"13.20","Patch 13.20 Notes","2023-10-11","Akshan","nerf",2,1,0,"general","13.17","Early Q move speed and E damage reduced; too strong in skilled and Elite solo queue.","https://www.leagueoflegends.com/en-us/news/game-updates/patch-13-20-notes/"
2023,"13.20","Patch 13.20 Notes","2023-10-11","Bel'Veth","adjust",0,1,0,"general","","Power shifted from early/bruiser to late crit builds; E can crit; passive and R retuned.","https://www.leagueoflegends.com/en-us/news/game-updates/patch-13-20-notes/"
2023,"13.20","Patch 13.20 Notes","2023-10-11","Galio","buff",2,0,0,"general","13.19","W cooldown and shield timer reduced after last patch's buff underdelivered.","https://www.leagueoflegends.com/en-us/news/game-updates/patch-13-20-notes/"
2023,"13.20","Patch 13.20 Notes","2023-10-11","Jinx","buff",2,0,0,"general","","Health growth, stacking passive, R cooldown and damage buffed for average brackets, not Pro.","https://www.leagueoflegends.com/en-us/news/game-updates/patch-13-20-notes/"
2023,"13.20","Patch 13.20 Notes","2023-10-11","K'Sante","rework",0,1,0,"pro_play","","Kit update: slower combo start, no Flash in Q3; stronger W and All Out; balanced away from Pro.","https://www.leagueoflegends.com/en-us/news/game-updates/patch-13-20-notes/"
2023,"13.20","Patch 13.20 Notes","2023-10-11","Kai'Sa","nerf",1,1,0,"general","","Base armor reduced to add early laning weakness in high-skill play.","https://www.leagueoflegends.com/en-us/news/game-updates/patch-13-20-notes/"
2023,"13.20","Patch 13.20 Notes","2023-10-11","Milio","buff",2,0,0,"revert","","Burns proc items via allies; E cooldown/shield and R healing up after pro-driven nerfs.","https://www.leagueoflegends.com/en-us/news/game-updates/patch-13-20-notes/"
2023,"13.20","Patch 13.20 Notes","2023-10-11","Morgana","buff",2,0,0,"general","","W AP ratio and monster damage, R speed, stun and damage up; E cooldown up early.","https://www.leagueoflegends.com/en-us/news/game-updates/patch-13-20-notes/"
2023,"13.20","Patch 13.20 Notes","2023-10-11","Quinn","nerf",2,0,0,"general","13.17","Base health and move speed reduced, AD growth up; 13.17 changes made her too strong.","https://www.leagueoflegends.com/en-us/news/game-updates/patch-13-20-notes/"
2023,"13.20","Patch 13.20 Notes","2023-10-11","Zed","nerf",1,1,0,"general","","W cooldown increased at higher ranks to curb high-skill W-max-second optimization.","https://www.leagueoflegends.com/en-us/news/game-updates/patch-13-20-notes/"
2023,"13.20","Patch 13.20 Notes","2023-10-11","Ziggs","buff",1,0,0,"revert","4.11","Q explosion hitbox increased, reverting a nerf from patch 4.11.","https://www.leagueoflegends.com/en-us/news/game-updates/patch-13-20-notes/"
2023,"13.20","Patch 13.20 Notes","2023-10-11","Illaoi","bugfix",0,0,1,"general","","Hotfix: E spirit no longer has zero duration when cloning resourceless champions.","https://leagueoflegends.fandom.com/wiki/V13.20"
2023,"13.20","Patch 13.20 Notes","2023-10-11","Jax","bugfix",0,0,1,"general","","Hotfix: E cooldown and R mana cost restored to intended values after visual update error.","https://leagueoflegends.fandom.com/wiki/V13.20"
2023,"13.20","Patch 13.20 Notes","2023-10-11","Tryndamere","bugfix",0,0,1,"general","","Hotfix: E hit radius restored to 225 at every rank.","https://leagueoflegends.fandom.com/wiki/V13.20"
2023,"13.21","Patch 13.21 Notes","2023-10-25","Aurelion Sol","nerf",2,0,0,"system_compensation","13.20","Q automatic level scaling removed; late-game scaler gained from 13.20 anti-snowball changes.","https://www.leagueoflegends.com/en-us/news/game-updates/patch-13-21-notes/"
2023,"13.21","Patch 13.21 Notes","2023-10-25","Bel'Veth","buff",1,0,0,"revert","13.20","E cooldown reduced, dialing back last patch's nerfs.","https://www.leagueoflegends.com/en-us/news/game-updates/patch-13-21-notes/"
2023,"13.21","Patch 13.21 Notes","2023-10-25","Brand","buff",2,0,0,"general","","Attack speed, armor and passive monster damage up for jungle/mid; E damage slightly reduced.","https://www.leagueoflegends.com/en-us/news/game-updates/patch-13-21-notes/"
2023,"13.21","Patch 13.21 Notes","2023-10-25","Briar","nerf",2,0,0,"system_compensation","13.20","Attack speed growth and W scaling reduced, passive heal up; big winner of 13.20 jungle changes.","https://www.leagueoflegends.com/en-us/news/game-updates/patch-13-21-notes/"
2023,"13.21","Patch 13.21 Notes","2023-10-25","Caitlyn","nerf",2,0,0,"general","","R cooldown up and damage down for lethality builds; crit scaling on R and headshot up.","https://www.leagueoflegends.com/en-us/news/game-updates/patch-13-21-notes/"
2023,"13.21","Patch 13.21 Notes","2023-10-25","Dr. Mundo","nerf",2,0,0,"system_compensation","13.20","E bonus AD reduced after he benefited too much from last patch's adjustments.","https://www.leagueoflegends.com/en-us/news/game-updates/patch-13-21-notes/"
2023,"13.21","Patch 13.21 Notes","2023-10-25","Hecarim","buff",2,0,0,"system_compensation","13.20","AD growth and W duration increased after Gustwalker nerfs.","https://www.leagueoflegends.com/en-us/news/game-updates/patch-13-21-notes/"
2023,"13.21","Patch 13.21 Notes","2023-10-25","Jinx","nerf",1,0,0,"revert","13.20","Passive stacks capped at 5 and only champion takedowns add stacks, walking back last patch.","https://www.leagueoflegends.com/en-us/news/game-updates/patch-13-21-notes/"
2023,"13.21","Patch 13.21 Notes","2023-10-25","K'Sante","buff",3,0,0,"general","13.20","All Out passive damage, W channel and R healing buffed; Q health threshold lowered; bugfixes.","https://www.leagueoflegends.com/en-us/news/game-updates/patch-13-21-notes/"
2023,"13.21","Patch 13.21 Notes","2023-10-25","LeBlanc","buff",2,0,0,"general","13.19","W and E tether AP ratios increased for AP builds struggling after 13.19 changes.","https://www.leagueoflegends.com/en-us/news/game-updates/patch-13-21-notes/"
2023,"13.21","Patch 13.21 Notes","2023-10-25","Master Yi","buff",1,0,0,"system_compensation","13.20","E cooldown reduced from 18 to 14 seconds after AD jungle changes hurt him.","https://www.leagueoflegends.com/en-us/news/game-updates/patch-13-21-notes/"
2023,"13.21","Patch 13.21 Notes","2023-10-25","Morgana","buff",1,0,0,"general","13.20","W damage and monster modifier increased for mid and jungle.","https://www.leagueoflegends.com/en-us/news/game-updates/patch-13-21-notes/"
2023,"13.21","Patch 13.21 Notes","2023-10-25","Rammus","nerf",2,0,0,"system_compensation","13.20","Q damage and W armor reduced after 13.20 pet and anti-snowball changes boosted him.","https://www.leagueoflegends.com/en-us/news/game-updates/patch-13-21-notes/"
2023,"13.21","Patch 13.21 Notes","2023-10-25","Seraphine","adjust",0,0,0,"general","","Stats and abilities reshuffled toward base damage and lower cooldowns to balance support, bot, mid.","https://www.leagueoflegends.com/en-us/news/game-updates/patch-13-21-notes/"
2023,"13.21","Patch 13.21 Notes","2023-10-25","Tahm Kench","buff",2,0,0,"general","","Passive bonus health scaling and W cooldown refund increased.","https://www.leagueoflegends.com/en-us/news/game-updates/patch-13-21-notes/"
2023,"13.21","Patch 13.21 Notes","2023-10-25","Varus","buff",2,0,0,"system_compensation","13.20","W damage and E slow increased as compensation for 13.20 anti-snowballing losses.","https://www.leagueoflegends.com/en-us/news/game-updates/patch-13-21-notes/"
2023,"13.21","Patch 13.21 Notes","2023-10-25","Zyra","buff",2,0,0,"general","","Attack speed, Q damage and AP scaling increased to make mid and jungle viable.","https://www.leagueoflegends.com/en-us/news/game-updates/patch-13-21-notes/"
2023,"13.21","Patch 13.21 Notes","2023-10-25","Ivern","buff",1,0,0,"general","13.20","Enchanter parity: W proc damage now counts as own damage for items/runes, like Milio.","https://www.leagueoflegends.com/en-us/news/game-updates/patch-13-21-notes/"
2023,"13.21","Patch 13.21 Notes","2023-10-25","Leona","buff",1,0,0,"general","13.20","Enchanter parity: passive proc damage now counts as own damage for items/runes, like Milio.","https://www.leagueoflegends.com/en-us/news/game-updates/patch-13-21-notes/"
2023,"13.21","Patch 13.21 Notes","2023-10-25","Lulu","buff",1,0,0,"general","13.20","Enchanter parity: passive and E proc damage now counts as own damage for items/runes, like Milio.","https://www.leagueoflegends.com/en-us/news/game-updates/patch-13-21-notes/"
2023,"13.21","Patch 13.21 Notes","2023-10-25","Nami","buff",1,0,0,"general","13.20","Enchanter parity: E proc damage now counts as own damage for items/runes, like Milio.","https://www.leagueoflegends.com/en-us/news/game-updates/patch-13-21-notes/"
2023,"13.21","Patch 13.21 Notes","2023-10-25","Renata Glasc","buff",1,0,0,"general","13.20","Enchanter parity: passive proc damage now counts as own damage for items/runes, like Milio.","https://www.leagueoflegends.com/en-us/news/game-updates/patch-13-21-notes/"
2023,"13.21","Patch 13.21 Notes","2023-10-25","Sona","buff",1,0,0,"general","13.20","Enchanter parity: empowered Q proc damage now counts as own damage for items/runes, like Milio.","https://www.leagueoflegends.com/en-us/news/game-updates/patch-13-21-notes/"
2023,"13.21","Patch 13.21 Notes","2023-10-25","Yuumi","buff",1,0,0,"general","13.20","Enchanter parity: empowered Q proc damage now counts as own damage for items/runes, like Milio.","https://www.leagueoflegends.com/en-us/news/game-updates/patch-13-21-notes/"
2023,"13.21","Patch 13.21 Notes","2023-10-26","K'Sante","nerf",1,0,1,"unstated","","Hotfix: bonus health required for minimum Q cast time raised from 1200 to 1600.","https://www.leagueoflegends.com/en-us/news/game-updates/patch-13-21-notes/"
2023,"13.21","Patch 13.21 Notes","2023-10-26","Ivern","bugfix",0,0,1,"general","","Hotfix: fixed Rift Herald ignoring Daisy and aggroing Ivern.","https://www.leagueoflegends.com/en-us/news/game-updates/patch-13-21-notes/"
2023,"13.22","Patch 13.22 Notes","2023-11-08","Brand","buff",1,0,0,"general","13.21","Passive monster damage and E damage nudged up for mid and jungle.","https://www.leagueoflegends.com/en-us/news/game-updates/patch-13-22-notes/"
2023,"13.22","Patch 13.22 Notes","2023-11-08","Briar","nerf",2,0,0,"general","","Q damage and armor shred, R damage and AD ratio reduced, targeting lethality builds.","https://www.leagueoflegends.com/en-us/news/game-updates/patch-13-22-notes/"
2023,"13.22","Patch 13.22 Notes","2023-11-08","Dr. Mundo","buff",1,0,0,"revert","13.21","Partially reverts last patch's E passive bonus AD nerf.","https://www.leagueoflegends.com/en-us/news/game-updates/patch-13-22-notes/"
2023,"13.22","Patch 13.22 Notes","2023-11-08","Gragas","buff",2,0,0,"general","","E cooldown refund now 40% of remaining cooldown; R travel time reduced.","https://www.leagueoflegends.com/en-us/news/game-updates/patch-13-22-notes/"
2023,"13.22","Patch 13.22 Notes","2023-11-08","Graves","nerf",1,0,0,"system_compensation","13.20","E armor per stack reduced; benefited from 13.20 jungle companion changes.","https://www.leagueoflegends.com/en-us/news/game-updates/patch-13-22-notes/"
2023,"13.22","Patch 13.22 Notes","2023-11-08","Janna","rework",0,0,0,"general","","Kit update toward aggressive auto/W harass: new passive damage, Q/W/E reworked, stats changed.","https://www.leagueoflegends.com/en-us/news/game-updates/patch-13-22-notes/"
2023,"13.22","Patch 13.22 Notes","2023-11-08","Kassadin","nerf",1,0,0,"system_compensation","13.20","E and zero-stack R AP ratios reduced after benefiting from reduced snowballing.","https://www.leagueoflegends.com/en-us/news/game-updates/patch-13-22-notes/"
2023,"13.22","Patch 13.22 Notes","2023-11-08","Nilah","nerf",2,0,0,"general","","Q bonus attack speed and R bonus AD ratios reduced.","https://www.leagueoflegends.com/en-us/news/game-updates/patch-13-22-notes/"
2023,"13.22","Patch 13.22 Notes","2023-11-08","Rammus","buff",1,0,0,"revert","13.21","W bonus armor increased, unwinding some 13.21 nerfs.","https://www.leagueoflegends.com/en-us/news/game-updates/patch-13-22-notes/"
2023,"13.22","Patch 13.22 Notes","2023-11-08","Senna","nerf",2,1,0,"system_compensation","13.20","Q damage and healing reduced; gained from 13.20 anti-snowballing, especially in Elite play.","https://www.leagueoflegends.com/en-us/news/game-updates/patch-13-22-notes/"
2023,"13.22","Patch 13.22 Notes","2023-11-08","Seraphine","nerf",2,0,0,"revert","13.21","Passive reshaped, 13.21 Q cooldown buff reverted, W shield ratio cut; bot lane too strong.","https://www.leagueoflegends.com/en-us/news/game-updates/patch-13-22-notes/"
2023,"13.22","Patch 13.22 Notes","2023-11-08","Tahm Kench","nerf",1,0,0,"revert","13.21","Passive bonus health ratio reduced, walking back part of last patch's buff.","https://www.leagueoflegends.com/en-us/news/game-updates/patch-13-22-notes/"
2023,"13.22","Patch 13.22 Notes","2023-11-08","Ziggs","nerf",1,0,0,"general","13.20","Base armor reduced after 13.20 Q buff; minor attack windup improvement.","https://www.leagueoflegends.com/en-us/news/game-updates/patch-13-22-notes/"
2023,"13.22","Patch 13.22 Notes","2023-11-08","Ahri","adjust",0,0,0,"general","","Mage attack sweep: windup to 20%, attack speed growth up, attack speed ratio down.","https://www.leagueoflegends.com/en-us/news/game-updates/patch-13-22-notes/"
2023,"13.22","Patch 13.22 Notes","2023-11-08","Anivia","buff",1,0,0,"general","","Mage attack sweep: base attack speed increased.","https://www.leagueoflegends.com/en-us/news/game-updates/patch-13-22-notes/"
2023,"13.22","Patch 13.22 Notes","2023-11-08","Annie","buff",1,0,0,"general","","Mage attack sweep: base attack speed, ratio and attack missile speed increased.","https://www.leagueoflegends.com/en-us/news/game-updates/patch-13-22-notes/"
2023,"13.22","Patch 13.22 Notes","2023-11-08","Cassiopeia","buff",1,0,0,"general","","Mage attack sweep: basic attack missile speed increased.","https://www.leagueoflegends.com/en-us/news/game-updates/patch-13-22-notes/"
2023,"13.22","Patch 13.22 Notes","2023-11-08","Heimerdinger","buff",1,0,0,"general","","Mage attack sweep: base attack speed and windup improved.","https://www.leagueoflegends.com/en-us/news/game-updates/patch-13-22-notes/"
2023,"13.22","Patch 13.22 Notes","2023-11-08","Ivern","buff",1,0,0,"general","","Mage attack sweep: attack windup improved; alternate attack animation restored.","https://www.leagueoflegends.com/en-us/news/game-updates/patch-13-22-notes/"
2023,"13.22","Patch 13.22 Notes","2023-11-08","Karthus","buff",1,0,0,"general","","Mage attack sweep: basic attack missile speed increased.","https://www.leagueoflegends.com/en-us/news/game-updates/patch-13-22-notes/"
2023,"13.22","Patch 13.22 Notes","2023-11-08","LeBlanc","buff",1,0,0,"general","","Mage attack sweep: base attack speed and ratio up, attack speed growth down.","https://www.leagueoflegends.com/en-us/news/game-updates/patch-13-22-notes/"
2023,"13.22","Patch 13.22 Notes","2023-11-08","Lissandra","buff",1,0,0,"general","","Mage attack sweep: attack speed growth increased.","https://www.leagueoflegends.com/en-us/news/game-updates/patch-13-22-notes/"
2023,"13.22","Patch 13.22 Notes","2023-11-08","Neeko","buff",1,0,0,"general","","Mage attack sweep: attack windup improved.","https://www.leagueoflegends.com/en-us/news/game-updates/patch-13-22-notes/"
2023,"13.22","Patch 13.22 Notes","2023-11-08","Orianna","buff",1,0,0,"general","","Mage attack sweep: basic attack missile speed increased.","https://www.leagueoflegends.com/en-us/news/game-updates/patch-13-22-notes/"
2023,"13.22","Patch 13.22 Notes","2023-11-08","Rumble","buff",1,0,0,"general","","Mage attack sweep: attack windup improved.","https://www.leagueoflegends.com/en-us/news/game-updates/patch-13-22-notes/"
2023,"13.22","Patch 13.22 Notes","2023-11-08","Ryze","buff",1,0,0,"general","","Mage attack sweep: base attack speed increased.","https://www.leagueoflegends.com/en-us/news/game-updates/patch-13-22-notes/"
2023,"13.22","Patch 13.22 Notes","2023-11-08","Singed","buff",1,0,0,"general","","Mage attack sweep: base attack speed, ratio and windup improved.","https://www.leagueoflegends.com/en-us/news/game-updates/patch-13-22-notes/"
2023,"13.22","Patch 13.22 Notes","2023-11-08","Syndra","buff",1,0,0,"general","","Mage attack sweep: base attack speed increased.","https://www.leagueoflegends.com/en-us/news/game-updates/patch-13-22-notes/"
2023,"13.22","Patch 13.22 Notes","2023-11-08","Taliyah","buff",1,0,0,"general","","Mage attack sweep: base attack speed increased.","https://www.leagueoflegends.com/en-us/news/game-updates/patch-13-22-notes/"
2023,"13.22","Patch 13.22 Notes","2023-11-08","Teemo","buff",1,0,0,"general","","Mage attack sweep: attack missile speed and windup improved.","https://www.leagueoflegends.com/en-us/news/game-updates/patch-13-22-notes/"
2023,"13.22","Patch 13.22 Notes","2023-11-08","Twisted Fate","buff",1,0,0,"general","","Mage attack sweep: attack windup improved.","https://www.leagueoflegends.com/en-us/news/game-updates/patch-13-22-notes/"
2023,"13.22","Patch 13.22 Notes","2023-11-08","Veigar","buff",1,0,0,"general","","Mage attack sweep: basic attack missile speed increased.","https://www.leagueoflegends.com/en-us/news/game-updates/patch-13-22-notes/"
2023,"13.22","Patch 13.22 Notes","2023-11-08","Vel'Koz","buff",1,0,0,"general","","Mage attack sweep: base attack speed and attack speed growth increased.","https://www.leagueoflegends.com/en-us/news/game-updates/patch-13-22-notes/"
2023,"13.22","Patch 13.22 Notes","2023-11-08","Xerath","buff",1,0,0,"general","","Mage attack sweep: windup and base attack speed improved; animation pattern evened.","https://www.leagueoflegends.com/en-us/news/game-updates/patch-13-22-notes/"
2023,"13.22","Patch 13.22 Notes","2023-11-08","Zilean","buff",1,0,0,"general","","Mage attack sweep: base attack speed and missile speed increased.","https://www.leagueoflegends.com/en-us/news/game-updates/patch-13-22-notes/"
2023,"13.22","Patch 13.22 Notes","2023-11-08","Zoe","buff",1,0,0,"general","","Mage attack sweep: base attack speed increased.","https://www.leagueoflegends.com/en-us/news/game-updates/patch-13-22-notes/"
2023,"13.23","Patch 13.23 notes","2023-11-21","Azir","adjust",0,0,0,"general","","Soldiers now apply on-hit effects at 50% on primary target; W damage reduced proactively.","https://www.leagueoflegends.com/en-us/news/game-updates/patch-13-23-notes/"
2023,"13.23","Patch 13.23 notes","2023-11-21","Briar","nerf",2,0,0,"general","","Base health and W missing-health damage reduced.","https://www.leagueoflegends.com/en-us/news/game-updates/patch-13-23-notes/"
2023,"13.23","Patch 13.23 notes","2023-11-21","Draven","buff",1,0,0,"unstated","","R now returns to Draven after hitting a champion even if he died.","https://www.leagueoflegends.com/en-us/news/game-updates/patch-13-23-notes/"
2023,"13.23","Patch 13.23 notes","2023-11-21","Janna","buff",2,0,0,"general","13.22","Passive, W cooldown/targeting and R cooldown buffed after 13.22 kit update left her weaker.","https://www.leagueoflegends.com/en-us/news/game-updates/patch-13-23-notes/"
2023,"13.23","Patch 13.23 notes","2023-11-21","Jarvan IV","nerf",1,0,0,"general","","Q cooldown increased at later ranks to reduce oppressive Q-E uptime.","https://www.leagueoflegends.com/en-us/news/game-updates/patch-13-23-notes/"
2023,"13.23","Patch 13.23 notes","2023-11-21","K'Sante","nerf",2,0,0,"general","13.20","Q mana cost up and damage down, E ratio and R bonuses reduced; W bugfix.","https://www.leagueoflegends.com/en-us/news/game-updates/patch-13-23-notes/"
2023,"13.23","Patch 13.23 notes","2023-11-21","Naafiri","nerf",2,0,0,"general","","Passive packmate AD and E base damage reduced.","https://www.leagueoflegends.com/en-us/news/game-updates/patch-13-23-notes/"
2023,"13.23","Patch 13.23 notes","2023-11-21","Riven","buff",2,0,0,"system_compensation","13.20","Q and R AD scaling increased after 13.20 anti-snowballing hurt her.","https://www.leagueoflegends.com/en-us/news/game-updates/patch-13-23-notes/"
2023,"13.23","Patch 13.23 notes","2023-11-21","Trundle","buff",2,0,0,"general","","AD growth increased and Q mana cost reduced to help top lane.","https://www.leagueoflegends.com/en-us/news/game-updates/patch-13-23-notes/"
2023,"13.23","Patch 13.23 notes","2023-11-21","Vel'Koz","buff",1,0,0,"general","","Passive base damage and AP ratio increased.","https://www.leagueoflegends.com/en-us/news/game-updates/patch-13-23-notes/"
2023,"13.23","Patch 13.23 notes","2023-11-21","Ziggs","nerf",2,0,0,"general","13.22","Q damage reduced, W cooldown and mana up; last patch's armor nerf insufficient.","https://www.leagueoflegends.com/en-us/news/game-updates/patch-13-23-notes/"
2023,"13.24","Patch 13.24 notes","2023-12-06","Azir","buff",1,0,0,"revert","13.23","W base damage restored, walking back one 13.23 nerf.","https://www.leagueoflegends.com/en-us/news/game-updates/patch-13-24-notes/"
2023,"13.24","Patch 13.24 notes","2023-12-06","Braum","buff",2,0,0,"general","","Base mana regen and R knock-up durations increased.","https://www.leagueoflegends.com/en-us/news/game-updates/patch-13-24-notes/"
2023,"13.24","Patch 13.24 notes","2023-12-06","Briar","nerf",3,0,0,"general","","Broad nerfs to armor, Q, W, E and R; R becomes magic damage; attack speed ratio up.","https://www.leagueoflegends.com/en-us/news/game-updates/patch-13-24-notes/"
2023,"13.24","Patch 13.24 notes","2023-12-06","Galio","buff",1,0,0,"general","13.20","Q cooldown reduced at later ranks after previous two buffs fell short.","https://www.leagueoflegends.com/en-us/news/game-updates/patch-13-24-notes/"
2023,"13.24","Patch 13.24 notes","2023-12-06","Gragas","buff",1,0,0,"revert","13.12","Passive cooldown now scales down with level, partly walking back 13.12 nerf.","https://www.leagueoflegends.com/en-us/news/game-updates/patch-13-24-notes/"
2023,"13.24","Patch 13.24 notes","2023-12-06","Ivern","nerf",1,0,0,"system_compensation","13.20","Base health and E slow reduced; he was unaffected by 13.20 clear slowdowns.","https://www.leagueoflegends.com/en-us/news/game-updates/patch-13-24-notes/"
2023,"13.24","Patch 13.24 notes","2023-12-06","K'Sante","buff",2,0,0,"revert","13.23","W mana cost reduced and resist ratios increased after overshooting last patch's nerf.","https://www.leagueoflegends.com/en-us/news/game-updates/patch-13-24-notes/"
2023,"13.24","Patch 13.24 notes","2023-12-06","Leona","buff",2,0,0,"general","","W late resistances and R base damage increased.","https://www.leagueoflegends.com/en-us/news/game-updates/patch-13-24-notes/"
2023,"13.24","Patch 13.24 notes","2023-12-06","Lucian","buff",1,0,0,"general","","E cooldown reduced at early ranks.","https://www.leagueoflegends.com/en-us/news/game-updates/patch-13-24-notes/"
2023,"13.24","Patch 13.24 notes","2023-12-06","Mordekaiser","buff",2,0,0,"general","","Q AP ratio increased; R now reveals target on cast.","https://www.leagueoflegends.com/en-us/news/game-updates/patch-13-24-notes/"
2023,"13.24","Patch 13.24 notes","2023-12-06","Qiyana","buff",1,0,0,"general","","Base mana and mana growth increased to make her more forgiving.","https://www.leagueoflegends.com/en-us/news/game-updates/patch-13-24-notes/"
2023,"13.24","Patch 13.24 notes","2023-12-06","Talon","buff",1,0,0,"general","","Ranged Q now resets attack timer like melee Q.","https://www.leagueoflegends.com/en-us/news/game-updates/patch-13-24-notes/"
2023,"13.24","Patch 13.24 notes","2023-12-06","Vel'Koz","bugfix",0,0,0,"general","","W and E fizzle bugfixes; E missile spawns at original location after displacement.","https://www.leagueoflegends.com/en-us/news/game-updates/patch-13-24-notes/"
2023,"13.24","Patch 13.24 notes","2023-12-06","Zeri","buff",2,0,0,"general","","AD growth and W base damage increased.","https://www.leagueoflegends.com/en-us/news/game-updates/patch-13-24-notes/"
2023,"13.24","Patch 13.24 notes","2023-12-07","Hwei","buff",2,0,1,"unstated","","Hotfix: Q mana cost reduced; QQ, EQ, EW, EE damage ratios increased.","https://www.leagueoflegends.com/en-us/news/game-updates/patch-13-24-notes/"
2023,"13.24","Patch 13.24 notes","2023-12-12","Corki","adjust",0,0,1,"unstated","","Hotfix: base AD and health increased, AD and health growth reduced.","https://www.leagueoflegends.com/en-us/news/game-updates/patch-13-24-notes/"
2023,"13.24","Patch 13.24 notes","2023-12-12","Hwei","buff",2,0,1,"unstated","","Hotfix: base health, mana and move speed up; WW shield and EW improvements.","https://www.leagueoflegends.com/en-us/news/game-updates/patch-13-24-notes/"
2023,"13.24","Patch 13.24 notes","2023-12-12","Naafiri","buff",1,0,1,"unstated","","Hotfix: E cooldown reduced by 1 second.","https://www.leagueoflegends.com/en-us/news/game-updates/patch-13-24-notes/"
2023,"13.24","Patch 13.24 notes","2023-12-12","Neeko","bugfix",0,0,1,"general","","Hotfix: fixed passive transformation granting unintended stats.","https://www.leagueoflegends.com/en-us/news/game-updates/patch-13-24-notes/"
2023,"13.24","Patch 13.24 notes","2023-12-12","Orianna","nerf",2,0,1,"unstated","","Hotfix: base health and W move speed modifier reduced.","https://www.leagueoflegends.com/en-us/news/game-updates/patch-13-24-notes/"
2023,"13.24","Patch 13.24 notes","2023-12-12","Sylas","nerf",2,0,1,"unstated","","Hotfix: W damage and heal AP ratios reduced.","https://www.leagueoflegends.com/en-us/news/game-updates/patch-13-24-notes/"
2023,"13.24","Patch 13.24 notes","2023-12-12","Syndra","nerf",1,0,1,"unstated","","Hotfix: Q AP ratio reduced from 70% to 60%; passive revive bugfix.","https://www.leagueoflegends.com/en-us/news/game-updates/patch-13-24-notes/"
2023,"13.24","Patch 13.24 notes","2023-12-12","Warwick","buff",2,0,1,"unstated","","Hotfix: Q monster cap raised; W cooldown reduced and move speed increased.","https://www.leagueoflegends.com/en-us/news/game-updates/patch-13-24-notes/"
2023,"13.24","Patch 13.24 notes","2023-12-12","Yone","adjust",0,0,1,"unstated","","Hotfix: W base shield lower early, higher late.","https://www.leagueoflegends.com/en-us/news/game-updates/patch-13-24-notes/"
