"year_group","patch_oe","riot_patch_title","release_date","champion","direction","magnitude","pro_targeted","hotfix","reason","refers_to_patch","summary","source_url"
2020,"10.20","Patch 10.20 notes","2020-09-30","Aatrox","buff",2,0,0,"general","","R self-healing raised to 50/75/100% at later ranks to curb mid-to-late game falloff","https://www.leagueoflegends.com/en-us/news/game-updates/patch-10-20-notes/"
2020,"10.20","Patch 10.20 notes","2020-09-30","Braum","buff",2,0,0,"general","","Q base damage increased and mana cost reduced for more agency in solo queue","https://www.leagueoflegends.com/en-us/news/game-updates/patch-10-20-notes/"
2020,"10.20","Patch 10.20 notes","2020-09-30","Illaoi","buff",2,0,0,"general","","Passive tentacle cooldown now 20-7.25s scaling every level; top lane underperforming","https://www.leagueoflegends.com/en-us/news/game-updates/patch-10-20-notes/"
2020,"10.20","Patch 10.20 notes","2020-09-30","Karthus","nerf",1,0,0,"general","","Base armor 20.88 to 18; too overwhelming across map, especially bot lane","https://www.leagueoflegends.com/en-us/news/game-updates/patch-10-20-notes/"
2020,"10.20","Patch 10.20 notes","2020-09-30","Kassadin","nerf",1,1,0,"general","","Q shield reduced at early ranks; stonewalls lanes too easily in Skilled/Elite play","https://www.leagueoflegends.com/en-us/news/game-updates/patch-10-20-notes/"
2020,"10.20","Patch 10.20 notes","2020-09-30","Katarina","nerf",2,1,0,"general","","Passive dagger bonus AD ratio 1.0 to 0.75; early roaming snowball strong in Skilled/Elite","https://www.leagueoflegends.com/en-us/news/game-updates/patch-10-20-notes/"
2020,"10.20","Patch 10.20 notes","2020-09-30","Kled","nerf",1,0,0,"general","","Base magic resist 32.1 to 28; strong mid and top at all levels of play","https://www.leagueoflegends.com/en-us/news/game-updates/patch-10-20-notes/"
2020,"10.20","Patch 10.20 notes","2020-09-30","Lulu","nerf",2,0,0,"general","","W bonus attack speed reduced to 20-35%; too strong empowering bot lane carries","https://www.leagueoflegends.com/en-us/news/game-updates/patch-10-20-notes/"
2020,"10.20","Patch 10.20 notes","2020-09-30","Maokai","nerf",1,0,0,"general","","Q base damage reduced at later ranks to curb top-lane brawling power","https://www.leagueoflegends.com/en-us/news/game-updates/patch-10-20-notes/"
2020,"10.20","Patch 10.20 notes","2020-09-30","Nunu & Willump","nerf",1,0,0,"general","","Base armor 32 to 29; skirmishing too strong alongside gank and objective power","https://www.leagueoflegends.com/en-us/news/game-updates/patch-10-20-notes/"
2020,"10.20","Patch 10.20 notes","2020-09-30","Ryze","buff",1,0,0,"pro_play","","Q base damage +10 after Worlds-related restraint, preparing him for the offseason","https://www.leagueoflegends.com/en-us/news/game-updates/patch-10-20-notes/"
2020,"10.20","Patch 10.20 notes","2020-09-30","Sion","buff",2,0,0,"general","","Q damage to monsters raised to 1.5x AD ratio to help jungle Sion","https://www.leagueoflegends.com/en-us/news/game-updates/patch-10-20-notes/"
2020,"10.20","Patch 10.20 notes","2020-09-30","Urgot","buff",2,0,0,"general","","Passive monster damage cap raised early; W minimum damage now applies to monsters; jungle viability","https://www.leagueoflegends.com/en-us/news/game-updates/patch-10-20-notes/"
2020,"10.20","Patch 10.20 notes","2020-09-30","Varus","buff",2,0,0,"pro_play","","E base damage +10, R cooldown -10s; fallen after long dominance at highest tiers","https://www.leagueoflegends.com/en-us/news/game-updates/patch-10-20-notes/"
2020,"10.21","Patch 10.21 notes","2020-10-14","Aphelios","buff",3,0,0,"pro_play","","Passive lethality and all five R weapon effects buffed; absent from Worlds, so buffed for other levels","https://www.leagueoflegends.com/en-us/news/game-updates/patch-10-21-notes/"
2020,"10.21","Patch 10.21 notes","2020-10-14","Camille","nerf",1,1,0,"general","","E bonus attack speed reduced at later ranks; strongest, most prevalent top laner in Elite","https://www.leagueoflegends.com/en-us/news/game-updates/patch-10-21-notes/"
2020,"10.21","Patch 10.21 notes","2020-10-14","Corki","buff",1,0,0,"general","","Q bonus AD ratio 0.5 to 0.7; small boost to weak early mid-lane game","https://www.leagueoflegends.com/en-us/news/game-updates/patch-10-21-notes/"
2020,"10.21","Patch 10.21 notes","2020-10-14","Graves","nerf",2,1,0,"general","","E bonus armor per stack -2; prominent Elite jungle pick due to clear and durability","https://www.leagueoflegends.com/en-us/news/game-updates/patch-10-21-notes/"
2020,"10.21","Patch 10.21 notes","2020-10-14","Hecarim","nerf",1,0,0,"general","","E base damage -10 to reduce burst (patch intro frames jungler nerfs around Elite play)","https://www.leagueoflegends.com/en-us/news/game-updates/patch-10-21-notes/"
2020,"10.21","Patch 10.21 notes","2020-10-14","Karma","buff",2,0,0,"general","","Passive Mantra cooldown refund from abilities increased; R cooldown reduced","https://www.leagueoflegends.com/en-us/news/game-updates/patch-10-21-notes/"
2020,"10.21","Patch 10.21 notes","2020-10-14","Lee Sin","buff",1,0,0,"general","","Attack damage growth 3.2 to 3.7 for more reliable late damage","https://www.leagueoflegends.com/en-us/news/game-updates/patch-10-21-notes/"
2020,"10.21","Patch 10.21 notes","2020-10-14","Nidalee","nerf",1,1,0,"general","","Base AD 61 to 58 to lower early clear and dueling, especially in Elite play","https://www.leagueoflegends.com/en-us/news/game-updates/patch-10-21-notes/"
2020,"10.21","Patch 10.21 notes","2020-10-14","Pantheon","adjust",0,0,0,"general","","Q base damage lowered, AD ratios raised; weakens support Pantheon early, compensates solo laners","https://www.leagueoflegends.com/en-us/news/game-updates/patch-10-21-notes/"
2020,"10.21","Patch 10.21 notes","2020-10-14","Samira","nerf",2,0,0,"general","","E cooldown increased and attack speed reduced; early safety and all-ins too reliable","https://www.leagueoflegends.com/en-us/news/game-updates/patch-10-21-notes/"
2020,"10.21","Patch 10.21 notes","2020-10-14","Trundle","buff",2,0,0,"general","","Passive heal smoothed and increased; W cooldown now scales down with rank","https://www.leagueoflegends.com/en-us/news/game-updates/patch-10-21-notes/"
2020,"10.21","Patch 10.21 notes","2020-10-14","Udyr","buff",2,0,0,"general","","R Phoenix aura damage increased; Phoenix stance underperforming versus Tiger","https://www.leagueoflegends.com/en-us/news/game-updates/patch-10-21-notes/"
2020,"10.21","Patch 10.21 notes","2020-10-14","Evelynn","bugfix",0,0,1,"unstated","","Hotfix: W Allure now charms cursed jungle monsters expunged after 2.5s","https://www.leagueoflegends.com/en-us/news/game-updates/patch-10-21-notes/"
2020,"10.21","Patch 10.21 notes","2020-10-16","Rakan","bugfix",0,0,1,"unstated","","Hotfix: R charmed enemies can no longer move and cast abilities","https://www.leagueoflegends.com/en-us/news/game-updates/patch-10-21-notes/"
2020,"10.22","Patch 10.22 notes","2020-10-28","Amumu","buff",1,0,0,"general","","R now stuns instead of root plus disarm; clarity change with minor power bump","https://www.leagueoflegends.com/en-us/news/game-updates/patch-10-22-notes/"
2020,"10.22","Patch 10.22 notes","2020-10-28","Annie","buff",2,0,0,"general","","E reworked into an ally-castable shield; more role flexibility, intended strength increase","https://www.leagueoflegends.com/en-us/news/game-updates/patch-10-22-notes/"
2020,"10.22","Patch 10.22 notes","2020-10-28","Ashe","adjust",0,0,0,"general","","W arrows per volley now 7-11 by rank instead of flat 9","https://www.leagueoflegends.com/en-us/news/game-updates/patch-10-22-notes/"
2020,"10.22","Patch 10.22 notes","2020-10-28","Brand","buff",2,0,0,"general","","Passive % damage lowered; E spread and R bounce improved to push him back to mid","https://www.leagueoflegends.com/en-us/news/game-updates/patch-10-22-notes/"
2020,"10.22","Patch 10.22 notes","2020-10-28","Galio","adjust",0,0,0,"general","","E now has 250 minimum dash distance; consistency change, easier for enemies to dodge","https://www.leagueoflegends.com/en-us/news/game-updates/patch-10-22-notes/"
2020,"10.22","Patch 10.22 notes","2020-10-28","Jinx","buff",1,0,0,"general","","E Flame Chompers now deals all damage upfront; clarity tweak","https://www.leagueoflegends.com/en-us/news/game-updates/patch-10-22-notes/"
2020,"10.22","Patch 10.22 notes","2020-10-28","Karthus","nerf",1,0,0,"general","","Q base damage -5; too reliable in jungle, mid and bot with permashove","https://www.leagueoflegends.com/en-us/news/game-updates/patch-10-22-notes/"
2020,"10.22","Patch 10.22 notes","2020-10-28","LeBlanc","buff",2,0,0,"general","","E mana cost reduced and damage increased; weak across all levels of play","https://www.leagueoflegends.com/en-us/news/game-updates/patch-10-22-notes/"
2020,"10.22","Patch 10.22 notes","2020-10-28","Lulu","nerf",1,1,0,"general","","Q base damage reduced at later ranks; top Lulu too strong in Skilled play","https://www.leagueoflegends.com/en-us/news/game-updates/patch-10-22-notes/"
2020,"10.22","Patch 10.22 notes","2020-10-28","Nasus","buff",2,0,0,"general","","R bonus resistances raised to flat 40/55/70, per-second gain removed; clarity plus buff","https://www.leagueoflegends.com/en-us/news/game-updates/patch-10-22-notes/"
2020,"10.22","Patch 10.22 notes","2020-10-28","Samira","nerf",2,0,0,"general","","Base AD 59 to 57 and armor 28 to 26 to reduce early brawling","https://www.leagueoflegends.com/en-us/news/game-updates/patch-10-22-notes/"
2020,"10.22","Patch 10.22 notes","2020-10-28","Sejuani","buff",2,0,0,"general","","R base and maximum damage increased; jungle meta has left her behind","https://www.leagueoflegends.com/en-us/news/game-updates/patch-10-22-notes/"
2020,"10.22","Patch 10.22 notes","2020-10-28","Xayah","buff",1,0,0,"general","","Attack speed growth 3.3% to 3.9%; poor fit in current marksman ecosystem","https://www.leagueoflegends.com/en-us/news/game-updates/patch-10-22-notes/"
2020,"10.22","Patch 10.22 notes","2020-10-28","Zed","nerf",1,0,0,"general","","E base damage reduced at later ranks to lower reliable damage","https://www.leagueoflegends.com/en-us/news/game-updates/patch-10-22-notes/"
2020,"10.22","Patch 10.22 notes","2020-10-29","Kindred","bugfix",0,0,1,"unstated","","Hotfix: passive marks now have champion-specific cooldown","https://www.leagueoflegends.com/en-us/news/game-updates/patch-10-22-notes/"
2020,"10.22","Patch 10.22 notes","2020-10-29","Yuumi","bugfix",0,0,1,"unstated","","Hotfix: W now goes on cooldown when Yuumi is crowd controlled mid-cast","https://www.leagueoflegends.com/en-us/news/game-updates/patch-10-22-notes/"
2020,"10.22","Patch 10.22 notes","2020-10-30","Tahm Kench","bugfix",0,0,1,"unstated","","Hotfix: W Devour can no longer grab allies at any range","https://www.leagueoflegends.com/en-us/news/game-updates/patch-10-22-notes/"
2020,"10.23","Patch 10.23 notes","2020-11-11","Caitlyn","nerf",1,0,0,"system_compensation","","Headshot crit-chance damage adjusted for preseason's systemic crit damage reduction","https://www.leagueoflegends.com/en-us/news/game-updates/patch-10-23-notes/"
2020,"10.23","Patch 10.23 notes","2020-11-11","Jhin","nerf",1,0,0,"system_compensation","","Crit-to-AD conversion 40% to 30%; crit damage kept at 150% under new crit system","https://www.leagueoflegends.com/en-us/news/game-updates/patch-10-23-notes/"
2020,"10.23","Patch 10.23 notes","2020-11-11","Senna","adjust",0,0,0,"system_compensation","","Crits deal 150% instead of 130% but less crit per souls; R collects Mist Wraiths","https://www.leagueoflegends.com/en-us/news/game-updates/patch-10-23-notes/"
2020,"10.23","Patch 10.23 notes","2020-11-11","Tryndamere","adjust",0,0,0,"system_compensation","","Passive crit chance per Fury flattened to 0.4% to fit 20% crit item increments","https://www.leagueoflegends.com/en-us/news/game-updates/patch-10-23-notes/"
2020,"10.23","Patch 10.23 notes","2020-11-11","Yasuo","buff",1,0,0,"system_compensation","","Passive converts crit chance above 100% into bonus AD for new crit system","https://www.leagueoflegends.com/en-us/news/game-updates/patch-10-23-notes/"
2020,"10.23","Patch 10.23 notes","2020-11-11","Yone","buff",1,0,0,"system_compensation","","Passive converts crit chance above 100% into bonus AD for new crit system","https://www.leagueoflegends.com/en-us/news/game-updates/patch-10-23-notes/"
2020,"10.23","Patch 10.23 notes","2020-11-11","Akali","buff",1,0,0,"system_compensation","","Q energy cost reduced later to offset Gunblade removal and Presence of Mind changes","https://www.leagueoflegends.com/en-us/news/game-updates/patch-10-23-notes/"
2020,"10.23","Patch 10.23 notes","2020-11-11","Katarina","rework",0,0,0,"system_compensation","","Passive, E, R apply on-hit; R becomes hybrid damage to adapt after Gunblade removal","https://www.leagueoflegends.com/en-us/news/game-updates/patch-10-23-notes/"
2020,"10.23","Patch 10.23 notes","2020-11-11","Kayle","buff",2,0,0,"system_compensation","","Passive attack speed per stack now scales with AP to aid AP builds post-Gunblade","https://www.leagueoflegends.com/en-us/news/game-updates/patch-10-23-notes/"
2020,"10.23","Patch 10.23 notes","2020-11-11","Ornn","rework",0,0,0,"system_compensation","","Masterworks now upgrade Mythics, one per player; new bonus health scaling; +20 mana growth","https://www.leagueoflegends.com/en-us/news/game-updates/patch-10-23-notes/"
2020,"10.23","Patch 10.23 notes","2020-11-11","Viktor","rework",0,0,0,"system_compensation","","Hex Core removed for Hex Fragment upgrades; E ratios and mana growth increased","https://www.leagueoflegends.com/en-us/news/game-updates/patch-10-23-notes/"
2020,"10.23","Patch 10.23 notes","2020-11-11","Anivia","buff",1,0,0,"system_compensation","","Mana growth +20 to offset preseason mana item changes and manaless Mythics","https://www.leagueoflegends.com/en-us/news/game-updates/patch-10-23-notes/"
2020,"10.23","Patch 10.23 notes","2020-11-11","Camille","buff",1,0,0,"system_compensation","","Mana growth +20 to offset preseason mana item changes and manaless Mythics","https://www.leagueoflegends.com/en-us/news/game-updates/patch-10-23-notes/"
2020,"10.23","Patch 10.23 notes","2020-11-11","Cassiopeia","buff",1,0,0,"system_compensation","","Mana growth +20 to offset preseason mana item changes and manaless Mythics","https://www.leagueoflegends.com/en-us/news/game-updates/patch-10-23-notes/"
2020,"10.23","Patch 10.23 notes","2020-11-11","Cho'Gath","buff",1,0,0,"system_compensation","","Mana growth +20 to offset preseason mana item changes and manaless Mythics","https://www.leagueoflegends.com/en-us/news/game-updates/patch-10-23-notes/"
2020,"10.23","Patch 10.23 notes","2020-11-11","Corki","buff",1,0,0,"system_compensation","","Mana growth +20 to offset preseason mana item changes and manaless Mythics","https://www.leagueoflegends.com/en-us/news/game-updates/patch-10-23-notes/"
2020,"10.23","Patch 10.23 notes","2020-11-11","Darius","buff",1,0,0,"system_compensation","","Mana growth +20 to offset preseason mana item changes and manaless Mythics","https://www.leagueoflegends.com/en-us/news/game-updates/patch-10-23-notes/"
2020,"10.23","Patch 10.23 notes","2020-11-11","Ekko","buff",1,0,0,"system_compensation","","Mana growth +20 to offset preseason mana item changes and manaless Mythics","https://www.leagueoflegends.com/en-us/news/game-updates/patch-10-23-notes/"
2020,"10.23","Patch 10.23 notes","2020-11-11","Ezreal","buff",1,0,0,"system_compensation","","Mana growth +20 to offset preseason mana item changes and manaless Mythics","https://www.leagueoflegends.com/en-us/news/game-updates/patch-10-23-notes/"
2020,"10.23","Patch 10.23 notes","2020-11-11","Fiora","buff",1,0,0,"system_compensation","","Mana growth +20 to offset preseason mana item changes and manaless Mythics","https://www.leagueoflegends.com/en-us/news/game-updates/patch-10-23-notes/"
2020,"10.23","Patch 10.23 notes","2020-11-11","Fizz","buff",1,0,0,"system_compensation","","Mana growth +20 to offset preseason mana item changes and manaless Mythics","https://www.leagueoflegends.com/en-us/news/game-updates/patch-10-23-notes/"
2020,"10.23","Patch 10.23 notes","2020-11-11","Gangplank","buff",1,0,0,"system_compensation","","Mana growth +20 to offset preseason mana item changes and manaless Mythics","https://www.leagueoflegends.com/en-us/news/game-updates/patch-10-23-notes/"
2020,"10.23","Patch 10.23 notes","2020-11-11","Hecarim","buff",1,0,0,"system_compensation","","Mana growth +20 to offset preseason mana item changes and manaless Mythics","https://www.leagueoflegends.com/en-us/news/game-updates/patch-10-23-notes/"
2020,"10.23","Patch 10.23 notes","2020-11-11","Irelia","buff",1,0,0,"system_compensation","","Mana growth +20 to offset preseason mana item changes and manaless Mythics","https://www.leagueoflegends.com/en-us/news/game-updates/patch-10-23-notes/"
2020,"10.23","Patch 10.23 notes","2020-11-11","Jax","buff",1,0,0,"system_compensation","","Mana growth +20 to offset preseason mana item changes and manaless Mythics","https://www.leagueoflegends.com/en-us/news/game-updates/patch-10-23-notes/"
2020,"10.23","Patch 10.23 notes","2020-11-11","Kassadin","buff",1,0,0,"system_compensation","","Mana growth +20 to offset preseason mana item changes and manaless Mythics","https://www.leagueoflegends.com/en-us/news/game-updates/patch-10-23-notes/"
2020,"10.23","Patch 10.23 notes","2020-11-11","Malphite","buff",1,0,0,"system_compensation","","Mana growth +20 to offset preseason mana item changes and manaless Mythics","https://www.leagueoflegends.com/en-us/news/game-updates/patch-10-23-notes/"
2020,"10.23","Patch 10.23 notes","2020-11-11","Nasus","buff",1,0,0,"system_compensation","","Mana growth +20 to offset preseason mana item changes and manaless Mythics","https://www.leagueoflegends.com/en-us/news/game-updates/patch-10-23-notes/"
2020,"10.23","Patch 10.23 notes","2020-11-11","Ryze","buff",1,0,0,"system_compensation","","Mana growth +20 to offset preseason mana item changes and manaless Mythics","https://www.leagueoflegends.com/en-us/news/game-updates/patch-10-23-notes/"
2020,"10.23","Patch 10.23 notes","2020-11-11","Skarner","buff",1,0,0,"system_compensation","","Mana growth +20 to offset preseason mana item changes and manaless Mythics","https://www.leagueoflegends.com/en-us/news/game-updates/patch-10-23-notes/"
2020,"10.23","Patch 10.23 notes","2020-11-11","Sylas","buff",1,0,0,"system_compensation","","Mana growth +20 to offset preseason mana item changes and manaless Mythics","https://www.leagueoflegends.com/en-us/news/game-updates/patch-10-23-notes/"
2020,"10.23","Patch 10.23 notes","2020-11-11","Twisted Fate","buff",1,0,0,"system_compensation","","Mana growth +20 to offset preseason mana item changes and manaless Mythics","https://www.leagueoflegends.com/en-us/news/game-updates/patch-10-23-notes/"
2020,"10.23","Patch 10.23 notes","2020-11-11","Udyr","buff",1,0,0,"system_compensation","","Mana growth +20 to offset preseason mana item changes and manaless Mythics","https://www.leagueoflegends.com/en-us/news/game-updates/patch-10-23-notes/"
2020,"10.23","Patch 10.23 notes","2020-11-11","Vi","buff",1,0,0,"system_compensation","","Mana growth +20 to offset preseason mana item changes and manaless Mythics","https://www.leagueoflegends.com/en-us/news/game-updates/patch-10-23-notes/"
2020,"10.23","Patch 10.23 notes","2020-11-11","Wukong","buff",1,0,0,"system_compensation","","Mana growth +20 to offset preseason mana item changes and manaless Mythics","https://www.leagueoflegends.com/en-us/news/game-updates/patch-10-23-notes/"
2020,"10.23","Patch 10.23 notes","2020-11-11","Xin Zhao","buff",1,0,0,"system_compensation","","Mana growth +20 to offset preseason mana item changes and manaless Mythics","https://www.leagueoflegends.com/en-us/news/game-updates/patch-10-23-notes/"
2020,"10.23","Patch 10.23 notes","2020-11-11","Yorick","buff",1,0,0,"system_compensation","","Mana growth +20 to offset preseason mana item changes and manaless Mythics","https://www.leagueoflegends.com/en-us/news/game-updates/patch-10-23-notes/"
2020,"10.23","Patch 10.23 notes","2020-11-11","Zilean","buff",1,0,0,"system_compensation","","Mana growth +20 to offset preseason mana item changes and manaless Mythics","https://www.leagueoflegends.com/en-us/news/game-updates/patch-10-23-notes/"
2020,"10.23","Patch 10.23 notes","2020-11-11","Brand","nerf",2,0,0,"general","10.22","Passive damage scaling slowed and E cooldown increased; too strong in Average play after last changes","https://www.leagueoflegends.com/en-us/news/game-updates/patch-10-23-notes/"
2020,"10.23","Patch 10.23 notes","2020-11-11","Amumu","nerf",2,0,0,"general","","Health growth and base armor reduced (Average play); also +20 mana growth for items","https://www.leagueoflegends.com/en-us/news/game-updates/patch-10-23-notes/"
2020,"10.23","Patch 10.23 notes","2020-11-11","Elise","buff",1,0,0,"system_compensation","","Human Q now applies on-hit effects to open build diversity in new item system","https://www.leagueoflegends.com/en-us/news/game-updates/patch-10-23-notes/"
2020,"10.23","Patch 10.23 notes","2020-11-11","Seraphine","adjust",0,0,0,"general","","Mid versus support split: passive and Q scale more, E and base mana regen lowered","https://www.leagueoflegends.com/en-us/news/game-updates/patch-10-23-notes/"
2020,"10.23","Patch 10.23 notes","2020-11-11","Twitch","buff",2,0,0,"general","","Passive and W gain AP scaling, E AP portion becomes magic damage to enable AP Twitch","https://www.leagueoflegends.com/en-us/news/game-updates/patch-10-23-notes/"
2020,"10.23","Patch 10.23 notes","2020-11-11","Volibear","buff",2,0,0,"system_compensation","","Passive attack speed scales with AP, E minion damage up for AP fighter items; +20 mana growth","https://www.leagueoflegends.com/en-us/news/game-updates/patch-10-23-notes/"
2020,"10.23","Patch 10.23 notes","2020-11-12","Ashe","nerf",2,0,1,"system_compensation","","Hotfix: Frost Shot no longer deals crit-based bonus damage with Rageblade or Rageknife","https://www.leagueoflegends.com/en-us/news/game-updates/patch-10-23-notes/"
2020,"10.23","Patch 10.23 notes","2020-11-12","Garen","bugfix",0,0,1,"system_compensation","","Hotfix buff-fix: preseason crit reduction had wrongly cut E crit bonus to 8%","https://www.leagueoflegends.com/en-us/news/game-updates/patch-10-23-notes/"
2020,"10.23","Patch 10.23 notes","2020-11-12","Kassadin","buff",2,0,1,"system_compensation","","Hotfix: health growth 90 to 105 and R mana cost reduced as post-launch outlier","https://www.leagueoflegends.com/en-us/news/game-updates/patch-10-23-notes/"
2020,"10.23","Patch 10.23 notes","2020-11-12","Viktor","nerf",2,0,1,"system_compensation","","Hotfix: E laser and aftershock damage reduced as post-preseason outlier","https://www.leagueoflegends.com/en-us/news/game-updates/patch-10-23-notes/"
2020,"10.23","Patch 10.23 notes","2020-11-12","Vladimir","bugfix",0,0,1,"unstated","","Hotfix buff-fix: E cooldown now starts on cast instead of release","https://www.leagueoflegends.com/en-us/news/game-updates/patch-10-23-notes/"
2020,"10.23","Patch 10.23 notes","2020-11-12","Zoe","bugfix",0,0,1,"unstated","","Hotfix: W no longer creates Teleport bubbles when enemy Teleport targets invalid","https://www.leagueoflegends.com/en-us/news/game-updates/patch-10-23-notes/"
2020,"10.23","Patch 10.23 notes","2020-11-16","Gangplank","bugfix",0,0,1,"unstated","","Hotfix: R upgrade purchase exploit and disconnect lockout fixed","https://www.leagueoflegends.com/en-us/news/game-updates/patch-10-23-notes/"
2020,"10.23","Patch 10.23 notes","2020-11-18","Teemo","bugfix",0,0,1,"unstated","","Hotfix: now properly loses invisibility 1.5s after holding Duskblade","https://www.leagueoflegends.com/en-us/news/game-updates/patch-10-23-notes/"
2020,"10.24","Patch 10.24 notes","2020-11-24","Amumu","nerf",2,0,0,"system_compensation","","W damage over time and AP ratio reduced; new items pushed him to overwhelming","https://www.leagueoflegends.com/en-us/news/game-updates/patch-10-24-notes/"
2020,"10.24","Patch 10.24 notes","2020-11-24","Hecarim","nerf",2,0,0,"system_compensation","","Passive MS-to-AD conversion and E max bonus MS reduced; new items too strong on him","https://www.leagueoflegends.com/en-us/news/game-updates/patch-10-24-notes/"
2020,"10.24","Patch 10.24 notes","2020-11-24","Kalista","bugfix",0,0,0,"revert","10.23","Q Rend transfer and E AD ratio bugs fixed, reverting accidental 10.23 nerfs","https://www.leagueoflegends.com/en-us/news/game-updates/patch-10-24-notes/"
2020,"10.24","Patch 10.24 notes","2020-11-24","Kayle","nerf",2,0,0,"revert","10.23","Passive AP-based attack speed halved, partially walking back 10.23 change","https://www.leagueoflegends.com/en-us/news/game-updates/patch-10-24-notes/"
2020,"10.24","Patch 10.24 notes","2020-11-24","Samira","nerf",2,0,0,"system_compensation","","Passive melee ratio and dash range reduced; lifesteal-crit items make all-ins too strong","https://www.leagueoflegends.com/en-us/news/game-updates/patch-10-24-notes/"
2020,"10.24","Patch 10.24 notes","2020-11-24","Tryndamere","buff",2,0,0,"system_compensation","","Q bonus AD and missing-health AD increased; crits less often and for less damage","https://www.leagueoflegends.com/en-us/news/game-updates/patch-10-24-notes/"
2020,"10.24","Patch 10.24 notes","2020-11-24","Varus","rework",0,1,0,"pro_play","","Q/W/R reworked: power moved from pro-favored CC and lane bullying into charged arrows","https://www.leagueoflegends.com/en-us/news/game-updates/patch-10-24-notes/"
2020,"10.24","Patch 10.24 notes","2020-11-24","Yasuo","nerf",2,0,0,"system_compensation","","Passive crit doubling now applies after Rageblade on-hit calculations; excessive synergy","https://www.leagueoflegends.com/en-us/news/game-updates/patch-10-24-notes/"
2020,"10.24","Patch 10.24 notes","2020-11-24","Yone","nerf",2,0,0,"system_compensation","","Passive crit doubling now applies after Rageblade on-hit calculations; excessive synergy","https://www.leagueoflegends.com/en-us/news/game-updates/patch-10-24-notes/"
2020,"10.24","Patch 10.24 notes","2020-11-24","Dr. Mundo","bugfix",0,0,1,"unstated","","Hotfix: passive health regeneration not working fixed","https://www.leagueoflegends.com/en-us/news/game-updates/patch-10-24-notes/"
2020,"10.24","Patch 10.24 notes","2020-11-24","Elise","bugfix",0,0,1,"unstated","","Hotfix: Spider Q damage restored and champion re-enabled","https://www.leagueoflegends.com/en-us/news/game-updates/patch-10-24-notes/"
2020,"10.24","Patch 10.24 notes","2020-11-24","Gragas","bugfix",0,0,1,"unstated","","Hotfix: uncharged Q no longer deals maximum damage","https://www.leagueoflegends.com/en-us/news/game-updates/patch-10-24-notes/"
2020,"10.24","Patch 10.24 notes","2020-11-25","Amumu","nerf",3,0,1,"system_compensation","10.23","Hotfix: mana growth reverted, E damage and R stun reduced; initial nerfs insufficient","https://www.leagueoflegends.com/en-us/news/game-updates/patch-10-24-notes/"
2021,"11.20","Patch 11.20 notes","2021-10-06","Amumu","nerf",2,0,0,"general","","Q damage reduced late and mana cost raised to flat 70; too strong jungle and support","https://www.leagueoflegends.com/en-us/news/game-updates/patch-11-20-notes/"
2021,"11.20","Patch 11.20 notes","2021-10-06","Darius","buff",2,0,0,"general","","W cooldown flat 5s to boost sidelane pushing and dueling","https://www.leagueoflegends.com/en-us/news/game-updates/patch-11-20-notes/"
2021,"11.20","Patch 11.20 notes","2021-10-06","Elise","buff",2,0,0,"general","","Base health 534 to 555 and armor growth 3.35 to 4 for jungle survivability","https://www.leagueoflegends.com/en-us/news/game-updates/patch-11-20-notes/"
2021,"11.20","Patch 11.20 notes","2021-10-06","Hecarim","buff",2,0,0,"pro_play","","W cooldown flat 18s and monster healing up; moved from pro tank to fighter","https://www.leagueoflegends.com/en-us/news/game-updates/patch-11-20-notes/"
2021,"11.20","Patch 11.20 notes","2021-10-06","Irelia","nerf",2,0,0,"general","","Passive max-stack bonus AD ratio 30% to 20%; late game too easy with AD items","https://www.leagueoflegends.com/en-us/news/game-updates/patch-11-20-notes/"
2021,"11.20","Patch 11.20 notes","2021-10-06","Jarvan IV","nerf",2,0,0,"revert","11.16","Passive damage 10% to 8% current health, partially reverting 11.16 buffs","https://www.leagueoflegends.com/en-us/news/game-updates/patch-11-20-notes/"
2021,"11.20","Patch 11.20 notes","2021-10-06","Shen","nerf",1,0,0,"revert","10.15","Passive shield base reduced by 10, reverting 10.15 buff; too dominant in top tank meta","https://www.leagueoflegends.com/en-us/news/game-updates/patch-11-20-notes/"
2021,"11.20","Patch 11.20 notes","2021-10-06","Singed","nerf",2,0,0,"general","","E base damage and AP ratio reduced; too strong since recent kit additions","https://www.leagueoflegends.com/en-us/news/game-updates/patch-11-20-notes/"
2021,"11.20","Patch 11.20 notes","2021-10-06","Taliyah","nerf",1,0,0,"general","","Q subsequent-stone monster damage 80% to 75%; too strong in jungle after buffs","https://www.leagueoflegends.com/en-us/news/game-updates/patch-11-20-notes/"
2021,"11.20","Patch 11.20 notes","2021-10-06","Udyr","buff",1,0,0,"revert","11.12","R cone damage increased, reverting 11.12 nerf now that tank Phoenix fell off","https://www.leagueoflegends.com/en-us/news/game-updates/patch-11-20-notes/"
2021,"11.21","Patch 11.21 notes","2021-10-20","Akshan","nerf",1,0,0,"general","","E damage per shot reduced at later ranks; creeping up since release","https://www.leagueoflegends.com/en-us/news/game-updates/patch-11-21-notes/"
2021,"11.21","Patch 11.21 notes","2021-10-20","Graves","nerf",2,0,0,"general","","E bonus armor per stack -2; early laning too consistent","https://www.leagueoflegends.com/en-us/news/game-updates/patch-11-21-notes/"
2021,"11.21","Patch 11.21 notes","2021-10-20","Jinx","buff",2,0,0,"general","","Passive attack speed 15% to 25%, E range up, R cooldown down","https://www.leagueoflegends.com/en-us/news/game-updates/patch-11-21-notes/"
2021,"11.21","Patch 11.21 notes","2021-10-20","Karthus","nerf",1,0,0,"general","","E mana restore lower early, higher at max rank; targets bot lane wave control","https://www.leagueoflegends.com/en-us/news/game-updates/patch-11-21-notes/"
2021,"11.21","Patch 11.21 notes","2021-10-20","Lux","buff",2,0,0,"general","11.10","AS growth, E damage, R cooldown buffed, passive made reliable; still weak despite 11.10 E buff","https://www.leagueoflegends.com/en-us/news/game-updates/patch-11-21-notes/"
2021,"11.21","Patch 11.21 notes","2021-10-20","Miss Fortune","nerf",2,1,0,"pro_play","","Base mana reduced and W cost increased; popular at every level including Worlds","https://www.leagueoflegends.com/en-us/news/game-updates/patch-11-21-notes/"
2021,"11.21","Patch 11.21 notes","2021-10-20","Quinn","nerf",2,0,0,"general","","W bonus attack speed reduced at later ranks; too strong in top lane duels","https://www.leagueoflegends.com/en-us/news/game-updates/patch-11-21-notes/"
2021,"11.21","Patch 11.21 notes","2021-10-20","Sion","buff",2,0,0,"general","11.19","W shield max-health ratio increased; 11.19 shield buffs were not strong enough","https://www.leagueoflegends.com/en-us/news/game-updates/patch-11-21-notes/"
2021,"11.21","Patch 11.21 notes","2021-10-20","Teemo","buff",2,0,0,"general","","Q cooldown down, blind duration and missile speed up; fallen behind in top lane","https://www.leagueoflegends.com/en-us/news/game-updates/patch-11-21-notes/"
2021,"11.21","Patch 11.21 notes","2021-10-20","Viego","buff",2,0,0,"revert","","Q ratio, W self-slow, R crit ratio buffed; last nerfs hit too hard at all levels","https://www.leagueoflegends.com/en-us/news/game-updates/patch-11-21-notes/"
2021,"11.21","Patch 11.21 notes","2021-10-20","Xayah","buff",2,0,0,"general","","Move speed 325 to 330 and Q cooldown reduced late; still weak outside pro","https://www.leagueoflegends.com/en-us/news/game-updates/patch-11-21-notes/"
2021,"11.22","Patch 11.22 notes","2021-11-03","Akali","buff",2,0,0,"pro_play","","Passive damage and AP ratio increased; weak overall and absent from pro play","https://www.leagueoflegends.com/en-us/news/game-updates/patch-11-22-notes/"
2021,"11.22","Patch 11.22 notes","2021-11-03","Graves","nerf",2,0,0,"system_compensation","","Passive crit pellet ratio 30% to 20% bonus AD; item system made crit builds safe","https://www.leagueoflegends.com/en-us/news/game-updates/patch-11-22-notes/"
2021,"11.22","Patch 11.22 notes","2021-11-03","Kalista","buff",2,0,0,"general","","E Rend damage ratios increased for better late-game payoff","https://www.leagueoflegends.com/en-us/news/game-updates/patch-11-22-notes/"
2021,"11.22","Patch 11.22 notes","2021-11-03","Kayn","buff",2,0,0,"system_compensation","11.21","Darkin Q and R max-health damage increased after last patch's Goredrinker nerfs","https://www.leagueoflegends.com/en-us/news/game-updates/patch-11-22-notes/"
2021,"11.22","Patch 11.22 notes","2021-11-03","Kha'Zix","nerf",1,0,0,"general","","Q bonus AD ratios reduced; power crept from strong to overpowered","https://www.leagueoflegends.com/en-us/news/game-updates/patch-11-22-notes/"
2021,"11.22","Patch 11.22 notes","2021-11-03","Maokai","nerf",2,0,0,"general","","Passive heal reduced early and W base damage cut; tank support excelling in solo queue","https://www.leagueoflegends.com/en-us/news/game-updates/patch-11-22-notes/"
2021,"11.22","Patch 11.22 notes","2021-11-03","Qiyana","adjust",0,1,0,"general","","Base health down, growth up, Q and E ratios shifted; too strong in Elite, weak Average","https://www.leagueoflegends.com/en-us/news/game-updates/patch-11-22-notes/"
2021,"11.22","Patch 11.22 notes","2021-11-03","Renekton","buff",2,0,0,"revert","11.18","W stun and lockout durations restored, reverting 11.18 pro-motivated nerf","https://www.leagueoflegends.com/en-us/news/game-updates/patch-11-22-notes/"
2021,"11.22","Patch 11.22 notes","2021-11-03","Riven","buff",2,0,0,"system_compensation","11.21","W damage and E shield ratio increased after Goredrinker nerfs left her weak in 11.21","https://www.leagueoflegends.com/en-us/news/game-updates/patch-11-22-notes/"
2021,"11.22","Patch 11.22 notes","2021-11-03","Varus","buff",2,0,0,"revert","","E bonus AD ratio 60% to 90%; earlier lethality nerfs were too harsh","https://www.leagueoflegends.com/en-us/news/game-updates/patch-11-22-notes/"
2021,"11.22","Patch 11.22 notes","2021-11-03","Vi","buff",2,0,0,"general","","Q and R consistency improvements: reliable knockback, fixed knockup timing and duration","https://www.leagueoflegends.com/en-us/news/game-updates/patch-11-22-notes/"
2021,"11.22","Patch 11.22 notes","2021-11-03","Yuumi","nerf",2,1,0,"pro_play","11.18","E movement speed and heal ratios reduced; top pick at Worlds and heavily banned","https://www.leagueoflegends.com/en-us/news/game-updates/patch-11-22-notes/"
2021,"11.22","Patch 11.22 notes","2021-11-03","Yuumi","bugfix",0,0,1,"unstated","","Hotfix: W detach while hidden no longer leaves Yuumi permanently invisible","https://www.leagueoflegends.com/en-us/news/game-updates/patch-11-22-notes/"
2021,"11.22","Patch 11.22 notes","2021-11-04","Vi","nerf",2,0,1,"general","","Hotfix: armor and AD growth reduced, R stun 1.4s to 1.3s; too strong","https://www.leagueoflegends.com/en-us/news/game-updates/patch-11-22-notes/"
2021,"11.22","Patch 11.22 notes","2021-11-04","Xayah","nerf",2,0,1,"general","","Hotfix: Q damage reduced and cooldown raised to 10-6s; too strong","https://www.leagueoflegends.com/en-us/news/game-updates/patch-11-22-notes/"
2021,"11.23","Patch 11.23 notes","2021-11-17","Caitlyn","nerf",1,0,0,"unstated","","ASU recodes Headshot as empowered attack, removing headshots during attack cooldown","https://www.leagueoflegends.com/en-us/news/game-updates/patch-11-23-notes/"
2021,"11.23","Patch 11.23 notes","2021-11-17","Caitlyn","bugfix",0,0,1,"unstated","","Hotfix: no longer fires multiple extended-range Headshots at very high attack speed","https://www.leagueoflegends.com/en-us/news/game-updates/patch-11-23-notes/"
2021,"11.23","Patch 11.23 notes","2021-11-17","Lulu","bugfix",0,0,1,"unstated","","Hotfix: Pix no longer becomes targetable after Lulu uses a Hexgate","https://www.leagueoflegends.com/en-us/news/game-updates/patch-11-23-notes/"
2021,"11.23","Patch 11.23 notes","2021-11-18","Caitlyn","bugfix",0,0,1,"unstated","","Hotfix: recall no longer interrupted when enemy triggers her trap","https://www.leagueoflegends.com/en-us/news/game-updates/patch-11-23-notes/"
2021,"11.23","Patch 11.23 notes","2021-11-19","Evelynn","bugfix",0,0,1,"unstated","","Hotfix: no longer appears translucent while in passive stealth","https://www.leagueoflegends.com/en-us/news/game-updates/patch-11-23-notes/"
2021,"11.24","Patch 11.24 notes","2021-12-08","Caitlyn","buff",2,0,0,"revert","11.23","Headshot resets partially restored after ASU removal, refactored smoother; revive headshot bugfix","https://www.leagueoflegends.com/en-us/news/game-updates/patch-11-24-notes/"
2021,"11.24","Patch 11.24 notes","2021-12-08","Camille","nerf",2,0,0,"general","","W outer-cone damage reduced and E cooldown raised late; too mobile for damage","https://www.leagueoflegends.com/en-us/news/game-updates/patch-11-24-notes/"
2021,"11.24","Patch 11.24 notes","2021-12-08","Ivern","buff",2,0,0,"general","","Freeing Krugs now grants much more experience and gold","https://www.leagueoflegends.com/en-us/news/game-updates/patch-11-24-notes/"
2021,"11.24","Patch 11.24 notes","2021-12-08","Kayle","buff",1,0,0,"system_compensation","","Passive wave distance scales with bonus attack range, e.g. from Lethal Tempo","https://www.leagueoflegends.com/en-us/news/game-updates/patch-11-24-notes/"
2021,"11.24","Patch 11.24 notes","2021-12-08","Kled","adjust",0,0,0,"general","","Skaarl health now base health, items add bonus health; E cooldown and ratio buffed","https://www.leagueoflegends.com/en-us/news/game-updates/patch-11-24-notes/"
2021,"11.24","Patch 11.24 notes","2021-12-08","Twitch","buff",1,0,0,"system_compensation","","R bolt travel distance now scales with bonus attack range","https://www.leagueoflegends.com/en-us/news/game-updates/patch-11-24-notes/"
2021,"11.24","Patch 11.24 notes","2021-12-08","Samira","buff",1,0,0,"general","","R mana cost removed; running out of mana for ult felt bad","https://www.leagueoflegends.com/en-us/news/game-updates/patch-11-24-notes/"
2021,"11.24","Patch 11.24 notes","2021-12-08","Urgot","buff",1,0,0,"system_compensation","","Passive and W attack ranges scale with bonus attack range for Lethal Tempo","https://www.leagueoflegends.com/en-us/news/game-updates/patch-11-24-notes/"
2021,"11.24","Patch 11.24 notes","2021-12-15","Dr. Mundo","nerf",2,0,1,"general","","Hotfix: base health regen and Q minimum damage reduced; too strong in top lane","https://www.leagueoflegends.com/en-us/news/game-updates/patch-11-24-notes/"
2021,"11.24","Patch 11.24 notes","2021-12-15","Gwen","buff",2,0,1,"general","","Hotfix: base health and health growth increased; weak, especially with Lethal Tempo","https://www.leagueoflegends.com/en-us/news/game-updates/patch-11-24-notes/"
2021,"11.24","Patch 11.24 notes","2021-12-15","Kai'Sa","buff",3,0,1,"system_compensation","","Hotfix: passive, Q and W buffed; fell further due to meta and preseason (pro priority noted)","https://www.leagueoflegends.com/en-us/news/game-updates/patch-11-24-notes/"
2021,"11.24","Patch 11.24 notes","2021-12-15","Kassadin","nerf",2,0,1,"general","","Hotfix: passive magic damage reduction and W damage reduced; too strong in lane","https://www.leagueoflegends.com/en-us/news/game-updates/patch-11-24-notes/"
2021,"11.24","Patch 11.24 notes","2021-12-15","Lux","nerf",2,0,1,"general","","Hotfix: Q cooldown flat 11s and base damage reduced; too strong mid, popular support","https://www.leagueoflegends.com/en-us/news/game-updates/patch-11-24-notes/"
2021,"11.24","Patch 11.24 notes","2021-12-15","Olaf","buff",2,0,1,"revert","","Hotfix: passive max attack speed 75% to 100%, reverting a previous nerf","https://www.leagueoflegends.com/en-us/news/game-updates/patch-11-24-notes/"
2021,"11.24","Patch 11.24 notes","2021-12-15","Pyke","buff",2,0,1,"general","","Hotfix: passive regen near allies and Q damage increased; a bit weak","https://www.leagueoflegends.com/en-us/news/game-updates/patch-11-24-notes/"
2021,"11.24","Patch 11.24 notes","2021-12-15","Talon","nerf",1,1,1,"general","","Hotfix: W monster damage 150% to 130%; jungle Talon a nightmare in high elo; Q bugfixes","https://www.leagueoflegends.com/en-us/news/game-updates/patch-11-24-notes/"
2021,"11.24","Patch 11.24 notes","2021-12-15","Varus","buff",2,0,1,"general","","Hotfix: passive duration scales and W on-hit/AP ratios up for non-lethality builds","https://www.leagueoflegends.com/en-us/news/game-updates/patch-11-24-notes/"
2021,"11.24","Patch 11.24 notes","2021-12-15","Vayne","nerf",2,0,1,"general","","Hotfix: R bonus AD reduced by 10; too strong even accounting for items","https://www.leagueoflegends.com/en-us/news/game-updates/patch-11-24-notes/"
2021,"11.24","Patch 11.24 notes","2021-12-15","Skarner","bugfix",0,0,1,"unstated","","Hotfix: attacking an E-marked champion immediately now consumes the mark","https://www.leagueoflegends.com/en-us/news/game-updates/patch-11-24-notes/"
